pulled_on,published_at,video_id,title,views,likes,comments,url
2026-06-05,2026-06-05T21:14:57Z,RWQXRTOnyHU,"It is not that we have a short time to live, but that we waste much of | Seneca",0,0,0,https://youtube.com/shorts/RWQXRTOnyHU
2026-06-05,2026-06-05T04:17:30Z,zUrV8WyfCYQ,"It is not that we have a short time to live, but that we waste much of | Seneca",374,15,0,https://youtube.com/shorts/zUrV8WyfCYQ
2026-06-06,2026-06-06T20:23:02Z,IacNDtMzEns,"It is not that we have a short time to live, but that we waste much of | Seneca",0,0,0,https://youtube.com/shorts/IacNDtMzEns
2026-06-06,2026-06-05T21:14:57Z,RWQXRTOnyHU,"It is not that we have a short time to live, but that we waste much of | Seneca",0,0,0,https://youtube.com/shorts/RWQXRTOnyHU
2026-06-06,2026-06-05T04:17:30Z,zUrV8WyfCYQ,"It is not that we have a short time to live, but that we waste much of | Seneca",376,15,0,https://youtube.com/shorts/zUrV8WyfCYQ
2026-06-07,2026-06-07T20:47:38Z,Vf1sBzz3bQ4,"It is not that we have a short time to live, but that we waste much of | Seneca",140,8,0,https://youtube.com/shorts/Vf1sBzz3bQ4
2026-06-07,2026-06-06T20:23:02Z,IacNDtMzEns,"It is not that we have a short time to live, but that we waste much of | Seneca",0,0,0,https://youtube.com/shorts/IacNDtMzEns
2026-06-07,2026-06-05T21:14:57Z,RWQXRTOnyHU,"It is not that we have a short time to live, but that we waste much of | Seneca",0,0,0,https://youtube.com/shorts/RWQXRTOnyHU
2026-06-07,2026-06-05T04:17:30Z,zUrV8WyfCYQ,"It is not that we have a short time to live, but that we waste much of | Seneca",376,15,0,https://youtube.com/shorts/zUrV8WyfCYQ
2026-06-08,2026-06-08T22:14:22Z,ajjwpsngSoc,"If you want to improve, be content to be seen as clueless or foolish i | Epictetus",41,3,0,https://youtube.com/shorts/ajjwpsngSoc
2026-06-08,2026-06-08T03:22:45Z,6C4AoNDU-2U,It is impossible for a man to learn what he thinks he already knows. | Epictetus,833,30,1,https://youtube.com/shorts/6C4AoNDU-2U
2026-06-08,2026-06-07T20:47:38Z,Vf1sBzz3bQ4,"It is not that we have a short time to live, but that we waste much of | Seneca",537,19,2,https://youtube.com/shorts/Vf1sBzz3bQ4
2026-06-08,2026-06-06T20:23:02Z,IacNDtMzEns,"It is not that we have a short time to live, but that we waste much of | Seneca",4,0,0,https://youtube.com/shorts/IacNDtMzEns
2026-06-08,2026-06-05T21:14:57Z,RWQXRTOnyHU,"It is not that we have a short time to live, but that we waste much of | Seneca",4,0,0,https://youtube.com/shorts/RWQXRTOnyHU
2026-06-08,2026-06-05T04:17:30Z,zUrV8WyfCYQ,"It is not that we have a short time to live, but that we waste much of | Seneca",380,15,0,https://youtube.com/shorts/zUrV8WyfCYQ
2026-06-09,2026-06-09T22:03:55Z,YBWrR2JXG5M,"Whatever anyone does or says, I must be good. Like gold or emerald, ke | Marcus Aurelius",220,10,0,https://youtube.com/shorts/YBWrR2JXG5M
2026-06-09,2026-06-09T11:11:17Z,62_DzzBs1N0,"At dawn, when you struggle to rise, tell yourself: I am getting up to  | Marcus Aurelius",1017,41,3,https://youtube.com/shorts/62_DzzBs1N0
2026-06-09,2026-06-08T22:14:22Z,ajjwpsngSoc,"If you want to improve, be content to be seen as clueless or foolish i | Epictetus",500,29,0,https://youtube.com/shorts/ajjwpsngSoc
2026-06-09,2026-06-08T03:22:45Z,6C4AoNDU-2U,It is impossible for a man to learn what he thinks he already knows. | Epictetus,892,34,1,https://youtube.com/shorts/6C4AoNDU-2U
2026-06-09,2026-06-07T20:47:38Z,Vf1sBzz3bQ4,"It is not that we have a short time to live, but that we waste much of | Seneca",565,23,2,https://youtube.com/shorts/Vf1sBzz3bQ4
2026-06-09,2026-06-06T20:23:02Z,IacNDtMzEns,"It is not that we have a short time to live, but that we waste much of | Seneca",19,2,0,https://youtube.com/shorts/IacNDtMzEns
2026-06-09,2026-06-05T21:14:57Z,RWQXRTOnyHU,"It is not that we have a short time to live, but that we waste much of | Seneca",4,0,0,https://youtube.com/shorts/RWQXRTOnyHU
2026-06-09,2026-06-05T04:17:30Z,zUrV8WyfCYQ,"It is not that we have a short time to live, but that we waste much of | Seneca",382,15,0,https://youtube.com/shorts/zUrV8WyfCYQ
2026-06-11,2026-06-10T22:35:08Z,lXFma-NtLa8,"The fates guide the willing, but drag the unwilling. | Cleanthes",66,1,0,https://youtube.com/shorts/lXFma-NtLa8
2026-06-11,2026-06-10T21:47:50Z,n8MItlfdgB8,"We have two ears and one mouth, so we should listen more than we speak | Zeno of Citium",129,8,1,https://youtube.com/shorts/n8MItlfdgB8
2026-06-11,2026-06-10T01:03:10Z,v7_1bygaoI0,"Of things that exist, some are in our power, and some are not. We shou | Musonius Rufus",1044,30,0,https://youtube.com/shorts/v7_1bygaoI0
2026-06-11,2026-06-10T00:22:46Z,paiLb6IFvbk,You are living as if destined to live forever; your own frailty never  | Seneca,886,31,1,https://youtube.com/shorts/paiLb6IFvbk
2026-06-11,2026-06-09T22:03:55Z,YBWrR2JXG5M,"Whatever anyone does or says, I must be good. Like gold or emerald, ke | Marcus Aurelius",874,23,1,https://youtube.com/shorts/YBWrR2JXG5M
2026-06-11,2026-06-09T11:11:17Z,62_DzzBs1N0,"At dawn, when you struggle to rise, tell yourself: I am getting up to  | Marcus Aurelius",1035,45,3,https://youtube.com/shorts/62_DzzBs1N0
2026-06-11,2026-06-08T22:14:22Z,ajjwpsngSoc,"If you want to improve, be content to be seen as clueless or foolish i | Epictetus",553,36,0,https://youtube.com/shorts/ajjwpsngSoc
2026-06-11,2026-06-08T03:22:45Z,6C4AoNDU-2U,It is impossible for a man to learn what he thinks he already knows. | Epictetus,922,37,1,https://youtube.com/shorts/6C4AoNDU-2U
2026-06-11,2026-06-07T20:47:38Z,Vf1sBzz3bQ4,"It is not that we have a short time to live, but that we waste much of | Seneca",568,24,2,https://youtube.com/shorts/Vf1sBzz3bQ4
2026-06-11,2026-06-06T20:23:02Z,IacNDtMzEns,"It is not that we have a short time to live, but that we waste much of | Seneca",19,2,0,https://youtube.com/shorts/IacNDtMzEns
2026-06-11,2026-06-05T21:14:57Z,RWQXRTOnyHU,"It is not that we have a short time to live, but that we waste much of | Seneca",4,0,0,https://youtube.com/shorts/RWQXRTOnyHU
2026-06-11,2026-06-05T04:17:30Z,zUrV8WyfCYQ,"It is not that we have a short time to live, but that we waste much of | Seneca",382,15,0,https://youtube.com/shorts/zUrV8WyfCYQ
2026-06-12,2026-06-11T22:33:14Z,xYkjvnUmb6s,Living virtuously is equal to living in accordance with experience of  | Chrysippus,137,2,0,https://youtube.com/shorts/xYkjvnUmb6s
2026-06-12,2026-06-10T22:35:08Z,lXFma-NtLa8,"The fates guide the willing, but drag the unwilling. | Cleanthes",147,4,0,https://youtube.com/shorts/lXFma-NtLa8
2026-06-12,2026-06-10T21:47:50Z,n8MItlfdgB8,"We have two ears and one mouth, so we should listen more than we speak | Zeno of Citium",554,17,1,https://youtube.com/shorts/n8MItlfdgB8
2026-06-12,2026-06-10T01:03:10Z,v7_1bygaoI0,"Of things that exist, some are in our power, and some are not. We shou | Musonius Rufus",1047,30,0,https://youtube.com/shorts/v7_1bygaoI0
2026-06-12,2026-06-10T00:22:46Z,paiLb6IFvbk,You are living as if destined to live forever; your own frailty never  | Seneca,921,37,1,https://youtube.com/shorts/paiLb6IFvbk
2026-06-12,2026-06-09T22:03:55Z,YBWrR2JXG5M,"Whatever anyone does or says, I must be good. Like gold or emerald, ke | Marcus Aurelius",919,25,1,https://youtube.com/shorts/YBWrR2JXG5M
2026-06-12,2026-06-09T11:11:17Z,62_DzzBs1N0,"At dawn, when you struggle to rise, tell yourself: I am getting up to  | Marcus Aurelius",1041,48,3,https://youtube.com/shorts/62_DzzBs1N0
2026-06-12,2026-06-08T22:14:22Z,ajjwpsngSoc,"If you want to improve, be content to be seen as clueless or foolish i | Epictetus",559,36,0,https://youtube.com/shorts/ajjwpsngSoc
2026-06-12,2026-06-08T03:22:45Z,6C4AoNDU-2U,It is impossible for a man to learn what he thinks he already knows. | Epictetus,924,37,1,https://youtube.com/shorts/6C4AoNDU-2U
2026-06-12,2026-06-07T20:47:38Z,Vf1sBzz3bQ4,"It is not that we have a short time to live, but that we waste much of | Seneca",568,24,2,https://youtube.com/shorts/Vf1sBzz3bQ4
2026-06-12,2026-06-06T20:23:02Z,IacNDtMzEns,"It is not that we have a short time to live, but that we waste much of | Seneca",19,2,0,https://youtube.com/shorts/IacNDtMzEns
2026-06-12,2026-06-05T21:14:57Z,RWQXRTOnyHU,"It is not that we have a short time to live, but that we waste much of | Seneca",4,0,0,https://youtube.com/shorts/RWQXRTOnyHU
2026-06-12,2026-06-05T04:17:30Z,zUrV8WyfCYQ,"It is not that we have a short time to live, but that we waste much of | Seneca",382,15,0,https://youtube.com/shorts/zUrV8WyfCYQ
2026-06-13,2026-06-11T22:33:14Z,xYkjvnUmb6s,Living virtuously is equal to living in accordance with experience of  | Chrysippus,594,11,0,https://youtube.com/shorts/xYkjvnUmb6s
2026-06-13,2026-06-10T22:35:08Z,lXFma-NtLa8,"The fates guide the willing, but drag the unwilling. | Cleanthes",217,8,0,https://youtube.com/shorts/lXFma-NtLa8
2026-06-13,2026-06-10T21:47:50Z,n8MItlfdgB8,"We have two ears and one mouth, so we should listen more than we speak | Zeno of Citium",936,23,1,https://youtube.com/shorts/n8MItlfdgB8
2026-06-13,2026-06-10T01:03:10Z,v7_1bygaoI0,"Of things that exist, some are in our power, and some are not. We shou | Musonius Rufus",1047,30,0,https://youtube.com/shorts/v7_1bygaoI0
2026-06-13,2026-06-10T00:22:46Z,paiLb6IFvbk,You are living as if destined to live forever; your own frailty never  | Seneca,953,39,1,https://youtube.com/shorts/paiLb6IFvbk
2026-06-13,2026-06-09T22:03:55Z,YBWrR2JXG5M,"Whatever anyone does or says, I must be good. Like gold or emerald, ke | Marcus Aurelius",931,26,1,https://youtube.com/shorts/YBWrR2JXG5M
2026-06-13,2026-06-09T11:11:17Z,62_DzzBs1N0,"At dawn, when you struggle to rise, tell yourself: I am getting up to  | Marcus Aurelius",1050,48,4,https://youtube.com/shorts/62_DzzBs1N0
2026-06-13,2026-06-08T22:14:22Z,ajjwpsngSoc,"If you want to improve, be content to be seen as clueless or foolish i | Epictetus",564,36,0,https://youtube.com/shorts/ajjwpsngSoc
2026-06-13,2026-06-08T03:22:45Z,6C4AoNDU-2U,It is impossible for a man to learn what he thinks he already knows. | Epictetus,924,37,1,https://youtube.com/shorts/6C4AoNDU-2U
2026-06-13,2026-06-07T20:47:38Z,Vf1sBzz3bQ4,"It is not that we have a short time to live, but that we waste much of | Seneca",568,24,2,https://youtube.com/shorts/Vf1sBzz3bQ4
2026-06-13,2026-06-06T20:23:02Z,IacNDtMzEns,"It is not that we have a short time to live, but that we waste much of | Seneca",19,2,0,https://youtube.com/shorts/IacNDtMzEns
2026-06-13,2026-06-05T21:14:57Z,RWQXRTOnyHU,"It is not that we have a short time to live, but that we waste much of | Seneca",4,0,0,https://youtube.com/shorts/RWQXRTOnyHU
2026-06-13,2026-06-05T04:17:30Z,zUrV8WyfCYQ,"It is not that we have a short time to live, but that we waste much of | Seneca",382,15,0,https://youtube.com/shorts/zUrV8WyfCYQ
2026-06-13,2026-06-13T17:37:30Z,JDnyFxuDpdI,Day 16 | The duties we owe are generally measured by our relatio — Epictetus,0,0,0,https://youtube.com/shorts/JDnyFxuDpdI
2026-06-13,2026-06-13T03:17:12Z,16EhiiMVOGs,Day 15 | I would rather have a man ask why no statue of me has b — Cato the Younger,79,3,0,https://youtube.com/shorts/16EhiiMVOGs
2026-06-13,2026-06-13T00:36:09Z,oCZC5RaCeDw,"Day 14 | The living being, from the moment of birth, perceives i — Hierocles",249,6,0,https://youtube.com/shorts/oCZC5RaCeDw
2026-06-13,2026-06-11T22:33:14Z,xYkjvnUmb6s,Living virtuously is equal to living in accordance with experience of  | Chrysippus,636,11,0,https://youtube.com/shorts/xYkjvnUmb6s
2026-06-13,2026-06-10T22:35:08Z,lXFma-NtLa8,"The fates guide the willing, but drag the unwilling. | Cleanthes",221,9,0,https://youtube.com/shorts/lXFma-NtLa8
2026-06-13,2026-06-10T21:47:50Z,n8MItlfdgB8,"We have two ears and one mouth, so we should listen more than we speak | Zeno of Citium",939,23,1,https://youtube.com/shorts/n8MItlfdgB8
2026-06-13,2026-06-10T01:03:10Z,v7_1bygaoI0,"Of things that exist, some are in our power, and some are not. We shou | Musonius Rufus",1050,30,0,https://youtube.com/shorts/v7_1bygaoI0
2026-06-13,2026-06-10T00:22:46Z,paiLb6IFvbk,You are living as if destined to live forever; your own frailty never  | Seneca,954,39,1,https://youtube.com/shorts/paiLb6IFvbk
2026-06-13,2026-06-09T22:03:55Z,YBWrR2JXG5M,"Whatever anyone does or says, I must be good. Like gold or emerald, ke | Marcus Aurelius",933,25,1,https://youtube.com/shorts/YBWrR2JXG5M
2026-06-13,2026-06-09T11:11:17Z,62_DzzBs1N0,"At dawn, when you struggle to rise, tell yourself: I am getting up to  | Marcus Aurelius",1055,48,4,https://youtube.com/shorts/62_DzzBs1N0
2026-06-13,2026-06-08T22:14:22Z,ajjwpsngSoc,"If you want to improve, be content to be seen as clueless or foolish i | Epictetus",564,36,0,https://youtube.com/shorts/ajjwpsngSoc
2026-06-13,2026-06-08T03:22:45Z,6C4AoNDU-2U,It is impossible for a man to learn what he thinks he already knows. | Epictetus,924,37,1,https://youtube.com/shorts/6C4AoNDU-2U
2026-06-13,2026-06-07T20:47:38Z,Vf1sBzz3bQ4,"It is not that we have a short time to live, but that we waste much of | Seneca",568,24,2,https://youtube.com/shorts/Vf1sBzz3bQ4
2026-06-13,2026-06-06T20:23:02Z,IacNDtMzEns,"It is not that we have a short time to live, but that we waste much of | Seneca",20,2,0,https://youtube.com/shorts/IacNDtMzEns
2026-06-13,2026-06-05T21:14:57Z,RWQXRTOnyHU,"It is not that we have a short time to live, but that we waste much of | Seneca",4,0,0,https://youtube.com/shorts/RWQXRTOnyHU
2026-06-13,2026-06-13T20:53:18Z,1vW5QlYLtdY,Day 17 | The art of living is more like wrestling than dancing;  — Marcus Aurelius,0,0,0,https://youtube.com/shorts/1vW5QlYLtdY
2026-06-13,2026-06-13T17:37:30Z,JDnyFxuDpdI,Day 16 | The duties we owe are generally measured by our relatio — Epictetus,28,0,0,https://youtube.com/shorts/JDnyFxuDpdI
2026-06-13,2026-06-13T03:17:12Z,16EhiiMVOGs,Day 15 | I would rather have a man ask why no statue of me has b — Cato the Younger,114,5,0,https://youtube.com/shorts/16EhiiMVOGs
2026-06-13,2026-06-13T00:36:09Z,oCZC5RaCeDw,"Day 14 | The living being, from the moment of birth, perceives i — Hierocles",372,7,0,https://youtube.com/shorts/oCZC5RaCeDw
2026-06-13,2026-06-11T22:33:14Z,xYkjvnUmb6s,Living virtuously is equal to living in accordance with experience of  | Chrysippus,638,11,0,https://youtube.com/shorts/xYkjvnUmb6s
2026-06-13,2026-06-10T22:35:08Z,lXFma-NtLa8,"The fates guide the willing, but drag the unwilling. | Cleanthes",224,9,0,https://youtube.com/shorts/lXFma-NtLa8
2026-06-13,2026-06-10T21:47:50Z,n8MItlfdgB8,"We have two ears and one mouth, so we should listen more than we speak | Zeno of Citium",938,23,1,https://youtube.com/shorts/n8MItlfdgB8
2026-06-13,2026-06-10T01:03:10Z,v7_1bygaoI0,"Of things that exist, some are in our power, and some are not. We shou | Musonius Rufus",1050,30,0,https://youtube.com/shorts/v7_1bygaoI0
2026-06-13,2026-06-10T00:22:46Z,paiLb6IFvbk,You are living as if destined to live forever; your own frailty never  | Seneca,955,39,1,https://youtube.com/shorts/paiLb6IFvbk
2026-06-13,2026-06-09T22:03:55Z,YBWrR2JXG5M,"Whatever anyone does or says, I must be good. Like gold or emerald, ke | Marcus Aurelius",933,25,1,https://youtube.com/shorts/YBWrR2JXG5M
2026-06-13,2026-06-09T11:11:17Z,62_DzzBs1N0,"At dawn, when you struggle to rise, tell yourself: I am getting up to  | Marcus Aurelius",1055,48,4,https://youtube.com/shorts/62_DzzBs1N0
2026-06-13,2026-06-08T22:14:22Z,ajjwpsngSoc,"If you want to improve, be content to be seen as clueless or foolish i | Epictetus",564,36,0,https://youtube.com/shorts/ajjwpsngSoc
2026-06-13,2026-06-08T03:22:45Z,6C4AoNDU-2U,It is impossible for a man to learn what he thinks he already knows. | Epictetus,924,37,1,https://youtube.com/shorts/6C4AoNDU-2U
2026-06-13,2026-06-07T20:47:38Z,Vf1sBzz3bQ4,"It is not that we have a short time to live, but that we waste much of | Seneca",568,24,2,https://youtube.com/shorts/Vf1sBzz3bQ4
2026-06-13,2026-06-06T20:23:02Z,IacNDtMzEns,"It is not that we have a short time to live, but that we waste much of | Seneca",20,2,0,https://youtube.com/shorts/IacNDtMzEns
2026-06-13,2026-06-13T20:53:18Z,1vW5QlYLtdY,Day 17 | The art of living is more like wrestling than dancing;  — Marcus Aurelius,2,0,0,https://youtube.com/shorts/1vW5QlYLtdY
2026-06-13,2026-06-13T17:37:30Z,JDnyFxuDpdI,Day 16 | The duties we owe are generally measured by our relatio — Epictetus,44,0,0,https://youtube.com/shorts/JDnyFxuDpdI
2026-06-13,2026-06-13T03:17:12Z,16EhiiMVOGs,Day 15 | I would rather have a man ask why no statue of me has b — Cato the Younger,101,5,0,https://youtube.com/shorts/16EhiiMVOGs
2026-06-13,2026-06-13T00:36:09Z,oCZC5RaCeDw,"Day 14 | The living being, from the moment of birth, perceives i — Hierocles",374,7,0,https://youtube.com/shorts/oCZC5RaCeDw
2026-06-13,2026-06-11T22:33:14Z,xYkjvnUmb6s,Living virtuously is equal to living in accordance with experience of  | Chrysippus,640,11,0,https://youtube.com/shorts/xYkjvnUmb6s
2026-06-13,2026-06-10T22:35:08Z,lXFma-NtLa8,"The fates guide the willing, but drag the unwilling. | Cleanthes",224,9,0,https://youtube.com/shorts/lXFma-NtLa8
2026-06-13,2026-06-10T21:47:50Z,n8MItlfdgB8,"We have two ears and one mouth, so we should listen more than we speak | Zeno of Citium",938,23,1,https://youtube.com/shorts/n8MItlfdgB8
2026-06-13,2026-06-10T01:03:10Z,v7_1bygaoI0,"Of things that exist, some are in our power, and some are not. We shou | Musonius Rufus",1050,30,0,https://youtube.com/shorts/v7_1bygaoI0
2026-06-13,2026-06-10T00:22:46Z,paiLb6IFvbk,You are living as if destined to live forever; your own frailty never  | Seneca,955,39,1,https://youtube.com/shorts/paiLb6IFvbk
2026-06-13,2026-06-09T22:03:55Z,YBWrR2JXG5M,"Whatever anyone does or says, I must be good. Like gold or emerald, ke | Marcus Aurelius",933,25,1,https://youtube.com/shorts/YBWrR2JXG5M
2026-06-13,2026-06-09T11:11:17Z,62_DzzBs1N0,"At dawn, when you struggle to rise, tell yourself: I am getting up to  | Marcus Aurelius",1055,48,4,https://youtube.com/shorts/62_DzzBs1N0
2026-06-13,2026-06-08T22:14:22Z,ajjwpsngSoc,"If you want to improve, be content to be seen as clueless or foolish i | Epictetus",564,36,0,https://youtube.com/shorts/ajjwpsngSoc
2026-06-13,2026-06-08T03:22:45Z,6C4AoNDU-2U,It is impossible for a man to learn what he thinks he already knows. | Epictetus,924,37,1,https://youtube.com/shorts/6C4AoNDU-2U
2026-06-13,2026-06-07T20:47:38Z,Vf1sBzz3bQ4,"It is not that we have a short time to live, but that we waste much of | Seneca",568,24,2,https://youtube.com/shorts/Vf1sBzz3bQ4
2026-06-13,2026-06-06T20:23:02Z,IacNDtMzEns,"It is not that we have a short time to live, but that we waste much of | Seneca",20,2,0,https://youtube.com/shorts/IacNDtMzEns
2026-06-14,2026-06-14T20:51:12Z,6gK4rVgWGeA,"Day 18 | While we wait to live, life passes. Nothing belongs to  — Seneca",0,0,0,https://youtube.com/shorts/6gK4rVgWGeA
2026-06-14,2026-06-13T20:53:18Z,1vW5QlYLtdY,Day 17 | The art of living is more like wrestling than dancing;  — Marcus Aurelius,163,3,0,https://youtube.com/shorts/1vW5QlYLtdY
2026-06-14,2026-06-13T17:37:30Z,JDnyFxuDpdI,Day 16 | The duties we owe are generally measured by our relatio — Epictetus,94,4,0,https://youtube.com/shorts/JDnyFxuDpdI
2026-06-14,2026-06-13T03:17:12Z,16EhiiMVOGs,Day 15 | I would rather have a man ask why no statue of me has b — Cato the Younger,154,6,0,https://youtube.com/shorts/16EhiiMVOGs
2026-06-14,2026-06-13T00:36:09Z,oCZC5RaCeDw,"Day 14 | The living being, from the moment of birth, perceives i — Hierocles",620,14,0,https://youtube.com/shorts/oCZC5RaCeDw
2026-06-14,2026-06-11T22:33:14Z,xYkjvnUmb6s,Living virtuously is equal to living in accordance with experience of  | Chrysippus,646,11,0,https://youtube.com/shorts/xYkjvnUmb6s
2026-06-14,2026-06-10T22:35:08Z,lXFma-NtLa8,"The fates guide the willing, but drag the unwilling. | Cleanthes",223,9,0,https://youtube.com/shorts/lXFma-NtLa8
2026-06-14,2026-06-10T21:47:50Z,n8MItlfdgB8,"We have two ears and one mouth, so we should listen more than we speak | Zeno of Citium",940,23,1,https://youtube.com/shorts/n8MItlfdgB8
2026-06-14,2026-06-10T01:03:10Z,v7_1bygaoI0,"Of things that exist, some are in our power, and some are not. We shou | Musonius Rufus",1054,30,0,https://youtube.com/shorts/v7_1bygaoI0
2026-06-14,2026-06-10T00:22:46Z,paiLb6IFvbk,You are living as if destined to live forever; your own frailty never  | Seneca,956,39,1,https://youtube.com/shorts/paiLb6IFvbk
2026-06-14,2026-06-09T22:03:55Z,YBWrR2JXG5M,"Whatever anyone does or says, I must be good. Like gold or emerald, ke | Marcus Aurelius",934,25,1,https://youtube.com/shorts/YBWrR2JXG5M
2026-06-14,2026-06-09T11:11:17Z,62_DzzBs1N0,"At dawn, when you struggle to rise, tell yourself: I am getting up to  | Marcus Aurelius",1057,48,4,https://youtube.com/shorts/62_DzzBs1N0
2026-06-14,2026-06-08T22:14:22Z,ajjwpsngSoc,"If you want to improve, be content to be seen as clueless or foolish i | Epictetus",565,36,0,https://youtube.com/shorts/ajjwpsngSoc
2026-06-14,2026-06-08T03:22:45Z,6C4AoNDU-2U,It is impossible for a man to learn what he thinks he already knows. | Epictetus,925,37,1,https://youtube.com/shorts/6C4AoNDU-2U
2026-06-14,2026-06-07T20:47:38Z,Vf1sBzz3bQ4,"It is not that we have a short time to live, but that we waste much of | Seneca",568,24,2,https://youtube.com/shorts/Vf1sBzz3bQ4
2026-06-14,2026-06-14T20:51:12Z,6gK4rVgWGeA,"Day 18 | While we wait to live, life passes. Nothing belongs to  — Seneca",4,0,0,https://youtube.com/shorts/6gK4rVgWGeA
2026-06-14,2026-06-13T20:53:18Z,1vW5QlYLtdY,Day 17 | The art of living is more like wrestling than dancing;  — Marcus Aurelius,172,3,0,https://youtube.com/shorts/1vW5QlYLtdY
2026-06-14,2026-06-13T17:37:30Z,JDnyFxuDpdI,Day 16 | The duties we owe are generally measured by our relatio — Epictetus,115,4,0,https://youtube.com/shorts/JDnyFxuDpdI
2026-06-14,2026-06-13T03:17:12Z,16EhiiMVOGs,Day 15 | I would rather have a man ask why no statue of me has b — Cato the Younger,155,6,0,https://youtube.com/shorts/16EhiiMVOGs
2026-06-14,2026-06-13T00:36:09Z,oCZC5RaCeDw,"Day 14 | The living being, from the moment of birth, perceives i — Hierocles",625,16,0,https://youtube.com/shorts/oCZC5RaCeDw
2026-06-14,2026-06-11T22:33:14Z,xYkjvnUmb6s,Living virtuously is equal to living in accordance with experience of  | Chrysippus,646,11,0,https://youtube.com/shorts/xYkjvnUmb6s
2026-06-14,2026-06-10T22:35:08Z,lXFma-NtLa8,"The fates guide the willing, but drag the unwilling. | Cleanthes",223,9,0,https://youtube.com/shorts/lXFma-NtLa8
2026-06-14,2026-06-10T21:47:50Z,n8MItlfdgB8,"We have two ears and one mouth, so we should listen more than we speak | Zeno of Citium",940,23,1,https://youtube.com/shorts/n8MItlfdgB8
2026-06-14,2026-06-10T01:03:10Z,v7_1bygaoI0,"Of things that exist, some are in our power, and some are not. We shou | Musonius Rufus",1054,30,0,https://youtube.com/shorts/v7_1bygaoI0
2026-06-14,2026-06-10T00:22:46Z,paiLb6IFvbk,You are living as if destined to live forever; your own frailty never  | Seneca,956,39,1,https://youtube.com/shorts/paiLb6IFvbk
2026-06-14,2026-06-09T22:03:55Z,YBWrR2JXG5M,"Whatever anyone does or says, I must be good. Like gold or emerald, ke | Marcus Aurelius",934,25,1,https://youtube.com/shorts/YBWrR2JXG5M
2026-06-14,2026-06-09T11:11:17Z,62_DzzBs1N0,"At dawn, when you struggle to rise, tell yourself: I am getting up to  | Marcus Aurelius",1057,48,4,https://youtube.com/shorts/62_DzzBs1N0
2026-06-14,2026-06-08T22:14:22Z,ajjwpsngSoc,"If you want to improve, be content to be seen as clueless or foolish i | Epictetus",565,36,0,https://youtube.com/shorts/ajjwpsngSoc
2026-06-14,2026-06-08T03:22:45Z,6C4AoNDU-2U,It is impossible for a man to learn what he thinks he already knows. | Epictetus,925,37,1,https://youtube.com/shorts/6C4AoNDU-2U
2026-06-14,2026-06-07T20:47:38Z,Vf1sBzz3bQ4,"It is not that we have a short time to live, but that we waste much of | Seneca",568,24,2,https://youtube.com/shorts/Vf1sBzz3bQ4
2026-06-15,2026-06-15T23:14:16Z,qL48RlSTrkM,"Day 11 | Cleanliness of the body is fitting, but to seem better  — Musonius Rufus",0,0,0,https://youtube.com/shorts/qL48RlSTrkM
2026-06-15,2026-06-14T20:51:12Z,6gK4rVgWGeA,"Day 18 | While we wait to live, life passes. Nothing belongs to  — Seneca",326,8,1,https://youtube.com/shorts/6gK4rVgWGeA
2026-06-15,2026-06-13T20:53:18Z,1vW5QlYLtdY,Day 17 | The art of living is more like wrestling than dancing;  — Marcus Aurelius,290,5,0,https://youtube.com/shorts/1vW5QlYLtdY
2026-06-15,2026-06-13T17:37:30Z,JDnyFxuDpdI,Day 16 | The duties we owe are generally measured by our relatio — Epictetus,125,4,0,https://youtube.com/shorts/JDnyFxuDpdI
2026-06-15,2026-06-13T03:17:12Z,16EhiiMVOGs,Day 15 | I would rather have a man ask why no statue of me has b — Cato the Younger,158,6,0,https://youtube.com/shorts/16EhiiMVOGs
2026-06-15,2026-06-13T00:36:09Z,oCZC5RaCeDw,"Day 14 | The living being, from the moment of birth, perceives i — Hierocles",630,16,0,https://youtube.com/shorts/oCZC5RaCeDw
2026-06-15,2026-06-11T22:33:14Z,xYkjvnUmb6s,Living virtuously is equal to living in accordance with experience of  | Chrysippus,647,11,0,https://youtube.com/shorts/xYkjvnUmb6s
2026-06-15,2026-06-10T22:35:08Z,lXFma-NtLa8,"The fates guide the willing, but drag the unwilling. | Cleanthes",223,9,0,https://youtube.com/shorts/lXFma-NtLa8
2026-06-15,2026-06-10T21:47:50Z,n8MItlfdgB8,"We have two ears and one mouth, so we should listen more than we speak | Zeno of Citium",940,23,2,https://youtube.com/shorts/n8MItlfdgB8
2026-06-15,2026-06-10T01:03:10Z,v7_1bygaoI0,"Of things that exist, some are in our power, and some are not. We shou | Musonius Rufus",1056,30,0,https://youtube.com/shorts/v7_1bygaoI0
2026-06-15,2026-06-10T00:22:46Z,paiLb6IFvbk,You are living as if destined to live forever; your own frailty never  | Seneca,956,39,2,https://youtube.com/shorts/paiLb6IFvbk
2026-06-15,2026-06-09T22:03:55Z,YBWrR2JXG5M,"Whatever anyone does or says, I must be good. Like gold or emerald, ke | Marcus Aurelius",934,25,2,https://youtube.com/shorts/YBWrR2JXG5M
2026-06-15,2026-06-09T11:11:17Z,62_DzzBs1N0,"At dawn, when you struggle to rise, tell yourself: I am getting up to  | Marcus Aurelius",1057,48,5,https://youtube.com/shorts/62_DzzBs1N0
2026-06-15,2026-06-08T22:14:22Z,ajjwpsngSoc,"If you want to improve, be content to be seen as clueless or foolish i | Epictetus",565,36,0,https://youtube.com/shorts/ajjwpsngSoc
2026-06-15,2026-06-08T03:22:45Z,6C4AoNDU-2U,It is impossible for a man to learn what he thinks he already knows. | Epictetus,925,37,1,https://youtube.com/shorts/6C4AoNDU-2U
2026-06-16,2026-06-15T23:14:16Z,qL48RlSTrkM,"Day 11 | Cleanliness of the body is fitting, but to seem better  — Musonius Rufus",2,0,0,https://youtube.com/shorts/qL48RlSTrkM
2026-06-16,2026-06-14T20:51:12Z,6gK4rVgWGeA,"Day 18 | While we wait to live, life passes. Nothing belongs to  — Seneca",364,9,1,https://youtube.com/shorts/6gK4rVgWGeA
2026-06-16,2026-06-13T20:53:18Z,1vW5QlYLtdY,Day 17 | The art of living is more like wrestling than dancing;  — Marcus Aurelius,288,5,0,https://youtube.com/shorts/1vW5QlYLtdY
2026-06-16,2026-06-13T17:37:30Z,JDnyFxuDpdI,Day 16 | The duties we owe are generally measured by our relatio — Epictetus,125,4,0,https://youtube.com/shorts/JDnyFxuDpdI
2026-06-16,2026-06-13T03:17:12Z,16EhiiMVOGs,Day 15 | I would rather have a man ask why no statue of me has b — Cato the Younger,158,6,0,https://youtube.com/shorts/16EhiiMVOGs
2026-06-16,2026-06-13T00:36:09Z,oCZC5RaCeDw,"Day 14 | The living being, from the moment of birth, perceives i — Hierocles",630,16,0,https://youtube.com/shorts/oCZC5RaCeDw
2026-06-16,2026-06-11T22:33:14Z,xYkjvnUmb6s,Living virtuously is equal to living in accordance with experience of  | Chrysippus,647,11,0,https://youtube.com/shorts/xYkjvnUmb6s
2026-06-16,2026-06-10T22:35:08Z,lXFma-NtLa8,"The fates guide the willing, but drag the unwilling. | Cleanthes",223,9,0,https://youtube.com/shorts/lXFma-NtLa8
2026-06-16,2026-06-10T21:47:50Z,n8MItlfdgB8,"We have two ears and one mouth, so we should listen more than we speak | Zeno of Citium",940,23,2,https://youtube.com/shorts/n8MItlfdgB8
2026-06-16,2026-06-10T01:03:10Z,v7_1bygaoI0,"Of things that exist, some are in our power, and some are not. We shou | Musonius Rufus",1056,30,0,https://youtube.com/shorts/v7_1bygaoI0
2026-06-16,2026-06-10T00:22:46Z,paiLb6IFvbk,You are living as if destined to live forever; your own frailty never  | Seneca,956,39,2,https://youtube.com/shorts/paiLb6IFvbk
2026-06-16,2026-06-09T22:03:55Z,YBWrR2JXG5M,"Whatever anyone does or says, I must be good. Like gold or emerald, ke | Marcus Aurelius",934,25,2,https://youtube.com/shorts/YBWrR2JXG5M
2026-06-16,2026-06-09T11:11:17Z,62_DzzBs1N0,"At dawn, when you struggle to rise, tell yourself: I am getting up to  | Marcus Aurelius",1057,48,5,https://youtube.com/shorts/62_DzzBs1N0
2026-06-16,2026-06-08T22:14:22Z,ajjwpsngSoc,"If you want to improve, be content to be seen as clueless or foolish i | Epictetus",565,36,0,https://youtube.com/shorts/ajjwpsngSoc
2026-06-16,2026-06-08T03:22:45Z,6C4AoNDU-2U,It is impossible for a man to learn what he thinks he already knows. | Epictetus,925,37,1,https://youtube.com/shorts/6C4AoNDU-2U
2026-06-16,2026-06-15T23:14:16Z,qL48RlSTrkM,"Day 11 | Cleanliness of the body is fitting, but to seem better  — Musonius Rufus",134,1,0,https://youtube.com/shorts/qL48RlSTrkM
2026-06-16,2026-06-14T20:51:12Z,6gK4rVgWGeA,"Day 18 | While we wait to live, life passes. Nothing belongs to  — Seneca",412,10,1,https://youtube.com/shorts/6gK4rVgWGeA
2026-06-16,2026-06-13T20:53:18Z,1vW5QlYLtdY,Day 17 | The art of living is more like wrestling than dancing;  — Marcus Aurelius,292,5,0,https://youtube.com/shorts/1vW5QlYLtdY
2026-06-16,2026-06-13T17:37:30Z,JDnyFxuDpdI,Day 16 | The duties we owe are generally measured by our relatio — Epictetus,126,4,0,https://youtube.com/shorts/JDnyFxuDpdI
2026-06-16,2026-06-13T03:17:12Z,16EhiiMVOGs,Day 15 | I would rather have a man ask why no statue of me has b — Cato the Younger,158,6,0,https://youtube.com/shorts/16EhiiMVOGs
2026-06-16,2026-06-13T00:36:09Z,oCZC5RaCeDw,"Day 14 | The living being, from the moment of birth, perceives i — Hierocles",638,16,0,https://youtube.com/shorts/oCZC5RaCeDw
2026-06-16,2026-06-11T22:33:14Z,xYkjvnUmb6s,Living virtuously is equal to living in accordance with experience of  | Chrysippus,648,11,0,https://youtube.com/shorts/xYkjvnUmb6s
2026-06-16,2026-06-10T22:35:08Z,lXFma-NtLa8,"The fates guide the willing, but drag the unwilling. | Cleanthes",219,9,0,https://youtube.com/shorts/lXFma-NtLa8
2026-06-16,2026-06-10T21:47:50Z,n8MItlfdgB8,"We have two ears and one mouth, so we should listen more than we speak | Zeno of Citium",940,23,2,https://youtube.com/shorts/n8MItlfdgB8
2026-06-16,2026-06-10T01:03:10Z,v7_1bygaoI0,"Of things that exist, some are in our power, and some are not. We shou | Musonius Rufus",1054,30,0,https://youtube.com/shorts/v7_1bygaoI0
2026-06-16,2026-06-10T00:22:46Z,paiLb6IFvbk,You are living as if destined to live forever; your own frailty never  | Seneca,956,39,2,https://youtube.com/shorts/paiLb6IFvbk
2026-06-16,2026-06-09T22:03:55Z,YBWrR2JXG5M,"Whatever anyone does or says, I must be good. Like gold or emerald, ke | Marcus Aurelius",934,25,2,https://youtube.com/shorts/YBWrR2JXG5M
2026-06-16,2026-06-09T11:11:17Z,62_DzzBs1N0,"At dawn, when you struggle to rise, tell yourself: I am getting up to  | Marcus Aurelius",1051,48,5,https://youtube.com/shorts/62_DzzBs1N0
2026-06-16,2026-06-08T22:14:22Z,ajjwpsngSoc,"If you want to improve, be content to be seen as clueless or foolish i | Epictetus",565,36,0,https://youtube.com/shorts/ajjwpsngSoc
2026-06-16,2026-06-08T03:22:45Z,6C4AoNDU-2U,It is impossible for a man to learn what he thinks he already knows. | Epictetus,925,37,1,https://youtube.com/shorts/6C4AoNDU-2U
2026-06-17,2026-06-16T23:00:44Z,sKmNkVEAiiU,"Day 12 | If I followed the crowd, I would not be a philosopher. — Chrysippus",20,1,0,https://youtube.com/shorts/sKmNkVEAiiU
2026-06-17,2026-06-15T23:14:16Z,qL48RlSTrkM,"Day 11 | Cleanliness of the body is fitting, but to seem better  — Musonius Rufus",133,1,0,https://youtube.com/shorts/qL48RlSTrkM
2026-06-17,2026-06-14T20:51:12Z,6gK4rVgWGeA,"Day 18 | While we wait to live, life passes. Nothing belongs to  — Seneca",416,10,1,https://youtube.com/shorts/6gK4rVgWGeA
2026-06-17,2026-06-13T20:53:18Z,1vW5QlYLtdY,Day 17 | The art of living is more like wrestling than dancing;  — Marcus Aurelius,292,5,0,https://youtube.com/shorts/1vW5QlYLtdY
2026-06-17,2026-06-13T17:37:30Z,JDnyFxuDpdI,Day 16 | The duties we owe are generally measured by our relatio — Epictetus,126,4,0,https://youtube.com/shorts/JDnyFxuDpdI
2026-06-17,2026-06-13T03:17:12Z,16EhiiMVOGs,Day 15 | I would rather have a man ask why no statue of me has b — Cato the Younger,158,6,0,https://youtube.com/shorts/16EhiiMVOGs
2026-06-17,2026-06-13T00:36:09Z,oCZC5RaCeDw,"Day 14 | The living being, from the moment of birth, perceives i — Hierocles",638,16,0,https://youtube.com/shorts/oCZC5RaCeDw
2026-06-17,2026-06-11T22:33:14Z,xYkjvnUmb6s,Living virtuously is equal to living in accordance with experience of  | Chrysippus,648,11,0,https://youtube.com/shorts/xYkjvnUmb6s
2026-06-17,2026-06-10T22:35:08Z,lXFma-NtLa8,"The fates guide the willing, but drag the unwilling. | Cleanthes",219,9,0,https://youtube.com/shorts/lXFma-NtLa8
2026-06-17,2026-06-10T21:47:50Z,n8MItlfdgB8,"We have two ears and one mouth, so we should listen more than we speak | Zeno of Citium",940,23,2,https://youtube.com/shorts/n8MItlfdgB8
2026-06-17,2026-06-10T01:03:10Z,v7_1bygaoI0,"Of things that exist, some are in our power, and some are not. We shou | Musonius Rufus",1054,30,0,https://youtube.com/shorts/v7_1bygaoI0
2026-06-17,2026-06-10T00:22:46Z,paiLb6IFvbk,You are living as if destined to live forever; your own frailty never  | Seneca,956,39,2,https://youtube.com/shorts/paiLb6IFvbk
2026-06-17,2026-06-09T22:03:55Z,YBWrR2JXG5M,"Whatever anyone does or says, I must be good. Like gold or emerald, ke | Marcus Aurelius",934,25,2,https://youtube.com/shorts/YBWrR2JXG5M
2026-06-17,2026-06-09T11:11:17Z,62_DzzBs1N0,"At dawn, when you struggle to rise, tell yourself: I am getting up to  | Marcus Aurelius",1051,48,5,https://youtube.com/shorts/62_DzzBs1N0
2026-06-17,2026-06-08T22:14:22Z,ajjwpsngSoc,"If you want to improve, be content to be seen as clueless or foolish i | Epictetus",565,36,0,https://youtube.com/shorts/ajjwpsngSoc
2026-06-17,2026-06-16T23:00:44Z,sKmNkVEAiiU,"Day 12 | If I followed the crowd, I would not be a philosopher. — Chrysippus",208,6,0,https://youtube.com/shorts/sKmNkVEAiiU
2026-06-17,2026-06-15T23:14:16Z,qL48RlSTrkM,"Day 11 | Cleanliness of the body is fitting, but to seem better  — Musonius Rufus",171,1,0,https://youtube.com/shorts/qL48RlSTrkM
2026-06-17,2026-06-14T20:51:12Z,6gK4rVgWGeA,"Day 18 | While we wait to live, life passes. Nothing belongs to  — Seneca",418,10,1,https://youtube.com/shorts/6gK4rVgWGeA
2026-06-17,2026-06-13T20:53:18Z,1vW5QlYLtdY,Day 17 | The art of living is more like wrestling than dancing;  — Marcus Aurelius,292,5,0,https://youtube.com/shorts/1vW5QlYLtdY
2026-06-17,2026-06-13T17:37:30Z,JDnyFxuDpdI,Day 16 | The duties we owe are generally measured by our relatio — Epictetus,126,4,0,https://youtube.com/shorts/JDnyFxuDpdI
2026-06-17,2026-06-13T03:17:12Z,16EhiiMVOGs,Day 15 | I would rather have a man ask why no statue of me has b — Cato the Younger,158,6,0,https://youtube.com/shorts/16EhiiMVOGs
2026-06-17,2026-06-13T00:36:09Z,oCZC5RaCeDw,"Day 14 | The living being, from the moment of birth, perceives i — Hierocles",639,16,0,https://youtube.com/shorts/oCZC5RaCeDw
2026-06-17,2026-06-11T22:33:14Z,xYkjvnUmb6s,Living virtuously is equal to living in accordance with experience of  | Chrysippus,644,12,0,https://youtube.com/shorts/xYkjvnUmb6s
2026-06-17,2026-06-10T22:35:08Z,lXFma-NtLa8,"The fates guide the willing, but drag the unwilling. | Cleanthes",219,9,0,https://youtube.com/shorts/lXFma-NtLa8
2026-06-17,2026-06-10T21:47:50Z,n8MItlfdgB8,"We have two ears and one mouth, so we should listen more than we speak | Zeno of Citium",939,23,2,https://youtube.com/shorts/n8MItlfdgB8
2026-06-17,2026-06-10T01:03:10Z,v7_1bygaoI0,"Of things that exist, some are in our power, and some are not. We shou | Musonius Rufus",1054,30,0,https://youtube.com/shorts/v7_1bygaoI0
2026-06-17,2026-06-10T00:22:46Z,paiLb6IFvbk,You are living as if destined to live forever; your own frailty never  | Seneca,956,39,2,https://youtube.com/shorts/paiLb6IFvbk
2026-06-17,2026-06-09T22:03:55Z,YBWrR2JXG5M,"Whatever anyone does or says, I must be good. Like gold or emerald, ke | Marcus Aurelius",934,25,2,https://youtube.com/shorts/YBWrR2JXG5M
2026-06-17,2026-06-09T11:11:17Z,62_DzzBs1N0,"At dawn, when you struggle to rise, tell yourself: I am getting up to  | Marcus Aurelius",1051,48,5,https://youtube.com/shorts/62_DzzBs1N0
2026-06-17,2026-06-08T22:14:22Z,ajjwpsngSoc,"If you want to improve, be content to be seen as clueless or foolish i | Epictetus",565,36,0,https://youtube.com/shorts/ajjwpsngSoc
2026-06-18,2026-06-17T22:29:41Z,_MXQmYvQ39Y,Day 13 | When asked how the death of a wise man differs from a f — Zeno of Citium,34,2,0,https://youtube.com/shorts/_MXQmYvQ39Y
2026-06-18,2026-06-16T23:00:44Z,sKmNkVEAiiU,"Day 12 | If I followed the crowd, I would not be a philosopher. — Chrysippus",236,7,0,https://youtube.com/shorts/sKmNkVEAiiU
2026-06-18,2026-06-15T23:14:16Z,qL48RlSTrkM,"Day 11 | Cleanliness of the body is fitting, but to seem better  — Musonius Rufus",171,1,0,https://youtube.com/shorts/qL48RlSTrkM
2026-06-18,2026-06-14T20:51:12Z,6gK4rVgWGeA,"Day 18 | While we wait to live, life passes. Nothing belongs to  — Seneca",418,10,1,https://youtube.com/shorts/6gK4rVgWGeA
2026-06-18,2026-06-13T20:53:18Z,1vW5QlYLtdY,Day 17 | The art of living is more like wrestling than dancing;  — Marcus Aurelius,292,5,0,https://youtube.com/shorts/1vW5QlYLtdY
2026-06-18,2026-06-13T17:37:30Z,JDnyFxuDpdI,Day 16 | The duties we owe are generally measured by our relatio — Epictetus,126,4,0,https://youtube.com/shorts/JDnyFxuDpdI
2026-06-18,2026-06-13T03:17:12Z,16EhiiMVOGs,Day 15 | I would rather have a man ask why no statue of me has b — Cato the Younger,158,6,0,https://youtube.com/shorts/16EhiiMVOGs
2026-06-18,2026-06-13T00:36:09Z,oCZC5RaCeDw,"Day 14 | The living being, from the moment of birth, perceives i — Hierocles",639,16,0,https://youtube.com/shorts/oCZC5RaCeDw
2026-06-18,2026-06-11T22:33:14Z,xYkjvnUmb6s,Living virtuously is equal to living in accordance with experience of  | Chrysippus,644,12,0,https://youtube.com/shorts/xYkjvnUmb6s
2026-06-18,2026-06-10T22:35:08Z,lXFma-NtLa8,"The fates guide the willing, but drag the unwilling. | Cleanthes",219,9,0,https://youtube.com/shorts/lXFma-NtLa8
2026-06-18,2026-06-10T21:47:50Z,n8MItlfdgB8,"We have two ears and one mouth, so we should listen more than we speak | Zeno of Citium",939,23,2,https://youtube.com/shorts/n8MItlfdgB8
2026-06-18,2026-06-10T01:03:10Z,v7_1bygaoI0,"Of things that exist, some are in our power, and some are not. We shou | Musonius Rufus",1054,30,0,https://youtube.com/shorts/v7_1bygaoI0
2026-06-18,2026-06-10T00:22:46Z,paiLb6IFvbk,You are living as if destined to live forever; your own frailty never  | Seneca,956,39,2,https://youtube.com/shorts/paiLb6IFvbk
2026-06-18,2026-06-09T22:03:55Z,YBWrR2JXG5M,"Whatever anyone does or says, I must be good. Like gold or emerald, ke | Marcus Aurelius",934,25,2,https://youtube.com/shorts/YBWrR2JXG5M
2026-06-18,2026-06-09T11:11:17Z,62_DzzBs1N0,"At dawn, when you struggle to rise, tell yourself: I am getting up to  | Marcus Aurelius",1051,48,5,https://youtube.com/shorts/62_DzzBs1N0
2026-06-18,2026-06-17T22:29:41Z,_MXQmYvQ39Y,Day 13 | When asked how the death of a wise man differs from a f — Zeno of Citium,34,1,0,https://youtube.com/shorts/_MXQmYvQ39Y
2026-06-18,2026-06-16T23:00:44Z,sKmNkVEAiiU,"Day 12 | If I followed the crowd, I would not be a philosopher. — Chrysippus",239,7,0,https://youtube.com/shorts/sKmNkVEAiiU
2026-06-18,2026-06-15T23:14:16Z,qL48RlSTrkM,"Day 11 | Cleanliness of the body is fitting, but to seem better  — Musonius Rufus",171,1,0,https://youtube.com/shorts/qL48RlSTrkM
2026-06-18,2026-06-14T20:51:12Z,6gK4rVgWGeA,"Day 18 | While we wait to live, life passes. Nothing belongs to  — Seneca",418,10,1,https://youtube.com/shorts/6gK4rVgWGeA
2026-06-18,2026-06-13T20:53:18Z,1vW5QlYLtdY,Day 17 | The art of living is more like wrestling than dancing;  — Marcus Aurelius,292,5,0,https://youtube.com/shorts/1vW5QlYLtdY
2026-06-18,2026-06-13T17:37:30Z,JDnyFxuDpdI,Day 16 | The duties we owe are generally measured by our relatio — Epictetus,126,4,0,https://youtube.com/shorts/JDnyFxuDpdI
2026-06-18,2026-06-13T03:17:12Z,16EhiiMVOGs,Day 15 | I would rather have a man ask why no statue of me has b — Cato the Younger,158,6,0,https://youtube.com/shorts/16EhiiMVOGs
2026-06-18,2026-06-13T00:36:09Z,oCZC5RaCeDw,"Day 14 | The living being, from the moment of birth, perceives i — Hierocles",638,16,0,https://youtube.com/shorts/oCZC5RaCeDw
2026-06-18,2026-06-11T22:33:14Z,xYkjvnUmb6s,Living virtuously is equal to living in accordance with experience of  | Chrysippus,644,12,0,https://youtube.com/shorts/xYkjvnUmb6s
2026-06-18,2026-06-10T22:35:08Z,lXFma-NtLa8,"The fates guide the willing, but drag the unwilling. | Cleanthes",219,9,0,https://youtube.com/shorts/lXFma-NtLa8
2026-06-18,2026-06-10T21:47:50Z,n8MItlfdgB8,"We have two ears and one mouth, so we should listen more than we speak | Zeno of Citium",939,23,2,https://youtube.com/shorts/n8MItlfdgB8
2026-06-18,2026-06-10T01:03:10Z,v7_1bygaoI0,"Of things that exist, some are in our power, and some are not. We shou | Musonius Rufus",1054,30,0,https://youtube.com/shorts/v7_1bygaoI0
2026-06-18,2026-06-10T00:22:46Z,paiLb6IFvbk,You are living as if destined to live forever; your own frailty never  | Seneca,956,39,2,https://youtube.com/shorts/paiLb6IFvbk
2026-06-18,2026-06-09T22:03:55Z,YBWrR2JXG5M,"Whatever anyone does or says, I must be good. Like gold or emerald, ke | Marcus Aurelius",934,25,2,https://youtube.com/shorts/YBWrR2JXG5M
2026-06-18,2026-06-09T11:11:17Z,62_DzzBs1N0,"At dawn, when you struggle to rise, tell yourself: I am getting up to  | Marcus Aurelius",1051,48,5,https://youtube.com/shorts/62_DzzBs1N0
2026-06-18,2026-06-18T03:00:43Z,tgWhj1oONpA,"""You chose the shame"" — Musonius Rufus | Stoicism",63,1,2,https://youtube.com/shorts/tgWhj1oONpA
2026-06-18,2026-06-17T22:29:41Z,_MXQmYvQ39Y,"""You're dying clueless"" — Zeno of Citium | Stoicism",244,4,0,https://youtube.com/shorts/_MXQmYvQ39Y
2026-06-18,2026-06-16T23:00:44Z,sKmNkVEAiiU,"""You're just like everyone"" — Chrysippus | Stoicism",328,8,0,https://youtube.com/shorts/sKmNkVEAiiU
2026-06-18,2026-06-15T23:14:16Z,qL48RlSTrkM,"Day 11 | Cleanliness of the body is fitting, but to seem better  — Musonius Rufus",172,1,0,https://youtube.com/shorts/qL48RlSTrkM
2026-06-18,2026-06-14T20:51:12Z,6gK4rVgWGeA,"""You're still waiting to live"" — Seneca | Stoicism",420,10,1,https://youtube.com/shorts/6gK4rVgWGeA
2026-06-18,2026-06-13T20:53:18Z,1vW5QlYLtdY,"""You expected it easy"" — Marcus Aurelius | Stoicism",292,5,0,https://youtube.com/shorts/1vW5QlYLtdY
2026-06-18,2026-06-13T17:37:30Z,JDnyFxuDpdI,"""You're failing your father"" — Epictetus | Stoicism",126,4,0,https://youtube.com/shorts/JDnyFxuDpdI
2026-06-18,2026-06-13T03:17:12Z,16EhiiMVOGs,"""You crave the credit"" — Cato the Younger | Stoicism",158,6,0,https://youtube.com/shorts/16EhiiMVOGs
2026-06-18,2026-06-13T00:36:09Z,oCZC5RaCeDw,"""You forgot you exist"" — Hierocles | Stoicism",638,16,0,https://youtube.com/shorts/oCZC5RaCeDw
2026-06-18,2026-06-11T22:33:14Z,xYkjvnUmb6s,"""You're fighting reality"" — Chrysippus | Stoicism",644,12,0,https://youtube.com/shorts/xYkjvnUmb6s
2026-06-18,2026-06-10T22:35:08Z,lXFma-NtLa8,"""You're being dragged"" — Cleanthes | Stoicism",219,9,0,https://youtube.com/shorts/lXFma-NtLa8
2026-06-18,2026-06-10T21:47:50Z,n8MItlfdgB8,"""You talk too much"" — Zeno of Citium | Stoicism",939,23,2,https://youtube.com/shorts/n8MItlfdgB8
2026-06-18,2026-06-10T01:03:10Z,v7_1bygaoI0,"""You're blaming the wrong thing"" — Musonius Rufus | Stoicism",1054,30,0,https://youtube.com/shorts/v7_1bygaoI0
2026-06-18,2026-06-10T00:22:46Z,paiLb6IFvbk,"""You think you're immortal"" — Seneca | Stoicism",957,39,2,https://youtube.com/shorts/paiLb6IFvbk
2026-06-18,2026-06-09T22:03:55Z,YBWrR2JXG5M,"""You let them change you"" — Marcus Aurelius | Stoicism",934,25,2,https://youtube.com/shorts/YBWrR2JXG5M
2026-06-19,2026-06-18T03:00:43Z,tgWhj1oONpA,"""You chose the shame"" — Musonius Rufus | Stoicism",64,1,2,https://youtube.com/shorts/tgWhj1oONpA
2026-06-19,2026-06-17T22:29:41Z,_MXQmYvQ39Y,"""You're dying clueless"" — Zeno of Citium | Stoicism",250,4,0,https://youtube.com/shorts/_MXQmYvQ39Y
2026-06-19,2026-06-16T23:00:44Z,sKmNkVEAiiU,"""You're just like everyone"" — Chrysippus | Stoicism",328,8,0,https://youtube.com/shorts/sKmNkVEAiiU
2026-06-19,2026-06-15T23:14:16Z,qL48RlSTrkM,"Day 11 | Cleanliness of the body is fitting, but to seem better  — Musonius Rufus",172,1,0,https://youtube.com/shorts/qL48RlSTrkM
2026-06-19,2026-06-14T20:51:12Z,6gK4rVgWGeA,"""You're still waiting to live"" — Seneca | Stoicism",420,10,1,https://youtube.com/shorts/6gK4rVgWGeA
2026-06-19,2026-06-13T20:53:18Z,1vW5QlYLtdY,"""You expected it easy"" — Marcus Aurelius | Stoicism",292,5,0,https://youtube.com/shorts/1vW5QlYLtdY
2026-06-19,2026-06-13T17:37:30Z,JDnyFxuDpdI,"""You're failing your father"" — Epictetus | Stoicism",126,4,0,https://youtube.com/shorts/JDnyFxuDpdI
2026-06-19,2026-06-13T03:17:12Z,16EhiiMVOGs,"""You crave the credit"" — Cato the Younger | Stoicism",158,6,0,https://youtube.com/shorts/16EhiiMVOGs
2026-06-19,2026-06-13T00:36:09Z,oCZC5RaCeDw,"""You forgot you exist"" — Hierocles | Stoicism",638,16,0,https://youtube.com/shorts/oCZC5RaCeDw
2026-06-19,2026-06-11T22:33:14Z,xYkjvnUmb6s,"""You're fighting reality"" — Chrysippus | Stoicism",644,12,0,https://youtube.com/shorts/xYkjvnUmb6s
2026-06-19,2026-06-10T22:35:08Z,lXFma-NtLa8,"""You're being dragged"" — Cleanthes | Stoicism",219,9,0,https://youtube.com/shorts/lXFma-NtLa8
2026-06-19,2026-06-10T21:47:50Z,n8MItlfdgB8,"""You talk too much"" — Zeno of Citium | Stoicism",939,23,2,https://youtube.com/shorts/n8MItlfdgB8
2026-06-19,2026-06-10T01:03:10Z,v7_1bygaoI0,"""You're blaming the wrong thing"" — Musonius Rufus | Stoicism",1054,30,0,https://youtube.com/shorts/v7_1bygaoI0
2026-06-19,2026-06-10T00:22:46Z,paiLb6IFvbk,"""You think you're immortal"" — Seneca | Stoicism",957,39,2,https://youtube.com/shorts/paiLb6IFvbk
2026-06-19,2026-06-09T22:03:55Z,YBWrR2JXG5M,"""You let them change you"" — Marcus Aurelius | Stoicism",934,25,2,https://youtube.com/shorts/YBWrR2JXG5M
2026-06-19,2026-06-19T01:04:16Z,bjBhTuiqWEE,"""You're fighting reality"" — Epictetus | Stoicism",194,6,2,https://youtube.com/shorts/bjBhTuiqWEE
2026-06-19,2026-06-18T03:00:43Z,tgWhj1oONpA,"""You'll regret that pleasure"" — Musonius Rufus | Stoicism",211,5,2,https://youtube.com/shorts/tgWhj1oONpA
2026-06-19,2026-06-17T22:29:41Z,_MXQmYvQ39Y,"""You'll die wandering"" — Zeno of Citium | Stoicism",640,12,0,https://youtube.com/shorts/_MXQmYvQ39Y
2026-06-19,2026-06-16T23:00:44Z,sKmNkVEAiiU,"""You're just following everyone"" — Chrysippus | Stoicism",329,8,0,https://youtube.com/shorts/sKmNkVEAiiU
2026-06-19,2026-06-15T23:14:16Z,qL48RlSTrkM,"Day 11 | Cleanliness of the body is fitting, but to seem better  — Musonius Rufus",172,1,0,https://youtube.com/shorts/qL48RlSTrkM
2026-06-19,2026-06-14T20:51:12Z,6gK4rVgWGeA,"""You're still waiting"" — Seneca | Stoicism",420,10,1,https://youtube.com/shorts/6gK4rVgWGeA
2026-06-19,2026-06-13T20:53:18Z,1vW5QlYLtdY,"""You're not ready for this"" — Marcus Aurelius | Stoicism",292,5,0,https://youtube.com/shorts/1vW5QlYLtdY
2026-06-19,2026-06-13T17:37:30Z,JDnyFxuDpdI,"""You're avoiding your family"" — Epictetus | Stoicism",126,4,0,https://youtube.com/shorts/JDnyFxuDpdI
2026-06-19,2026-06-13T03:17:12Z,16EhiiMVOGs,"""You crave the credit"" — Cato the Younger | Stoicism",158,6,0,https://youtube.com/shorts/16EhiiMVOGs
2026-06-19,2026-06-13T00:36:09Z,oCZC5RaCeDw,"""You don't know yourself"" — Hierocles | Stoicism",638,16,0,https://youtube.com/shorts/oCZC5RaCeDw
2026-06-19,2026-06-11T22:33:14Z,xYkjvnUmb6s,"""You're fighting reality"" — Chrysippus | Stoicism",644,12,0,https://youtube.com/shorts/xYkjvnUmb6s
2026-06-19,2026-06-10T22:35:08Z,lXFma-NtLa8,"""You're being dragged anyway"" — Cleanthes | Stoicism",219,9,0,https://youtube.com/shorts/lXFma-NtLa8
2026-06-19,2026-06-10T21:47:50Z,n8MItlfdgB8,"""You talk too much"" — Zeno of Citium | Stoicism",939,23,2,https://youtube.com/shorts/n8MItlfdgB8
2026-06-19,2026-06-10T01:03:10Z,v7_1bygaoI0,"""Stop blaming everyone else"" — Musonius Rufus | Stoicism",1054,30,0,https://youtube.com/shorts/v7_1bygaoI0
2026-06-19,2026-06-10T00:22:46Z,paiLb6IFvbk,"""You think you're immortal"" — Seneca | Stoicism",957,39,2,https://youtube.com/shorts/paiLb6IFvbk
2026-06-19,2026-06-19T01:04:16Z,bjBhTuiqWEE,"""You're fighting reality"" — Epictetus | Stoicism",194,6,2,https://youtube.com/shorts/bjBhTuiqWEE
2026-06-19,2026-06-18T03:00:43Z,tgWhj1oONpA,"""You'll regret that pleasure"" — Musonius Rufus | Stoicism",211,5,2,https://youtube.com/shorts/tgWhj1oONpA
2026-06-19,2026-06-17T22:29:41Z,_MXQmYvQ39Y,"""You'll die wandering"" — Zeno of Citium | Stoicism",707,13,0,https://youtube.com/shorts/_MXQmYvQ39Y
2026-06-19,2026-06-16T23:00:44Z,sKmNkVEAiiU,"""You're just following everyone"" — Chrysippus | Stoicism",329,8,0,https://youtube.com/shorts/sKmNkVEAiiU
2026-06-19,2026-06-15T23:14:16Z,qL48RlSTrkM,"Day 11 | Cleanliness of the body is fitting, but to seem better  — Musonius Rufus",172,1,0,https://youtube.com/shorts/qL48RlSTrkM
2026-06-19,2026-06-14T20:51:12Z,6gK4rVgWGeA,"""You're still waiting"" — Seneca | Stoicism",420,10,1,https://youtube.com/shorts/6gK4rVgWGeA
2026-06-19,2026-06-13T20:53:18Z,1vW5QlYLtdY,"""You're not ready for this"" — Marcus Aurelius | Stoicism",292,5,0,https://youtube.com/shorts/1vW5QlYLtdY
2026-06-19,2026-06-13T17:37:30Z,JDnyFxuDpdI,"""You're avoiding your family"" — Epictetus | Stoicism",126,4,0,https://youtube.com/shorts/JDnyFxuDpdI
2026-06-19,2026-06-13T03:17:12Z,16EhiiMVOGs,"""You crave the credit"" — Cato the Younger | Stoicism",158,6,0,https://youtube.com/shorts/16EhiiMVOGs
2026-06-19,2026-06-13T00:36:09Z,oCZC5RaCeDw,"""You don't know yourself"" — Hierocles | Stoicism",638,16,0,https://youtube.com/shorts/oCZC5RaCeDw
2026-06-19,2026-06-11T22:33:14Z,xYkjvnUmb6s,"""You're fighting reality"" — Chrysippus | Stoicism",644,12,0,https://youtube.com/shorts/xYkjvnUmb6s
2026-06-19,2026-06-10T22:35:08Z,lXFma-NtLa8,"""You're being dragged anyway"" — Cleanthes | Stoicism",219,9,0,https://youtube.com/shorts/lXFma-NtLa8
2026-06-19,2026-06-10T21:47:50Z,n8MItlfdgB8,"""You talk too much"" — Zeno of Citium | Stoicism",939,23,2,https://youtube.com/shorts/n8MItlfdgB8
2026-06-19,2026-06-10T01:03:10Z,v7_1bygaoI0,"""Stop blaming everyone else"" — Musonius Rufus | Stoicism",1054,30,0,https://youtube.com/shorts/v7_1bygaoI0
2026-06-19,2026-06-10T00:22:46Z,paiLb6IFvbk,"""You think you're immortal"" — Seneca | Stoicism",957,39,2,https://youtube.com/shorts/paiLb6IFvbk
2026-06-20,2026-06-19T01:04:16Z,bjBhTuiqWEE,"""You're fighting reality"" — Epictetus | Stoicism",322,7,2,https://youtube.com/shorts/bjBhTuiqWEE
2026-06-20,2026-06-18T03:00:43Z,tgWhj1oONpA,"""You'll regret that pleasure"" — Musonius Rufus | Stoicism",211,5,2,https://youtube.com/shorts/tgWhj1oONpA
2026-06-20,2026-06-17T22:29:41Z,_MXQmYvQ39Y,"""You'll die wandering"" — Zeno of Citium | Stoicism",855,13,0,https://youtube.com/shorts/_MXQmYvQ39Y
2026-06-20,2026-06-16T23:00:44Z,sKmNkVEAiiU,"""You're just following everyone"" — Chrysippus | Stoicism",329,8,0,https://youtube.com/shorts/sKmNkVEAiiU
2026-06-20,2026-06-15T23:14:16Z,qL48RlSTrkM,"Day 11 | Cleanliness of the body is fitting, but to seem better  — Musonius Rufus",172,1,0,https://youtube.com/shorts/qL48RlSTrkM
2026-06-20,2026-06-14T20:51:12Z,6gK4rVgWGeA,"""You're still waiting"" — Seneca | Stoicism",420,10,1,https://youtube.com/shorts/6gK4rVgWGeA
2026-06-20,2026-06-13T20:53:18Z,1vW5QlYLtdY,"""You're not ready for this"" — Marcus Aurelius | Stoicism",292,5,0,https://youtube.com/shorts/1vW5QlYLtdY
2026-06-20,2026-06-13T17:37:30Z,JDnyFxuDpdI,"""You're avoiding your family"" — Epictetus | Stoicism",126,4,0,https://youtube.com/shorts/JDnyFxuDpdI
2026-06-20,2026-06-13T03:17:12Z,16EhiiMVOGs,"""You crave the credit"" — Cato the Younger | Stoicism",158,6,0,https://youtube.com/shorts/16EhiiMVOGs
2026-06-20,2026-06-13T00:36:09Z,oCZC5RaCeDw,"""You don't know yourself"" — Hierocles | Stoicism",638,16,0,https://youtube.com/shorts/oCZC5RaCeDw
2026-06-20,2026-06-11T22:33:14Z,xYkjvnUmb6s,"""You're fighting reality"" — Chrysippus | Stoicism",644,12,0,https://youtube.com/shorts/xYkjvnUmb6s
2026-06-20,2026-06-10T22:35:08Z,lXFma-NtLa8,"""You're being dragged anyway"" — Cleanthes | Stoicism",219,9,0,https://youtube.com/shorts/lXFma-NtLa8
2026-06-20,2026-06-10T21:47:50Z,n8MItlfdgB8,"""You talk too much"" — Zeno of Citium | Stoicism",939,23,2,https://youtube.com/shorts/n8MItlfdgB8
2026-06-20,2026-06-10T01:03:10Z,v7_1bygaoI0,"""Stop blaming everyone else"" — Musonius Rufus | Stoicism",1054,30,0,https://youtube.com/shorts/v7_1bygaoI0
2026-06-20,2026-06-10T00:22:46Z,paiLb6IFvbk,"""You think you're immortal"" — Seneca | Stoicism",957,39,2,https://youtube.com/shorts/paiLb6IFvbk
2026-06-20,2026-06-20T18:15:42Z,OsgdlKCFuLw,"""5 Rules to Kill Endless Craving"" — Seneca | Stoicism",0,0,2,https://youtube.com/shorts/OsgdlKCFuLw
2026-06-20,2026-06-20T01:05:45Z,bmCs2StEuI4,"""You snapped again today"" — Marcus Aurelius | Stoicism",973,27,6,https://youtube.com/shorts/bmCs2StEuI4
2026-06-20,2026-06-19T01:04:16Z,bjBhTuiqWEE,"""You're fighting reality"" — Epictetus | Stoicism",442,8,2,https://youtube.com/shorts/bjBhTuiqWEE
2026-06-20,2026-06-18T03:00:43Z,tgWhj1oONpA,"""You'll regret that pleasure"" — Musonius Rufus | Stoicism",215,5,2,https://youtube.com/shorts/tgWhj1oONpA
2026-06-20,2026-06-17T22:29:41Z,_MXQmYvQ39Y,"""You'll die wandering"" — Zeno of Citium | Stoicism",871,13,0,https://youtube.com/shorts/_MXQmYvQ39Y
2026-06-20,2026-06-16T23:00:44Z,sKmNkVEAiiU,"""You're just following everyone"" — Chrysippus | Stoicism",332,8,0,https://youtube.com/shorts/sKmNkVEAiiU
2026-06-20,2026-06-15T23:14:16Z,qL48RlSTrkM,"Day 11 | Cleanliness of the body is fitting, but to seem better  — Musonius Rufus",172,1,0,https://youtube.com/shorts/qL48RlSTrkM
2026-06-20,2026-06-14T20:51:12Z,6gK4rVgWGeA,"""You're still waiting"" — Seneca | Stoicism",421,10,1,https://youtube.com/shorts/6gK4rVgWGeA
2026-06-20,2026-06-13T20:53:18Z,1vW5QlYLtdY,"""You're not ready for this"" — Marcus Aurelius | Stoicism",293,5,0,https://youtube.com/shorts/1vW5QlYLtdY
2026-06-20,2026-06-13T17:37:30Z,JDnyFxuDpdI,"""You're avoiding your family"" — Epictetus | Stoicism",127,4,0,https://youtube.com/shorts/JDnyFxuDpdI
2026-06-20,2026-06-13T03:17:12Z,16EhiiMVOGs,"""You crave the credit"" — Cato the Younger | Stoicism",158,6,0,https://youtube.com/shorts/16EhiiMVOGs
2026-06-20,2026-06-13T00:36:09Z,oCZC5RaCeDw,"""You don't know yourself"" — Hierocles | Stoicism",639,16,0,https://youtube.com/shorts/oCZC5RaCeDw
2026-06-20,2026-06-11T22:33:14Z,xYkjvnUmb6s,"""You're fighting reality"" — Chrysippus | Stoicism",645,12,0,https://youtube.com/shorts/xYkjvnUmb6s
2026-06-20,2026-06-10T22:35:08Z,lXFma-NtLa8,"""You're being dragged anyway"" — Cleanthes | Stoicism",219,9,0,https://youtube.com/shorts/lXFma-NtLa8
2026-06-20,2026-06-10T21:47:50Z,n8MItlfdgB8,"""You talk too much"" — Zeno of Citium | Stoicism",940,23,2,https://youtube.com/shorts/n8MItlfdgB8
2026-06-20,2026-06-20T21:07:14Z,7sIA2AE_0Vc,"""You blame everything but yourself"" — Chrysippus | Stoicism",0,0,2,https://youtube.com/shorts/7sIA2AE_0Vc
2026-06-20,2026-06-20T18:42:22Z,y3NwWj-gvDw,"""You blame everything but yourself"" — Chrysippus | Stoicism",121,3,3,https://youtube.com/shorts/y3NwWj-gvDw
2026-06-20,2026-06-20T18:16:18Z,OsgdlKCFuLw,"""5 Rules to Kill Endless Craving"" — Seneca | Stoicism",45,3,3,https://youtube.com/shorts/OsgdlKCFuLw
2026-06-20,2026-06-20T01:05:45Z,bmCs2StEuI4,"""You snapped again today"" — Marcus Aurelius | Stoicism",974,27,9,https://youtube.com/shorts/bmCs2StEuI4
2026-06-20,2026-06-19T01:04:16Z,bjBhTuiqWEE,"""You're fighting reality"" — Epictetus | Stoicism",445,9,3,https://youtube.com/shorts/bjBhTuiqWEE
2026-06-20,2026-06-18T03:00:43Z,tgWhj1oONpA,"""You'll regret that pleasure"" — Musonius Rufus | Stoicism",215,5,3,https://youtube.com/shorts/tgWhj1oONpA
2026-06-20,2026-06-17T22:29:41Z,_MXQmYvQ39Y,"""You'll die wandering"" — Zeno of Citium | Stoicism",871,13,0,https://youtube.com/shorts/_MXQmYvQ39Y
2026-06-20,2026-06-16T23:00:44Z,sKmNkVEAiiU,"""You're just following everyone"" — Chrysippus | Stoicism",332,8,0,https://youtube.com/shorts/sKmNkVEAiiU
2026-06-20,2026-06-15T23:14:16Z,qL48RlSTrkM,"Day 11 | Cleanliness of the body is fitting, but to seem better  — Musonius Rufus",172,1,0,https://youtube.com/shorts/qL48RlSTrkM
2026-06-20,2026-06-14T20:51:12Z,6gK4rVgWGeA,"""You're still waiting"" — Seneca | Stoicism",421,10,1,https://youtube.com/shorts/6gK4rVgWGeA
2026-06-20,2026-06-13T20:53:18Z,1vW5QlYLtdY,"""You're not ready for this"" — Marcus Aurelius | Stoicism",293,5,0,https://youtube.com/shorts/1vW5QlYLtdY
2026-06-20,2026-06-13T17:37:30Z,JDnyFxuDpdI,"""You're avoiding your family"" — Epictetus | Stoicism",127,4,0,https://youtube.com/shorts/JDnyFxuDpdI
2026-06-20,2026-06-13T03:17:12Z,16EhiiMVOGs,"""You crave the credit"" — Cato the Younger | Stoicism",158,6,0,https://youtube.com/shorts/16EhiiMVOGs
2026-06-20,2026-06-13T00:36:09Z,oCZC5RaCeDw,"""You don't know yourself"" — Hierocles | Stoicism",639,16,0,https://youtube.com/shorts/oCZC5RaCeDw
2026-06-20,2026-06-11T22:33:14Z,xYkjvnUmb6s,"""You're fighting reality"" — Chrysippus | Stoicism",645,12,0,https://youtube.com/shorts/xYkjvnUmb6s
2026-06-20,2026-06-20T21:07:45Z,7sIA2AE_0Vc,"""You blame everything but yourself"" — Chrysippus | Stoicism",89,3,3,https://youtube.com/shorts/7sIA2AE_0Vc
2026-06-20,2026-06-20T18:42:22Z,y3NwWj-gvDw,"""You blame everything but yourself"" — Chrysippus | Stoicism",146,2,3,https://youtube.com/shorts/y3NwWj-gvDw
2026-06-20,2026-06-20T18:16:18Z,OsgdlKCFuLw,"""5 Rules to Kill Endless Craving"" — Seneca | Stoicism",73,5,3,https://youtube.com/shorts/OsgdlKCFuLw
2026-06-20,2026-06-20T01:05:45Z,bmCs2StEuI4,"""You snapped again today"" — Marcus Aurelius | Stoicism",985,27,9,https://youtube.com/shorts/bmCs2StEuI4
2026-06-20,2026-06-19T01:04:16Z,bjBhTuiqWEE,"""You're fighting reality"" — Epictetus | Stoicism",445,9,3,https://youtube.com/shorts/bjBhTuiqWEE
2026-06-20,2026-06-18T03:00:43Z,tgWhj1oONpA,"""You'll regret that pleasure"" — Musonius Rufus | Stoicism",215,5,3,https://youtube.com/shorts/tgWhj1oONpA
2026-06-20,2026-06-17T22:29:41Z,_MXQmYvQ39Y,"""You'll die wandering"" — Zeno of Citium | Stoicism",871,13,0,https://youtube.com/shorts/_MXQmYvQ39Y
2026-06-20,2026-06-16T23:00:44Z,sKmNkVEAiiU,"""You're just following everyone"" — Chrysippus | Stoicism",332,8,0,https://youtube.com/shorts/sKmNkVEAiiU
2026-06-20,2026-06-15T23:14:16Z,qL48RlSTrkM,"Day 11 | Cleanliness of the body is fitting, but to seem better  — Musonius Rufus",172,1,0,https://youtube.com/shorts/qL48RlSTrkM
2026-06-20,2026-06-14T20:51:12Z,6gK4rVgWGeA,"""You're still waiting"" — Seneca | Stoicism",421,10,1,https://youtube.com/shorts/6gK4rVgWGeA
2026-06-20,2026-06-13T20:53:18Z,1vW5QlYLtdY,"""You're not ready for this"" — Marcus Aurelius | Stoicism",293,5,0,https://youtube.com/shorts/1vW5QlYLtdY
2026-06-20,2026-06-13T17:37:30Z,JDnyFxuDpdI,"""You're avoiding your family"" — Epictetus | Stoicism",127,4,0,https://youtube.com/shorts/JDnyFxuDpdI
2026-06-20,2026-06-13T03:17:12Z,16EhiiMVOGs,"""You crave the credit"" — Cato the Younger | Stoicism",158,6,0,https://youtube.com/shorts/16EhiiMVOGs
2026-06-20,2026-06-13T00:36:09Z,oCZC5RaCeDw,"""You don't know yourself"" — Hierocles | Stoicism",639,16,0,https://youtube.com/shorts/oCZC5RaCeDw
2026-06-20,2026-06-11T22:33:14Z,xYkjvnUmb6s,"""You're fighting reality"" — Chrysippus | Stoicism",645,12,0,https://youtube.com/shorts/xYkjvnUmb6s
2026-06-21,2026-06-21T03:51:20Z,xK-OAifO1HM,"""You're scared of nothing"" — Zeno of Citium | Stoicism",0,0,2,https://youtube.com/shorts/xK-OAifO1HM
2026-06-21,2026-06-20T21:07:45Z,7sIA2AE_0Vc,"""You blame everything but yourself"" — Chrysippus | Stoicism",234,7,4,https://youtube.com/shorts/7sIA2AE_0Vc
2026-06-21,2026-06-20T18:16:18Z,OsgdlKCFuLw,"""5 Rules to Kill Endless Craving"" — Seneca | Stoicism",118,5,3,https://youtube.com/shorts/OsgdlKCFuLw
2026-06-21,2026-06-20T01:05:45Z,bmCs2StEuI4,"""You snapped again today"" — Marcus Aurelius | Stoicism",991,28,9,https://youtube.com/shorts/bmCs2StEuI4
2026-06-21,2026-06-19T01:04:16Z,bjBhTuiqWEE,"""You're fighting reality"" — Epictetus | Stoicism",456,10,3,https://youtube.com/shorts/bjBhTuiqWEE
2026-06-21,2026-06-18T03:00:43Z,tgWhj1oONpA,"""You'll regret that pleasure"" — Musonius Rufus | Stoicism",215,5,3,https://youtube.com/shorts/tgWhj1oONpA
2026-06-21,2026-06-17T22:29:41Z,_MXQmYvQ39Y,"""You'll die wandering"" — Zeno of Citium | Stoicism",871,13,0,https://youtube.com/shorts/_MXQmYvQ39Y
2026-06-21,2026-06-16T23:00:44Z,sKmNkVEAiiU,"""You're just following everyone"" — Chrysippus | Stoicism",332,8,0,https://youtube.com/shorts/sKmNkVEAiiU
2026-06-21,2026-06-15T23:14:16Z,qL48RlSTrkM,"Day 11 | Cleanliness of the body is fitting, but to seem better  — Musonius Rufus",172,1,0,https://youtube.com/shorts/qL48RlSTrkM
2026-06-21,2026-06-14T20:51:12Z,6gK4rVgWGeA,"""You're still waiting"" — Seneca | Stoicism",421,10,1,https://youtube.com/shorts/6gK4rVgWGeA
2026-06-21,2026-06-13T20:53:18Z,1vW5QlYLtdY,"""You're not ready for this"" — Marcus Aurelius | Stoicism",293,5,0,https://youtube.com/shorts/1vW5QlYLtdY
2026-06-21,2026-06-13T17:37:30Z,JDnyFxuDpdI,"""You're avoiding your family"" — Epictetus | Stoicism",127,4,0,https://youtube.com/shorts/JDnyFxuDpdI
2026-06-21,2026-06-13T03:17:12Z,16EhiiMVOGs,"""You crave the credit"" — Cato the Younger | Stoicism",158,6,0,https://youtube.com/shorts/16EhiiMVOGs
2026-06-21,2026-06-13T00:36:09Z,oCZC5RaCeDw,"""You don't know yourself"" — Hierocles | Stoicism",639,16,0,https://youtube.com/shorts/oCZC5RaCeDw
2026-06-21,2026-06-11T22:33:14Z,xYkjvnUmb6s,"""You're fighting reality"" — Chrysippus | Stoicism",645,12,0,https://youtube.com/shorts/xYkjvnUmb6s
2026-06-21,2026-06-21T11:03:51Z,Rphu9VeOCTA,"""You force every connection"" — Musonius Rufus | Stoicism",0,0,2,https://youtube.com/shorts/Rphu9VeOCTA
2026-06-21,2026-06-21T03:51:52Z,xK-OAifO1HM,"""You're scared of nothing"" — Zeno of Citium | Stoicism",478,15,3,https://youtube.com/shorts/xK-OAifO1HM
2026-06-21,2026-06-20T21:07:45Z,7sIA2AE_0Vc,"""You blame everything but yourself"" — Chrysippus | Stoicism",344,8,5,https://youtube.com/shorts/7sIA2AE_0Vc
2026-06-21,2026-06-20T18:16:18Z,OsgdlKCFuLw,"""5 Rules to Kill Endless Craving"" — Seneca | Stoicism",128,5,3,https://youtube.com/shorts/OsgdlKCFuLw
2026-06-21,2026-06-20T01:05:45Z,bmCs2StEuI4,"""You snapped again today"" — Marcus Aurelius | Stoicism",994,28,9,https://youtube.com/shorts/bmCs2StEuI4
2026-06-21,2026-06-19T01:04:16Z,bjBhTuiqWEE,"""You're fighting reality"" — Epictetus | Stoicism",456,10,3,https://youtube.com/shorts/bjBhTuiqWEE
2026-06-21,2026-06-18T03:00:43Z,tgWhj1oONpA,"""You'll regret that pleasure"" — Musonius Rufus | Stoicism",215,5,3,https://youtube.com/shorts/tgWhj1oONpA
2026-06-21,2026-06-17T22:29:41Z,_MXQmYvQ39Y,"""You'll die wandering"" — Zeno of Citium | Stoicism",871,13,0,https://youtube.com/shorts/_MXQmYvQ39Y
2026-06-21,2026-06-16T23:00:44Z,sKmNkVEAiiU,"""You're just following everyone"" — Chrysippus | Stoicism",332,8,0,https://youtube.com/shorts/sKmNkVEAiiU
2026-06-21,2026-06-15T23:14:16Z,qL48RlSTrkM,"Day 11 | Cleanliness of the body is fitting, but to seem better  — Musonius Rufus",172,1,0,https://youtube.com/shorts/qL48RlSTrkM
2026-06-21,2026-06-14T20:51:12Z,6gK4rVgWGeA,"""You're still waiting"" — Seneca | Stoicism",421,10,1,https://youtube.com/shorts/6gK4rVgWGeA
2026-06-21,2026-06-13T20:53:18Z,1vW5QlYLtdY,"""You're not ready for this"" — Marcus Aurelius | Stoicism",293,5,0,https://youtube.com/shorts/1vW5QlYLtdY
2026-06-21,2026-06-13T17:37:30Z,JDnyFxuDpdI,"""You're avoiding your family"" — Epictetus | Stoicism",127,4,0,https://youtube.com/shorts/JDnyFxuDpdI
2026-06-21,2026-06-13T03:17:12Z,16EhiiMVOGs,"""You crave the credit"" — Cato the Younger | Stoicism",158,6,0,https://youtube.com/shorts/16EhiiMVOGs
2026-06-21,2026-06-13T00:36:09Z,oCZC5RaCeDw,"""You don't know yourself"" — Hierocles | Stoicism",639,16,0,https://youtube.com/shorts/oCZC5RaCeDw
2026-06-21,2026-06-21T13:37:45Z,Q9Ljqj2smco,"""5 Rules That Make You Reliable"" — Epictetus | Stoicism",0,0,2,https://youtube.com/shorts/Q9Ljqj2smco
2026-06-21,2026-06-21T11:04:23Z,Rphu9VeOCTA,"""You force every connection"" — Musonius Rufus | Stoicism",500,11,3,https://youtube.com/shorts/Rphu9VeOCTA
2026-06-21,2026-06-21T03:51:52Z,xK-OAifO1HM,"""You're scared of nothing"" — Zeno of Citium | Stoicism",506,17,3,https://youtube.com/shorts/xK-OAifO1HM
2026-06-21,2026-06-20T21:07:45Z,7sIA2AE_0Vc,"""You blame everything but yourself"" — Chrysippus | Stoicism",345,8,5,https://youtube.com/shorts/7sIA2AE_0Vc
2026-06-21,2026-06-20T18:16:18Z,OsgdlKCFuLw,"""5 Rules to Kill Endless Craving"" — Seneca | Stoicism",128,7,3,https://youtube.com/shorts/OsgdlKCFuLw
2026-06-21,2026-06-20T01:05:45Z,bmCs2StEuI4,"""You snapped again today"" — Marcus Aurelius | Stoicism",994,28,9,https://youtube.com/shorts/bmCs2StEuI4
2026-06-21,2026-06-19T01:04:16Z,bjBhTuiqWEE,"""You're fighting reality"" — Epictetus | Stoicism",456,10,3,https://youtube.com/shorts/bjBhTuiqWEE
2026-06-21,2026-06-18T03:00:43Z,tgWhj1oONpA,"""You'll regret that pleasure"" — Musonius Rufus | Stoicism",215,5,3,https://youtube.com/shorts/tgWhj1oONpA
2026-06-21,2026-06-17T22:29:41Z,_MXQmYvQ39Y,"""You'll die wandering"" — Zeno of Citium | Stoicism",871,13,0,https://youtube.com/shorts/_MXQmYvQ39Y
2026-06-21,2026-06-16T23:00:44Z,sKmNkVEAiiU,"""You're just following everyone"" — Chrysippus | Stoicism",332,8,0,https://youtube.com/shorts/sKmNkVEAiiU
2026-06-21,2026-06-15T23:14:16Z,qL48RlSTrkM,"Day 11 | Cleanliness of the body is fitting, but to seem better  — Musonius Rufus",172,1,0,https://youtube.com/shorts/qL48RlSTrkM
2026-06-21,2026-06-14T20:51:12Z,6gK4rVgWGeA,"""You're still waiting"" — Seneca | Stoicism",421,10,1,https://youtube.com/shorts/6gK4rVgWGeA
2026-06-21,2026-06-13T20:53:18Z,1vW5QlYLtdY,"""You're not ready for this"" — Marcus Aurelius | Stoicism",293,5,0,https://youtube.com/shorts/1vW5QlYLtdY
2026-06-21,2026-06-13T17:37:30Z,JDnyFxuDpdI,"""You're avoiding your family"" — Epictetus | Stoicism",127,4,0,https://youtube.com/shorts/JDnyFxuDpdI
2026-06-21,2026-06-13T03:17:12Z,16EhiiMVOGs,"""You crave the credit"" — Cato the Younger | Stoicism",158,6,0,https://youtube.com/shorts/16EhiiMVOGs
2026-06-21,2026-06-21T17:19:19Z,JtNYzp7ezSI,"""You wanted it easy"" — Marcus Aurelius | Stoicism",0,0,2,https://youtube.com/shorts/JtNYzp7ezSI
2026-06-21,2026-06-21T13:38:22Z,Q9Ljqj2smco,"""5 Rules That Make You Reliable"" — Epictetus | Stoicism",592,21,3,https://youtube.com/shorts/Q9Ljqj2smco
2026-06-21,2026-06-21T11:04:23Z,Rphu9VeOCTA,"""You force every connection"" — Musonius Rufus | Stoicism",1155,19,3,https://youtube.com/shorts/Rphu9VeOCTA
2026-06-21,2026-06-21T03:51:52Z,xK-OAifO1HM,"""You're scared of nothing"" — Zeno of Citium | Stoicism",519,19,3,https://youtube.com/shorts/xK-OAifO1HM
2026-06-21,2026-06-20T21:07:45Z,7sIA2AE_0Vc,"""You blame everything but yourself"" — Chrysippus | Stoicism",349,8,5,https://youtube.com/shorts/7sIA2AE_0Vc
2026-06-21,2026-06-20T18:16:18Z,OsgdlKCFuLw,"""5 Rules to Kill Endless Craving"" — Seneca | Stoicism",145,7,3,https://youtube.com/shorts/OsgdlKCFuLw
2026-06-21,2026-06-20T01:05:45Z,bmCs2StEuI4,"""You snapped again today"" — Marcus Aurelius | Stoicism",995,28,9,https://youtube.com/shorts/bmCs2StEuI4
2026-06-21,2026-06-19T01:04:16Z,bjBhTuiqWEE,"""You're fighting reality"" — Epictetus | Stoicism",456,10,3,https://youtube.com/shorts/bjBhTuiqWEE
2026-06-21,2026-06-18T03:00:43Z,tgWhj1oONpA,"""You'll regret that pleasure"" — Musonius Rufus | Stoicism",215,5,3,https://youtube.com/shorts/tgWhj1oONpA
2026-06-21,2026-06-17T22:29:41Z,_MXQmYvQ39Y,"""You'll die wandering"" — Zeno of Citium | Stoicism",872,13,0,https://youtube.com/shorts/_MXQmYvQ39Y
2026-06-21,2026-06-16T23:00:44Z,sKmNkVEAiiU,"""You're just following everyone"" — Chrysippus | Stoicism",332,8,0,https://youtube.com/shorts/sKmNkVEAiiU
2026-06-21,2026-06-15T23:14:16Z,qL48RlSTrkM,"Day 11 | Cleanliness of the body is fitting, but to seem better  — Musonius Rufus",172,1,0,https://youtube.com/shorts/qL48RlSTrkM
2026-06-21,2026-06-14T20:51:12Z,6gK4rVgWGeA,"""You're still waiting"" — Seneca | Stoicism",421,10,1,https://youtube.com/shorts/6gK4rVgWGeA
2026-06-21,2026-06-13T20:53:18Z,1vW5QlYLtdY,"""You're not ready for this"" — Marcus Aurelius | Stoicism",293,5,0,https://youtube.com/shorts/1vW5QlYLtdY
2026-06-21,2026-06-13T17:37:30Z,JDnyFxuDpdI,"""You're avoiding your family"" — Epictetus | Stoicism",127,4,0,https://youtube.com/shorts/JDnyFxuDpdI
2026-06-21,2026-06-21T17:19:47Z,JtNYzp7ezSI,"""You wanted it easy"" — Marcus Aurelius | Stoicism",246,8,3,https://youtube.com/shorts/JtNYzp7ezSI
2026-06-21,2026-06-21T13:38:22Z,Q9Ljqj2smco,"""5 Rules That Make You Reliable"" — Epictetus | Stoicism",822,22,3,https://youtube.com/shorts/Q9Ljqj2smco
2026-06-21,2026-06-21T11:04:23Z,Rphu9VeOCTA,"""You force every connection"" — Musonius Rufus | Stoicism",1217,20,3,https://youtube.com/shorts/Rphu9VeOCTA
2026-06-21,2026-06-21T03:51:52Z,xK-OAifO1HM,"""You're scared of nothing"" — Zeno of Citium | Stoicism",528,20,3,https://youtube.com/shorts/xK-OAifO1HM
2026-06-21,2026-06-20T21:07:45Z,7sIA2AE_0Vc,"""You blame everything but yourself"" — Chrysippus | Stoicism",364,11,5,https://youtube.com/shorts/7sIA2AE_0Vc
2026-06-21,2026-06-20T18:16:18Z,OsgdlKCFuLw,"""5 Rules to Kill Endless Craving"" — Seneca | Stoicism",145,7,3,https://youtube.com/shorts/OsgdlKCFuLw
2026-06-21,2026-06-20T01:05:45Z,bmCs2StEuI4,"""You snapped again today"" — Marcus Aurelius | Stoicism",995,28,9,https://youtube.com/shorts/bmCs2StEuI4
2026-06-21,2026-06-19T01:04:16Z,bjBhTuiqWEE,"""You're fighting reality"" — Epictetus | Stoicism",456,10,3,https://youtube.com/shorts/bjBhTuiqWEE
2026-06-21,2026-06-18T03:00:43Z,tgWhj1oONpA,"""You'll regret that pleasure"" — Musonius Rufus | Stoicism",215,5,3,https://youtube.com/shorts/tgWhj1oONpA
2026-06-21,2026-06-17T22:29:41Z,_MXQmYvQ39Y,"""You'll die wandering"" — Zeno of Citium | Stoicism",872,13,0,https://youtube.com/shorts/_MXQmYvQ39Y
2026-06-21,2026-06-16T23:00:44Z,sKmNkVEAiiU,"""You're just following everyone"" — Chrysippus | Stoicism",332,8,0,https://youtube.com/shorts/sKmNkVEAiiU
2026-06-21,2026-06-15T23:14:16Z,qL48RlSTrkM,"Day 11 | Cleanliness of the body is fitting, but to seem better  — Musonius Rufus",172,1,0,https://youtube.com/shorts/qL48RlSTrkM
2026-06-21,2026-06-14T20:51:12Z,6gK4rVgWGeA,"""You're still waiting"" — Seneca | Stoicism",421,10,1,https://youtube.com/shorts/6gK4rVgWGeA
2026-06-21,2026-06-13T20:53:18Z,1vW5QlYLtdY,"""You're not ready for this"" — Marcus Aurelius | Stoicism",293,5,0,https://youtube.com/shorts/1vW5QlYLtdY
2026-06-21,2026-06-13T17:37:30Z,JDnyFxuDpdI,"""You're avoiding your family"" — Epictetus | Stoicism",127,4,0,https://youtube.com/shorts/JDnyFxuDpdI
2026-06-21,2026-06-21T17:19:47Z,JtNYzp7ezSI,"""You wanted it easy"" — Marcus Aurelius | Stoicism",252,8,3,https://youtube.com/shorts/JtNYzp7ezSI
2026-06-21,2026-06-21T13:38:22Z,Q9Ljqj2smco,"""5 Rules That Make You Reliable"" — Epictetus | Stoicism",825,23,3,https://youtube.com/shorts/Q9Ljqj2smco
2026-06-21,2026-06-21T11:04:23Z,Rphu9VeOCTA,"""You force every connection"" — Musonius Rufus | Stoicism",1232,20,3,https://youtube.com/shorts/Rphu9VeOCTA
2026-06-21,2026-06-21T03:51:52Z,xK-OAifO1HM,"""You're scared of nothing"" — Zeno of Citium | Stoicism",541,20,3,https://youtube.com/shorts/xK-OAifO1HM
2026-06-21,2026-06-20T21:07:45Z,7sIA2AE_0Vc,"""You blame everything but yourself"" — Chrysippus | Stoicism",364,11,5,https://youtube.com/shorts/7sIA2AE_0Vc
2026-06-21,2026-06-20T18:16:18Z,OsgdlKCFuLw,"""5 Rules to Kill Endless Craving"" — Seneca | Stoicism",162,7,3,https://youtube.com/shorts/OsgdlKCFuLw
2026-06-21,2026-06-20T01:05:45Z,bmCs2StEuI4,"""You snapped again today"" — Marcus Aurelius | Stoicism",995,28,9,https://youtube.com/shorts/bmCs2StEuI4
2026-06-21,2026-06-19T01:04:16Z,bjBhTuiqWEE,"""You're fighting reality"" — Epictetus | Stoicism",456,10,3,https://youtube.com/shorts/bjBhTuiqWEE
2026-06-21,2026-06-18T03:00:43Z,tgWhj1oONpA,"""You'll regret that pleasure"" — Musonius Rufus | Stoicism",215,5,3,https://youtube.com/shorts/tgWhj1oONpA
2026-06-21,2026-06-17T22:29:41Z,_MXQmYvQ39Y,"""You'll die wandering"" — Zeno of Citium | Stoicism",872,13,0,https://youtube.com/shorts/_MXQmYvQ39Y
2026-06-21,2026-06-16T23:00:44Z,sKmNkVEAiiU,"""You're just following everyone"" — Chrysippus | Stoicism",332,8,0,https://youtube.com/shorts/sKmNkVEAiiU
2026-06-21,2026-06-15T23:14:16Z,qL48RlSTrkM,"Day 11 | Cleanliness of the body is fitting, but to seem better  — Musonius Rufus",172,1,0,https://youtube.com/shorts/qL48RlSTrkM
2026-06-21,2026-06-14T20:51:12Z,6gK4rVgWGeA,"""You're still waiting"" — Seneca | Stoicism",421,10,1,https://youtube.com/shorts/6gK4rVgWGeA
2026-06-21,2026-06-13T20:53:18Z,1vW5QlYLtdY,"""You're not ready for this"" — Marcus Aurelius | Stoicism",293,5,0,https://youtube.com/shorts/1vW5QlYLtdY
2026-06-21,2026-06-13T17:37:30Z,JDnyFxuDpdI,"""You're avoiding your family"" — Epictetus | Stoicism",127,4,0,https://youtube.com/shorts/JDnyFxuDpdI
2026-06-22,2026-06-22T16:24:13Z,FSK7_LMHUOY,"""You're living everywhere but now"" — Chrysippus | Stoicism",0,0,2,https://youtube.com/shorts/FSK7_LMHUOY
2026-06-22,2026-06-21T17:19:47Z,JtNYzp7ezSI,"""You wanted it easy"" — Marcus Aurelius | Stoicism",305,11,3,https://youtube.com/shorts/JtNYzp7ezSI
2026-06-22,2026-06-21T13:38:22Z,Q9Ljqj2smco,"""5 Rules That Make You Reliable"" — Epictetus | Stoicism",846,25,3,https://youtube.com/shorts/Q9Ljqj2smco
2026-06-22,2026-06-21T11:04:23Z,Rphu9VeOCTA,"""You force every connection"" — Musonius Rufus | Stoicism",1233,21,3,https://youtube.com/shorts/Rphu9VeOCTA
2026-06-22,2026-06-21T03:51:52Z,xK-OAifO1HM,"""You're scared of nothing"" — Zeno of Citium | Stoicism",594,20,3,https://youtube.com/shorts/xK-OAifO1HM
2026-06-22,2026-06-20T21:07:45Z,7sIA2AE_0Vc,"""You blame everything but yourself"" — Chrysippus | Stoicism",412,15,5,https://youtube.com/shorts/7sIA2AE_0Vc
2026-06-22,2026-06-20T18:16:18Z,OsgdlKCFuLw,"""5 Rules to Kill Endless Craving"" — Seneca | Stoicism",189,8,3,https://youtube.com/shorts/OsgdlKCFuLw
2026-06-22,2026-06-20T01:05:45Z,bmCs2StEuI4,"""You snapped again today"" — Marcus Aurelius | Stoicism",1006,28,9,https://youtube.com/shorts/bmCs2StEuI4
2026-06-22,2026-06-19T01:04:16Z,bjBhTuiqWEE,"""You're fighting reality"" — Epictetus | Stoicism",456,10,3,https://youtube.com/shorts/bjBhTuiqWEE
2026-06-22,2026-06-18T03:00:43Z,tgWhj1oONpA,"""You'll regret that pleasure"" — Musonius Rufus | Stoicism",215,5,3,https://youtube.com/shorts/tgWhj1oONpA
2026-06-22,2026-06-17T22:29:41Z,_MXQmYvQ39Y,"""You'll die wandering"" — Zeno of Citium | Stoicism",871,13,0,https://youtube.com/shorts/_MXQmYvQ39Y
2026-06-22,2026-06-16T23:00:44Z,sKmNkVEAiiU,"""You're just following everyone"" — Chrysippus | Stoicism",332,8,0,https://youtube.com/shorts/sKmNkVEAiiU
2026-06-22,2026-06-15T23:14:16Z,qL48RlSTrkM,"Day 11 | Cleanliness of the body is fitting, but to seem better  — Musonius Rufus",172,1,0,https://youtube.com/shorts/qL48RlSTrkM
2026-06-22,2026-06-14T20:51:12Z,6gK4rVgWGeA,"""You're still waiting"" — Seneca | Stoicism",421,10,1,https://youtube.com/shorts/6gK4rVgWGeA
2026-06-22,2026-06-13T20:53:18Z,1vW5QlYLtdY,"""You're not ready for this"" — Marcus Aurelius | Stoicism",293,5,0,https://youtube.com/shorts/1vW5QlYLtdY
2026-06-22,2026-06-22T20:04:09Z,_1daf3c0PmA,"""You can't control yourself"" — Seneca | Stoicism",0,0,2,https://youtube.com/shorts/_1daf3c0PmA
2026-06-22,2026-06-22T16:24:36Z,FSK7_LMHUOY,"""You're living everywhere but now"" — Chrysippus | Stoicism",43,2,3,https://youtube.com/shorts/FSK7_LMHUOY
2026-06-22,2026-06-21T17:19:47Z,JtNYzp7ezSI,"""You wanted it easy"" — Marcus Aurelius | Stoicism",314,12,3,https://youtube.com/shorts/JtNYzp7ezSI
2026-06-22,2026-06-21T13:38:22Z,Q9Ljqj2smco,"""5 Rules That Make You Reliable"" — Epictetus | Stoicism",860,27,3,https://youtube.com/shorts/Q9Ljqj2smco
2026-06-22,2026-06-21T11:04:23Z,Rphu9VeOCTA,"""You force every connection"" — Musonius Rufus | Stoicism",1234,21,3,https://youtube.com/shorts/Rphu9VeOCTA
2026-06-22,2026-06-21T03:51:52Z,xK-OAifO1HM,"""You're scared of nothing"" — Zeno of Citium | Stoicism",594,20,3,https://youtube.com/shorts/xK-OAifO1HM
2026-06-22,2026-06-20T21:07:45Z,7sIA2AE_0Vc,"""You blame everything but yourself"" — Chrysippus | Stoicism",425,15,5,https://youtube.com/shorts/7sIA2AE_0Vc
2026-06-22,2026-06-20T18:16:18Z,OsgdlKCFuLw,"""5 Rules to Kill Endless Craving"" — Seneca | Stoicism",193,8,3,https://youtube.com/shorts/OsgdlKCFuLw
2026-06-22,2026-06-20T01:05:45Z,bmCs2StEuI4,"""You snapped again today"" — Marcus Aurelius | Stoicism",1006,28,9,https://youtube.com/shorts/bmCs2StEuI4
2026-06-22,2026-06-19T01:04:16Z,bjBhTuiqWEE,"""You're fighting reality"" — Epictetus | Stoicism",456,9,3,https://youtube.com/shorts/bjBhTuiqWEE
2026-06-22,2026-06-18T03:00:43Z,tgWhj1oONpA,"""You'll regret that pleasure"" — Musonius Rufus | Stoicism",215,5,3,https://youtube.com/shorts/tgWhj1oONpA
2026-06-22,2026-06-17T22:29:41Z,_MXQmYvQ39Y,"""You'll die wandering"" — Zeno of Citium | Stoicism",871,13,0,https://youtube.com/shorts/_MXQmYvQ39Y
2026-06-22,2026-06-16T23:00:44Z,sKmNkVEAiiU,"""You're just following everyone"" — Chrysippus | Stoicism",332,8,0,https://youtube.com/shorts/sKmNkVEAiiU
2026-06-22,2026-06-15T23:14:16Z,qL48RlSTrkM,"Day 11 | Cleanliness of the body is fitting, but to seem better  — Musonius Rufus",172,1,0,https://youtube.com/shorts/qL48RlSTrkM
2026-06-22,2026-06-14T20:51:12Z,6gK4rVgWGeA,"""You're still waiting"" — Seneca | Stoicism",421,10,1,https://youtube.com/shorts/6gK4rVgWGeA
2026-06-22,2026-06-22T21:44:28Z,Vw3Dd9pwjmg,"""5 Rules to Stop Wasting the Days You Have Left"" — Zeno of Citium | Stoicism",0,0,2,https://youtube.com/shorts/Vw3Dd9pwjmg
2026-06-22,2026-06-22T20:05:00Z,_1daf3c0PmA,"""You can't control yourself"" — Seneca | Stoicism",146,6,3,https://youtube.com/shorts/_1daf3c0PmA
2026-06-22,2026-06-22T16:24:36Z,FSK7_LMHUOY,"""You're living everywhere but now"" — Chrysippus | Stoicism",57,2,3,https://youtube.com/shorts/FSK7_LMHUOY
2026-06-22,2026-06-21T17:19:47Z,JtNYzp7ezSI,"""You wanted it easy"" — Marcus Aurelius | Stoicism",317,12,3,https://youtube.com/shorts/JtNYzp7ezSI
2026-06-22,2026-06-21T13:38:22Z,Q9Ljqj2smco,"""5 Rules That Make You Reliable"" — Epictetus | Stoicism",872,28,3,https://youtube.com/shorts/Q9Ljqj2smco
2026-06-22,2026-06-21T11:04:23Z,Rphu9VeOCTA,"""You force every connection"" — Musonius Rufus | Stoicism",1235,21,3,https://youtube.com/shorts/Rphu9VeOCTA
2026-06-22,2026-06-21T03:51:52Z,xK-OAifO1HM,"""You're scared of nothing"" — Zeno of Citium | Stoicism",599,20,3,https://youtube.com/shorts/xK-OAifO1HM
2026-06-22,2026-06-20T21:07:45Z,7sIA2AE_0Vc,"""You blame everything but yourself"" — Chrysippus | Stoicism",432,16,5,https://youtube.com/shorts/7sIA2AE_0Vc
2026-06-22,2026-06-20T18:16:18Z,OsgdlKCFuLw,"""5 Rules to Kill Endless Craving"" — Seneca | Stoicism",196,8,3,https://youtube.com/shorts/OsgdlKCFuLw
2026-06-22,2026-06-20T01:05:45Z,bmCs2StEuI4,"""You snapped again today"" — Marcus Aurelius | Stoicism",1006,28,9,https://youtube.com/shorts/bmCs2StEuI4
2026-06-22,2026-06-19T01:04:16Z,bjBhTuiqWEE,"""You're fighting reality"" — Epictetus | Stoicism",456,9,3,https://youtube.com/shorts/bjBhTuiqWEE
2026-06-22,2026-06-18T03:00:43Z,tgWhj1oONpA,"""You'll regret that pleasure"" — Musonius Rufus | Stoicism",215,5,3,https://youtube.com/shorts/tgWhj1oONpA
2026-06-22,2026-06-17T22:29:41Z,_MXQmYvQ39Y,"""You'll die wandering"" — Zeno of Citium | Stoicism",871,13,0,https://youtube.com/shorts/_MXQmYvQ39Y
2026-06-22,2026-06-16T23:00:44Z,sKmNkVEAiiU,"""You're just following everyone"" — Chrysippus | Stoicism",332,8,0,https://youtube.com/shorts/sKmNkVEAiiU
2026-06-22,2026-06-15T23:14:16Z,qL48RlSTrkM,"Day 11 | Cleanliness of the body is fitting, but to seem better  — Musonius Rufus",172,1,0,https://youtube.com/shorts/qL48RlSTrkM
2026-06-22,2026-06-22T23:06:21Z,bEIwqNbS5tI,"""You're protecting the wrong thing"" — Musonius Rufus | Stoicism",0,0,1,https://youtube.com/shorts/bEIwqNbS5tI
2026-06-22,2026-06-22T21:44:54Z,Vw3Dd9pwjmg,"""5 Rules to Stop Wasting the Days You Have Left"" — Zeno of Citium | Stoicism",189,8,3,https://youtube.com/shorts/Vw3Dd9pwjmg
2026-06-22,2026-06-22T20:05:00Z,_1daf3c0PmA,"""You can't control yourself"" — Seneca | Stoicism",268,9,3,https://youtube.com/shorts/_1daf3c0PmA
2026-06-22,2026-06-22T16:24:36Z,FSK7_LMHUOY,"""You're living everywhere but now"" — Chrysippus | Stoicism",58,3,3,https://youtube.com/shorts/FSK7_LMHUOY
2026-06-22,2026-06-21T17:19:47Z,JtNYzp7ezSI,"""You wanted it easy"" — Marcus Aurelius | Stoicism",317,12,3,https://youtube.com/shorts/JtNYzp7ezSI
2026-06-22,2026-06-21T13:38:22Z,Q9Ljqj2smco,"""5 Rules That Make You Reliable"" — Epictetus | Stoicism",901,26,3,https://youtube.com/shorts/Q9Ljqj2smco
2026-06-22,2026-06-21T11:04:23Z,Rphu9VeOCTA,"""You force every connection"" — Musonius Rufus | Stoicism",1235,21,3,https://youtube.com/shorts/Rphu9VeOCTA
2026-06-22,2026-06-21T03:51:52Z,xK-OAifO1HM,"""You're scared of nothing"" — Zeno of Citium | Stoicism",600,20,3,https://youtube.com/shorts/xK-OAifO1HM
2026-06-22,2026-06-20T21:07:45Z,7sIA2AE_0Vc,"""You blame everything but yourself"" — Chrysippus | Stoicism",429,16,5,https://youtube.com/shorts/7sIA2AE_0Vc
2026-06-22,2026-06-20T18:16:18Z,OsgdlKCFuLw,"""5 Rules to Kill Endless Craving"" — Seneca | Stoicism",196,8,3,https://youtube.com/shorts/OsgdlKCFuLw
2026-06-22,2026-06-20T01:05:45Z,bmCs2StEuI4,"""You snapped again today"" — Marcus Aurelius | Stoicism",1006,28,9,https://youtube.com/shorts/bmCs2StEuI4
2026-06-22,2026-06-19T01:04:16Z,bjBhTuiqWEE,"""You're fighting reality"" — Epictetus | Stoicism",456,9,3,https://youtube.com/shorts/bjBhTuiqWEE
2026-06-22,2026-06-18T03:00:43Z,tgWhj1oONpA,"""You'll regret that pleasure"" — Musonius Rufus | Stoicism",215,5,3,https://youtube.com/shorts/tgWhj1oONpA
2026-06-22,2026-06-17T22:29:41Z,_MXQmYvQ39Y,"""You'll die wandering"" — Zeno of Citium | Stoicism",871,13,0,https://youtube.com/shorts/_MXQmYvQ39Y
2026-06-22,2026-06-16T23:00:44Z,sKmNkVEAiiU,"""You're just following everyone"" — Chrysippus | Stoicism",332,8,0,https://youtube.com/shorts/sKmNkVEAiiU
2026-06-22,2026-06-22T23:06:55Z,bEIwqNbS5tI,"""You're protecting the wrong thing"" — Musonius Rufus | Stoicism",116,3,3,https://youtube.com/shorts/bEIwqNbS5tI
2026-06-22,2026-06-22T21:44:54Z,Vw3Dd9pwjmg,"""5 Rules to Stop Wasting the Days You Have Left"" — Zeno of Citium | Stoicism",247,9,3,https://youtube.com/shorts/Vw3Dd9pwjmg
2026-06-22,2026-06-22T20:05:00Z,_1daf3c0PmA,"""You can't control yourself"" — Seneca | Stoicism",335,12,3,https://youtube.com/shorts/_1daf3c0PmA
2026-06-22,2026-06-22T16:24:36Z,FSK7_LMHUOY,"""You're living everywhere but now"" — Chrysippus | Stoicism",57,2,3,https://youtube.com/shorts/FSK7_LMHUOY
2026-06-22,2026-06-21T17:19:47Z,JtNYzp7ezSI,"""You wanted it easy"" — Marcus Aurelius | Stoicism",317,12,3,https://youtube.com/shorts/JtNYzp7ezSI
2026-06-22,2026-06-21T13:38:22Z,Q9Ljqj2smco,"""5 Rules That Make You Reliable"" — Epictetus | Stoicism",884,27,3,https://youtube.com/shorts/Q9Ljqj2smco
2026-06-22,2026-06-21T11:04:23Z,Rphu9VeOCTA,"""You force every connection"" — Musonius Rufus | Stoicism",1235,21,3,https://youtube.com/shorts/Rphu9VeOCTA
2026-06-22,2026-06-21T03:51:52Z,xK-OAifO1HM,"""You're scared of nothing"" — Zeno of Citium | Stoicism",600,20,3,https://youtube.com/shorts/xK-OAifO1HM
2026-06-22,2026-06-20T21:07:45Z,7sIA2AE_0Vc,"""You blame everything but yourself"" — Chrysippus | Stoicism",432,16,5,https://youtube.com/shorts/7sIA2AE_0Vc
2026-06-22,2026-06-20T18:16:18Z,OsgdlKCFuLw,"""5 Rules to Kill Endless Craving"" — Seneca | Stoicism",196,8,3,https://youtube.com/shorts/OsgdlKCFuLw
2026-06-22,2026-06-20T01:05:45Z,bmCs2StEuI4,"""You snapped again today"" — Marcus Aurelius | Stoicism",1006,28,9,https://youtube.com/shorts/bmCs2StEuI4
2026-06-22,2026-06-19T01:04:16Z,bjBhTuiqWEE,"""You're fighting reality"" — Epictetus | Stoicism",456,9,3,https://youtube.com/shorts/bjBhTuiqWEE
2026-06-22,2026-06-18T03:00:43Z,tgWhj1oONpA,"""You'll regret that pleasure"" — Musonius Rufus | Stoicism",215,5,3,https://youtube.com/shorts/tgWhj1oONpA
2026-06-22,2026-06-17T22:29:41Z,_MXQmYvQ39Y,"""You'll die wandering"" — Zeno of Citium | Stoicism",871,13,0,https://youtube.com/shorts/_MXQmYvQ39Y
2026-06-22,2026-06-16T23:00:44Z,sKmNkVEAiiU,"""You're just following everyone"" — Chrysippus | Stoicism",332,8,0,https://youtube.com/shorts/sKmNkVEAiiU
2026-06-23,2026-06-23T10:54:57Z,Rsvwh1RWd90,"""You blame your circumstances"" — Epictetus | Stoicism",0,0,2,https://youtube.com/shorts/Rsvwh1RWd90
2026-06-23,2026-06-22T23:06:55Z,bEIwqNbS5tI,"""You're protecting the wrong thing"" — Musonius Rufus | Stoicism",759,19,3,https://youtube.com/shorts/bEIwqNbS5tI
2026-06-23,2026-06-22T21:44:54Z,Vw3Dd9pwjmg,"""5 Rules to Stop Wasting the Days You Have Left"" — Zeno of Citium | Stoicism",686,28,2,https://youtube.com/shorts/Vw3Dd9pwjmg
2026-06-23,2026-06-22T20:05:00Z,_1daf3c0PmA,"""You can't control yourself"" — Seneca | Stoicism",496,16,3,https://youtube.com/shorts/_1daf3c0PmA
2026-06-23,2026-06-22T16:24:36Z,FSK7_LMHUOY,"""You're living everywhere but now"" — Chrysippus | Stoicism",88,3,3,https://youtube.com/shorts/FSK7_LMHUOY
2026-06-23,2026-06-21T17:19:47Z,JtNYzp7ezSI,"""You wanted it easy"" — Marcus Aurelius | Stoicism",378,12,3,https://youtube.com/shorts/JtNYzp7ezSI
2026-06-23,2026-06-21T13:38:22Z,Q9Ljqj2smco,"""5 Rules That Make You Reliable"" — Epictetus | Stoicism",947,27,3,https://youtube.com/shorts/Q9Ljqj2smco
2026-06-23,2026-06-21T11:04:23Z,Rphu9VeOCTA,"""You force every connection"" — Musonius Rufus | Stoicism",1239,21,3,https://youtube.com/shorts/Rphu9VeOCTA
2026-06-23,2026-06-21T03:51:52Z,xK-OAifO1HM,"""You're scared of nothing"" — Zeno of Citium | Stoicism",643,22,4,https://youtube.com/shorts/xK-OAifO1HM
2026-06-23,2026-06-20T21:07:45Z,7sIA2AE_0Vc,"""You blame everything but yourself"" — Chrysippus | Stoicism",441,16,5,https://youtube.com/shorts/7sIA2AE_0Vc
2026-06-23,2026-06-20T18:16:18Z,OsgdlKCFuLw,"""5 Rules to Kill Endless Craving"" — Seneca | Stoicism",197,8,3,https://youtube.com/shorts/OsgdlKCFuLw
2026-06-23,2026-06-20T01:05:45Z,bmCs2StEuI4,"""You snapped again today"" — Marcus Aurelius | Stoicism",1008,28,9,https://youtube.com/shorts/bmCs2StEuI4
2026-06-23,2026-06-19T01:04:16Z,bjBhTuiqWEE,"""You're fighting reality"" — Epictetus | Stoicism",457,9,3,https://youtube.com/shorts/bjBhTuiqWEE
2026-06-23,2026-06-18T03:00:43Z,tgWhj1oONpA,"""You'll regret that pleasure"" — Musonius Rufus | Stoicism",215,5,3,https://youtube.com/shorts/tgWhj1oONpA
2026-06-23,2026-06-17T22:29:41Z,_MXQmYvQ39Y,"""You'll die wandering"" — Zeno of Citium | Stoicism",871,13,0,https://youtube.com/shorts/_MXQmYvQ39Y
2026-06-23,2026-06-23T16:24:48Z,H5DKoI8ZYOE,"""You snapped again today"" — Chrysippus | Stoicism",0,0,2,https://youtube.com/shorts/H5DKoI8ZYOE
2026-06-23,2026-06-23T10:55:28Z,Rsvwh1RWd90,"""You blame your circumstances"" — Epictetus | Stoicism",236,7,3,https://youtube.com/shorts/Rsvwh1RWd90
2026-06-23,2026-06-22T23:06:55Z,bEIwqNbS5tI,"""You're protecting the wrong thing"" — Musonius Rufus | Stoicism",769,19,3,https://youtube.com/shorts/bEIwqNbS5tI
2026-06-23,2026-06-22T21:44:54Z,Vw3Dd9pwjmg,"""5 Rules to Stop Wasting the Days You Have Left"" — Zeno of Citium | Stoicism",689,28,2,https://youtube.com/shorts/Vw3Dd9pwjmg
2026-06-23,2026-06-22T20:05:00Z,_1daf3c0PmA,"""You can't control yourself"" — Seneca | Stoicism",517,17,3,https://youtube.com/shorts/_1daf3c0PmA
2026-06-23,2026-06-22T16:24:36Z,FSK7_LMHUOY,"""You're living everywhere but now"" — Chrysippus | Stoicism",99,3,3,https://youtube.com/shorts/FSK7_LMHUOY
2026-06-23,2026-06-21T17:19:47Z,JtNYzp7ezSI,"""You wanted it easy"" — Marcus Aurelius | Stoicism",382,13,3,https://youtube.com/shorts/JtNYzp7ezSI
2026-06-23,2026-06-21T13:38:22Z,Q9Ljqj2smco,"""5 Rules That Make You Reliable"" — Epictetus | Stoicism",950,27,3,https://youtube.com/shorts/Q9Ljqj2smco
2026-06-23,2026-06-21T11:04:23Z,Rphu9VeOCTA,"""You force every connection"" — Musonius Rufus | Stoicism",1238,21,3,https://youtube.com/shorts/Rphu9VeOCTA
2026-06-23,2026-06-21T03:51:52Z,xK-OAifO1HM,"""You're scared of nothing"" — Zeno of Citium | Stoicism",644,22,4,https://youtube.com/shorts/xK-OAifO1HM
2026-06-23,2026-06-20T21:07:45Z,7sIA2AE_0Vc,"""You blame everything but yourself"" — Chrysippus | Stoicism",441,16,5,https://youtube.com/shorts/7sIA2AE_0Vc
2026-06-23,2026-06-20T18:16:18Z,OsgdlKCFuLw,"""5 Rules to Kill Endless Craving"" — Seneca | Stoicism",197,8,3,https://youtube.com/shorts/OsgdlKCFuLw
2026-06-23,2026-06-20T01:05:45Z,bmCs2StEuI4,"""You snapped again today"" — Marcus Aurelius | Stoicism",1008,28,9,https://youtube.com/shorts/bmCs2StEuI4
2026-06-23,2026-06-19T01:04:16Z,bjBhTuiqWEE,"""You're fighting reality"" — Epictetus | Stoicism",457,9,3,https://youtube.com/shorts/bjBhTuiqWEE
2026-06-23,2026-06-18T03:00:43Z,tgWhj1oONpA,"""You'll regret that pleasure"" — Musonius Rufus | Stoicism",215,5,3,https://youtube.com/shorts/tgWhj1oONpA
2026-06-23,2026-06-23T19:34:51Z,IyW_jQ-7OKU,"""5 Rules to Kill Endless Wanting"" — Marcus Aurelius | Stoicism",0,0,2,https://youtube.com/shorts/IyW_jQ-7OKU
2026-06-23,2026-06-23T16:25:12Z,H5DKoI8ZYOE,"""You snapped again today"" — Chrysippus | Stoicism",367,22,3,https://youtube.com/shorts/H5DKoI8ZYOE
2026-06-23,2026-06-23T10:55:28Z,Rsvwh1RWd90,"""You blame your circumstances"" — Epictetus | Stoicism",276,8,3,https://youtube.com/shorts/Rsvwh1RWd90
2026-06-23,2026-06-22T23:06:55Z,bEIwqNbS5tI,"""You're protecting the wrong thing"" — Musonius Rufus | Stoicism",766,20,3,https://youtube.com/shorts/bEIwqNbS5tI
2026-06-23,2026-06-22T21:44:54Z,Vw3Dd9pwjmg,"""5 Rules to Stop Wasting the Days You Have Left"" — Zeno of Citium | Stoicism",681,29,2,https://youtube.com/shorts/Vw3Dd9pwjmg
2026-06-23,2026-06-22T20:05:00Z,_1daf3c0PmA,"""You can't control yourself"" — Seneca | Stoicism",528,18,3,https://youtube.com/shorts/_1daf3c0PmA
2026-06-23,2026-06-22T16:24:36Z,FSK7_LMHUOY,"""You're living everywhere but now"" — Chrysippus | Stoicism",99,3,3,https://youtube.com/shorts/FSK7_LMHUOY
2026-06-23,2026-06-21T17:19:47Z,JtNYzp7ezSI,"""You wanted it easy"" — Marcus Aurelius | Stoicism",390,13,3,https://youtube.com/shorts/JtNYzp7ezSI
2026-06-23,2026-06-21T13:38:22Z,Q9Ljqj2smco,"""5 Rules That Make You Reliable"" — Epictetus | Stoicism",951,27,3,https://youtube.com/shorts/Q9Ljqj2smco
2026-06-23,2026-06-21T11:04:23Z,Rphu9VeOCTA,"""You force every connection"" — Musonius Rufus | Stoicism",1239,21,3,https://youtube.com/shorts/Rphu9VeOCTA
2026-06-23,2026-06-21T03:51:52Z,xK-OAifO1HM,"""You're scared of nothing"" — Zeno of Citium | Stoicism",644,22,4,https://youtube.com/shorts/xK-OAifO1HM
2026-06-23,2026-06-20T21:07:45Z,7sIA2AE_0Vc,"""You blame everything but yourself"" — Chrysippus | Stoicism",441,16,5,https://youtube.com/shorts/7sIA2AE_0Vc
2026-06-23,2026-06-20T18:16:18Z,OsgdlKCFuLw,"""5 Rules to Kill Endless Craving"" — Seneca | Stoicism",197,8,3,https://youtube.com/shorts/OsgdlKCFuLw
2026-06-23,2026-06-20T01:05:45Z,bmCs2StEuI4,"""You snapped again today"" — Marcus Aurelius | Stoicism",1008,28,9,https://youtube.com/shorts/bmCs2StEuI4
2026-06-23,2026-06-19T01:04:16Z,bjBhTuiqWEE,"""You're fighting reality"" — Epictetus | Stoicism",457,9,3,https://youtube.com/shorts/bjBhTuiqWEE
2026-06-23,2026-06-23T22:11:33Z,Jcv8bTZ636Q,"""You begged for an easy life"" — Seneca | Stoicism",0,0,2,https://youtube.com/shorts/Jcv8bTZ636Q
2026-06-23,2026-06-23T19:35:32Z,IyW_jQ-7OKU,"""5 Rules to Kill Endless Wanting"" — Marcus Aurelius | Stoicism",491,37,4,https://youtube.com/shorts/IyW_jQ-7OKU
2026-06-23,2026-06-23T16:25:12Z,H5DKoI8ZYOE,"""You snapped again today"" — Chrysippus | Stoicism",524,26,3,https://youtube.com/shorts/H5DKoI8ZYOE
2026-06-23,2026-06-23T10:55:28Z,Rsvwh1RWd90,"""You blame your circumstances"" — Epictetus | Stoicism",313,9,3,https://youtube.com/shorts/Rsvwh1RWd90
2026-06-23,2026-06-22T23:06:55Z,bEIwqNbS5tI,"""You're protecting the wrong thing"" — Musonius Rufus | Stoicism",768,20,3,https://youtube.com/shorts/bEIwqNbS5tI
2026-06-23,2026-06-22T21:44:54Z,Vw3Dd9pwjmg,"""5 Rules to Stop Wasting the Days You Have Left"" — Zeno of Citium | Stoicism",687,31,2,https://youtube.com/shorts/Vw3Dd9pwjmg
2026-06-23,2026-06-22T20:05:00Z,_1daf3c0PmA,"""You can't control yourself"" — Seneca | Stoicism",543,20,3,https://youtube.com/shorts/_1daf3c0PmA
2026-06-23,2026-06-22T16:24:36Z,FSK7_LMHUOY,"""You're living everywhere but now"" — Chrysippus | Stoicism",116,5,3,https://youtube.com/shorts/FSK7_LMHUOY
2026-06-23,2026-06-21T17:19:47Z,JtNYzp7ezSI,"""You wanted it easy"" — Marcus Aurelius | Stoicism",390,13,3,https://youtube.com/shorts/JtNYzp7ezSI
2026-06-23,2026-06-21T13:38:22Z,Q9Ljqj2smco,"""5 Rules That Make You Reliable"" — Epictetus | Stoicism",957,28,3,https://youtube.com/shorts/Q9Ljqj2smco
2026-06-23,2026-06-21T11:04:23Z,Rphu9VeOCTA,"""You force every connection"" — Musonius Rufus | Stoicism",1239,21,3,https://youtube.com/shorts/Rphu9VeOCTA
2026-06-23,2026-06-21T03:51:52Z,xK-OAifO1HM,"""You're scared of nothing"" — Zeno of Citium | Stoicism",644,22,4,https://youtube.com/shorts/xK-OAifO1HM
2026-06-23,2026-06-20T21:07:45Z,7sIA2AE_0Vc,"""You blame everything but yourself"" — Chrysippus | Stoicism",441,16,5,https://youtube.com/shorts/7sIA2AE_0Vc
2026-06-23,2026-06-20T18:16:18Z,OsgdlKCFuLw,"""5 Rules to Kill Endless Craving"" — Seneca | Stoicism",197,8,3,https://youtube.com/shorts/OsgdlKCFuLw
2026-06-23,2026-06-20T01:05:45Z,bmCs2StEuI4,"""You snapped again today"" — Marcus Aurelius | Stoicism",1008,28,9,https://youtube.com/shorts/bmCs2StEuI4
2026-06-23,2026-06-23T22:12:10Z,Jcv8bTZ636Q,"""You begged for an easy life"" — Seneca | Stoicism",125,4,3,https://youtube.com/shorts/Jcv8bTZ636Q
2026-06-23,2026-06-23T19:35:32Z,IyW_jQ-7OKU,"""5 Rules to Kill Endless Wanting"" — Marcus Aurelius | Stoicism",494,37,4,https://youtube.com/shorts/IyW_jQ-7OKU
2026-06-23,2026-06-23T16:25:12Z,H5DKoI8ZYOE,"""You snapped again today"" — Chrysippus | Stoicism",528,26,3,https://youtube.com/shorts/H5DKoI8ZYOE
2026-06-23,2026-06-23T10:55:28Z,Rsvwh1RWd90,"""You blame your circumstances"" — Epictetus | Stoicism",313,9,3,https://youtube.com/shorts/Rsvwh1RWd90
2026-06-23,2026-06-22T23:06:55Z,bEIwqNbS5tI,"""You're protecting the wrong thing"" — Musonius Rufus | Stoicism",768,20,3,https://youtube.com/shorts/bEIwqNbS5tI
2026-06-23,2026-06-22T21:44:54Z,Vw3Dd9pwjmg,"""5 Rules to Stop Wasting the Days You Have Left"" — Zeno of Citium | Stoicism",694,33,2,https://youtube.com/shorts/Vw3Dd9pwjmg
2026-06-23,2026-06-22T20:05:00Z,_1daf3c0PmA,"""You can't control yourself"" — Seneca | Stoicism",543,20,3,https://youtube.com/shorts/_1daf3c0PmA
2026-06-23,2026-06-22T16:24:36Z,FSK7_LMHUOY,"""You're living everywhere but now"" — Chrysippus | Stoicism",116,5,3,https://youtube.com/shorts/FSK7_LMHUOY
2026-06-23,2026-06-21T17:19:47Z,JtNYzp7ezSI,"""You wanted it easy"" — Marcus Aurelius | Stoicism",401,13,3,https://youtube.com/shorts/JtNYzp7ezSI
2026-06-23,2026-06-21T13:38:22Z,Q9Ljqj2smco,"""5 Rules That Make You Reliable"" — Epictetus | Stoicism",958,28,3,https://youtube.com/shorts/Q9Ljqj2smco
2026-06-23,2026-06-21T11:04:23Z,Rphu9VeOCTA,"""You force every connection"" — Musonius Rufus | Stoicism",1239,21,3,https://youtube.com/shorts/Rphu9VeOCTA
2026-06-23,2026-06-21T03:51:52Z,xK-OAifO1HM,"""You're scared of nothing"" — Zeno of Citium | Stoicism",644,22,4,https://youtube.com/shorts/xK-OAifO1HM
2026-06-23,2026-06-20T21:07:45Z,7sIA2AE_0Vc,"""You blame everything but yourself"" — Chrysippus | Stoicism",441,16,5,https://youtube.com/shorts/7sIA2AE_0Vc
2026-06-23,2026-06-20T18:16:18Z,OsgdlKCFuLw,"""5 Rules to Kill Endless Craving"" — Seneca | Stoicism",197,8,3,https://youtube.com/shorts/OsgdlKCFuLw
2026-06-23,2026-06-20T01:05:45Z,bmCs2StEuI4,"""You snapped again today"" — Marcus Aurelius | Stoicism",1008,28,9,https://youtube.com/shorts/bmCs2StEuI4
2026-06-24,2026-06-24T10:36:32Z,ft9cooOMGLA,"""Your fear is loud"" — Zeno of Citium | Stoicism",0,0,2,https://youtube.com/shorts/ft9cooOMGLA
2026-06-24,2026-06-23T22:12:10Z,Jcv8bTZ636Q,"""You begged for an easy life"" — Seneca | Stoicism",599,20,4,https://youtube.com/shorts/Jcv8bTZ636Q
2026-06-24,2026-06-23T19:35:32Z,IyW_jQ-7OKU,"""5 Rules to Kill Endless Wanting"" — Marcus Aurelius | Stoicism",768,42,5,https://youtube.com/shorts/IyW_jQ-7OKU
2026-06-24,2026-06-23T16:25:12Z,H5DKoI8ZYOE,"""You snapped again today"" — Chrysippus | Stoicism",688,25,3,https://youtube.com/shorts/H5DKoI8ZYOE
2026-06-24,2026-06-23T10:55:28Z,Rsvwh1RWd90,"""You blame your circumstances"" — Epictetus | Stoicism",398,16,3,https://youtube.com/shorts/Rsvwh1RWd90
2026-06-24,2026-06-22T23:06:55Z,bEIwqNbS5tI,"""You're protecting the wrong thing"" — Musonius Rufus | Stoicism",781,21,3,https://youtube.com/shorts/bEIwqNbS5tI
2026-06-24,2026-06-22T21:44:54Z,Vw3Dd9pwjmg,"""5 Rules to Stop Wasting the Days You Have Left"" — Zeno of Citium | Stoicism",707,34,2,https://youtube.com/shorts/Vw3Dd9pwjmg
2026-06-24,2026-06-22T20:05:00Z,_1daf3c0PmA,"""You can't control yourself"" — Seneca | Stoicism",613,23,3,https://youtube.com/shorts/_1daf3c0PmA
2026-06-24,2026-06-22T16:24:36Z,FSK7_LMHUOY,"""You're living everywhere but now"" — Chrysippus | Stoicism",191,8,3,https://youtube.com/shorts/FSK7_LMHUOY
2026-06-24,2026-06-21T17:19:47Z,JtNYzp7ezSI,"""You wanted it easy"" — Marcus Aurelius | Stoicism",406,13,3,https://youtube.com/shorts/JtNYzp7ezSI
2026-06-24,2026-06-21T13:38:22Z,Q9Ljqj2smco,"""5 Rules That Make You Reliable"" — Epictetus | Stoicism",1047,32,3,https://youtube.com/shorts/Q9Ljqj2smco
2026-06-24,2026-06-21T11:04:23Z,Rphu9VeOCTA,"""You force every connection"" — Musonius Rufus | Stoicism",1245,22,3,https://youtube.com/shorts/Rphu9VeOCTA
2026-06-24,2026-06-21T03:51:52Z,xK-OAifO1HM,"""You're scared of nothing"" — Zeno of Citium | Stoicism",645,21,5,https://youtube.com/shorts/xK-OAifO1HM
2026-06-24,2026-06-20T21:07:45Z,7sIA2AE_0Vc,"""You blame everything but yourself"" — Chrysippus | Stoicism",441,16,5,https://youtube.com/shorts/7sIA2AE_0Vc
2026-06-24,2026-06-20T18:16:18Z,OsgdlKCFuLw,"""5 Rules to Kill Endless Craving"" — Seneca | Stoicism",197,8,3,https://youtube.com/shorts/OsgdlKCFuLw
2026-06-24,2026-06-24T15:49:25Z,IpvOGNTWX8g,"""Your friends are convenient strangers"" — Musonius Rufus | Stoicism",0,0,2,https://youtube.com/shorts/IpvOGNTWX8g
2026-06-24,2026-06-24T10:36:53Z,ft9cooOMGLA,"""Your fear is loud"" — Zeno of Citium | Stoicism",482,24,4,https://youtube.com/shorts/ft9cooOMGLA
2026-06-24,2026-06-23T22:12:10Z,Jcv8bTZ636Q,"""You begged for an easy life"" — Seneca | Stoicism",618,23,4,https://youtube.com/shorts/Jcv8bTZ636Q
2026-06-24,2026-06-23T19:35:32Z,IyW_jQ-7OKU,"""5 Rules to Kill Endless Wanting"" — Marcus Aurelius | Stoicism",795,42,5,https://youtube.com/shorts/IyW_jQ-7OKU
2026-06-24,2026-06-23T16:25:12Z,H5DKoI8ZYOE,"""You snapped again today"" — Chrysippus | Stoicism",689,25,3,https://youtube.com/shorts/H5DKoI8ZYOE
2026-06-24,2026-06-23T10:55:28Z,Rsvwh1RWd90,"""You blame your circumstances"" — Epictetus | Stoicism",414,17,3,https://youtube.com/shorts/Rsvwh1RWd90
2026-06-24,2026-06-22T23:06:55Z,bEIwqNbS5tI,"""You're protecting the wrong thing"" — Musonius Rufus | Stoicism",781,21,3,https://youtube.com/shorts/bEIwqNbS5tI
2026-06-24,2026-06-22T21:44:54Z,Vw3Dd9pwjmg,"""5 Rules to Stop Wasting the Days You Have Left"" — Zeno of Citium | Stoicism",708,34,2,https://youtube.com/shorts/Vw3Dd9pwjmg
2026-06-24,2026-06-22T20:05:00Z,_1daf3c0PmA,"""You can't control yourself"" — Seneca | Stoicism",649,24,3,https://youtube.com/shorts/_1daf3c0PmA
2026-06-24,2026-06-22T16:24:36Z,FSK7_LMHUOY,"""You're living everywhere but now"" — Chrysippus | Stoicism",207,8,3,https://youtube.com/shorts/FSK7_LMHUOY
2026-06-24,2026-06-21T17:19:47Z,JtNYzp7ezSI,"""You wanted it easy"" — Marcus Aurelius | Stoicism",407,13,3,https://youtube.com/shorts/JtNYzp7ezSI
2026-06-24,2026-06-21T13:38:22Z,Q9Ljqj2smco,"""5 Rules That Make You Reliable"" — Epictetus | Stoicism",1067,32,3,https://youtube.com/shorts/Q9Ljqj2smco
2026-06-24,2026-06-21T11:04:23Z,Rphu9VeOCTA,"""You force every connection"" — Musonius Rufus | Stoicism",1250,22,3,https://youtube.com/shorts/Rphu9VeOCTA
2026-06-24,2026-06-21T03:51:52Z,xK-OAifO1HM,"""You're scared of nothing"" — Zeno of Citium | Stoicism",646,21,5,https://youtube.com/shorts/xK-OAifO1HM
2026-06-24,2026-06-20T21:07:45Z,7sIA2AE_0Vc,"""You blame everything but yourself"" — Chrysippus | Stoicism",440,16,5,https://youtube.com/shorts/7sIA2AE_0Vc
2026-06-24,2026-06-24T18:34:28Z,Ihqc_gul6bQ,"""5 Rules That Make You Impossible to Corrupt"" — Chrysippus | Stoicism",0,0,2,https://youtube.com/shorts/Ihqc_gul6bQ
2026-06-24,2026-06-24T15:50:05Z,IpvOGNTWX8g,"""Your friends are convenient strangers"" — Musonius Rufus | Stoicism",120,4,3,https://youtube.com/shorts/IpvOGNTWX8g
2026-06-24,2026-06-24T10:36:53Z,ft9cooOMGLA,"""Your fear is loud"" — Zeno of Citium | Stoicism",646,24,5,https://youtube.com/shorts/ft9cooOMGLA
2026-06-24,2026-06-23T22:12:10Z,Jcv8bTZ636Q,"""You begged for an easy life"" — Seneca | Stoicism",642,24,4,https://youtube.com/shorts/Jcv8bTZ636Q
2026-06-24,2026-06-23T19:35:32Z,IyW_jQ-7OKU,"""5 Rules to Kill Endless Wanting"" — Marcus Aurelius | Stoicism",801,44,5,https://youtube.com/shorts/IyW_jQ-7OKU
2026-06-24,2026-06-23T16:25:12Z,H5DKoI8ZYOE,"""You snapped again today"" — Chrysippus | Stoicism",691,26,3,https://youtube.com/shorts/H5DKoI8ZYOE
2026-06-24,2026-06-23T10:55:28Z,Rsvwh1RWd90,"""You blame your circumstances"" — Epictetus | Stoicism",427,18,3,https://youtube.com/shorts/Rsvwh1RWd90
2026-06-24,2026-06-22T23:06:55Z,bEIwqNbS5tI,"""You're protecting the wrong thing"" — Musonius Rufus | Stoicism",782,21,3,https://youtube.com/shorts/bEIwqNbS5tI
2026-06-24,2026-06-22T21:44:54Z,Vw3Dd9pwjmg,"""5 Rules to Stop Wasting the Days You Have Left"" — Zeno of Citium | Stoicism",709,34,2,https://youtube.com/shorts/Vw3Dd9pwjmg
2026-06-24,2026-06-22T20:05:00Z,_1daf3c0PmA,"""You can't control yourself"" — Seneca | Stoicism",650,24,3,https://youtube.com/shorts/_1daf3c0PmA
2026-06-24,2026-06-22T16:24:36Z,FSK7_LMHUOY,"""You're living everywhere but now"" — Chrysippus | Stoicism",207,8,3,https://youtube.com/shorts/FSK7_LMHUOY
2026-06-24,2026-06-21T17:19:47Z,JtNYzp7ezSI,"""You wanted it easy"" — Marcus Aurelius | Stoicism",407,13,3,https://youtube.com/shorts/JtNYzp7ezSI
2026-06-24,2026-06-21T13:38:22Z,Q9Ljqj2smco,"""5 Rules That Make You Reliable"" — Epictetus | Stoicism",1078,32,3,https://youtube.com/shorts/Q9Ljqj2smco
2026-06-24,2026-06-21T11:04:23Z,Rphu9VeOCTA,"""You force every connection"" — Musonius Rufus | Stoicism",1250,22,3,https://youtube.com/shorts/Rphu9VeOCTA
2026-06-24,2026-06-21T03:51:52Z,xK-OAifO1HM,"""You're scared of nothing"" — Zeno of Citium | Stoicism",646,21,5,https://youtube.com/shorts/xK-OAifO1HM
2026-06-24,2026-06-24T22:06:42Z,Mk02sx_CuQo,"""You wanted it easy"" — Epictetus | Stoicism",0,0,2,https://youtube.com/shorts/Mk02sx_CuQo
2026-06-24,2026-06-24T18:35:14Z,Ihqc_gul6bQ,"""5 Rules That Make You Impossible to Corrupt"" — Chrysippus | Stoicism",522,35,4,https://youtube.com/shorts/Ihqc_gul6bQ
2026-06-24,2026-06-24T15:50:05Z,IpvOGNTWX8g,"""Your friends are convenient strangers"" — Musonius Rufus | Stoicism",314,11,3,https://youtube.com/shorts/IpvOGNTWX8g
2026-06-24,2026-06-24T10:36:53Z,ft9cooOMGLA,"""Your fear is loud"" — Zeno of Citium | Stoicism",706,26,5,https://youtube.com/shorts/ft9cooOMGLA
2026-06-24,2026-06-23T22:12:10Z,Jcv8bTZ636Q,"""You begged for an easy life"" — Seneca | Stoicism",650,24,4,https://youtube.com/shorts/Jcv8bTZ636Q
2026-06-24,2026-06-23T19:35:32Z,IyW_jQ-7OKU,"""5 Rules to Kill Endless Wanting"" — Marcus Aurelius | Stoicism",834,47,5,https://youtube.com/shorts/IyW_jQ-7OKU
2026-06-24,2026-06-23T16:25:12Z,H5DKoI8ZYOE,"""You snapped again today"" — Chrysippus | Stoicism",699,27,3,https://youtube.com/shorts/H5DKoI8ZYOE
2026-06-24,2026-06-23T10:55:28Z,Rsvwh1RWd90,"""You blame your circumstances"" — Epictetus | Stoicism",451,18,3,https://youtube.com/shorts/Rsvwh1RWd90
2026-06-24,2026-06-22T23:06:55Z,bEIwqNbS5tI,"""You're protecting the wrong thing"" — Musonius Rufus | Stoicism",783,21,3,https://youtube.com/shorts/bEIwqNbS5tI
2026-06-24,2026-06-22T21:44:54Z,Vw3Dd9pwjmg,"""5 Rules to Stop Wasting the Days You Have Left"" — Zeno of Citium | Stoicism",712,34,2,https://youtube.com/shorts/Vw3Dd9pwjmg
2026-06-24,2026-06-22T20:05:00Z,_1daf3c0PmA,"""You can't control yourself"" — Seneca | Stoicism",669,24,3,https://youtube.com/shorts/_1daf3c0PmA
2026-06-24,2026-06-22T16:24:36Z,FSK7_LMHUOY,"""You're living everywhere but now"" — Chrysippus | Stoicism",207,8,3,https://youtube.com/shorts/FSK7_LMHUOY
2026-06-24,2026-06-21T17:19:47Z,JtNYzp7ezSI,"""You wanted it easy"" — Marcus Aurelius | Stoicism",406,13,3,https://youtube.com/shorts/JtNYzp7ezSI
2026-06-24,2026-06-21T13:38:22Z,Q9Ljqj2smco,"""5 Rules That Make You Reliable"" — Epictetus | Stoicism",1081,32,3,https://youtube.com/shorts/Q9Ljqj2smco
2026-06-24,2026-06-21T11:04:23Z,Rphu9VeOCTA,"""You force every connection"" — Musonius Rufus | Stoicism",1251,22,3,https://youtube.com/shorts/Rphu9VeOCTA
2026-06-24,2026-06-24T22:07:09Z,Mk02sx_CuQo,"""You wanted it easy"" — Epictetus | Stoicism",50,5,2,https://youtube.com/shorts/Mk02sx_CuQo
2026-06-24,2026-06-24T18:35:14Z,Ihqc_gul6bQ,"""5 Rules That Make You Impossible to Corrupt"" — Chrysippus | Stoicism",523,36,4,https://youtube.com/shorts/Ihqc_gul6bQ
2026-06-24,2026-06-24T15:50:05Z,IpvOGNTWX8g,"""Your friends are convenient strangers"" — Musonius Rufus | Stoicism",320,12,3,https://youtube.com/shorts/IpvOGNTWX8g
2026-06-24,2026-06-24T10:36:53Z,ft9cooOMGLA,"""Your fear is loud"" — Zeno of Citium | Stoicism",706,25,5,https://youtube.com/shorts/ft9cooOMGLA
2026-06-24,2026-06-23T22:12:10Z,Jcv8bTZ636Q,"""You begged for an easy life"" — Seneca | Stoicism",650,24,4,https://youtube.com/shorts/Jcv8bTZ636Q
2026-06-24,2026-06-23T19:35:32Z,IyW_jQ-7OKU,"""5 Rules to Kill Endless Wanting"" — Marcus Aurelius | Stoicism",834,47,5,https://youtube.com/shorts/IyW_jQ-7OKU
2026-06-24,2026-06-23T16:25:12Z,H5DKoI8ZYOE,"""You snapped again today"" — Chrysippus | Stoicism",699,27,3,https://youtube.com/shorts/H5DKoI8ZYOE
2026-06-24,2026-06-23T10:55:28Z,Rsvwh1RWd90,"""You blame your circumstances"" — Epictetus | Stoicism",451,18,3,https://youtube.com/shorts/Rsvwh1RWd90
2026-06-24,2026-06-22T23:06:55Z,bEIwqNbS5tI,"""You're protecting the wrong thing"" — Musonius Rufus | Stoicism",783,22,3,https://youtube.com/shorts/bEIwqNbS5tI
2026-06-24,2026-06-22T21:44:54Z,Vw3Dd9pwjmg,"""5 Rules to Stop Wasting the Days You Have Left"" — Zeno of Citium | Stoicism",712,34,2,https://youtube.com/shorts/Vw3Dd9pwjmg
2026-06-24,2026-06-22T20:05:00Z,_1daf3c0PmA,"""You can't control yourself"" — Seneca | Stoicism",670,24,3,https://youtube.com/shorts/_1daf3c0PmA
2026-06-24,2026-06-22T16:24:36Z,FSK7_LMHUOY,"""You're living everywhere but now"" — Chrysippus | Stoicism",207,8,3,https://youtube.com/shorts/FSK7_LMHUOY
2026-06-24,2026-06-21T17:19:47Z,JtNYzp7ezSI,"""You wanted it easy"" — Marcus Aurelius | Stoicism",406,13,3,https://youtube.com/shorts/JtNYzp7ezSI
2026-06-24,2026-06-21T13:38:22Z,Q9Ljqj2smco,"""5 Rules That Make You Reliable"" — Epictetus | Stoicism",1081,32,3,https://youtube.com/shorts/Q9Ljqj2smco
2026-06-24,2026-06-21T11:04:23Z,Rphu9VeOCTA,"""You force every connection"" — Musonius Rufus | Stoicism",1251,22,3,https://youtube.com/shorts/Rphu9VeOCTA
2026-06-30,2026-06-30T01:52:10Z,IjDfLmmTHKU,"""You already know"" — Marcus Aurelius | Stoicism",0,0,2,https://youtube.com/shorts/IjDfLmmTHKU
2026-06-30,2026-06-24T22:07:09Z,Mk02sx_CuQo,"""You wanted it easy"" — Epictetus | Stoicism",545,20,5,https://youtube.com/shorts/Mk02sx_CuQo
2026-06-30,2026-06-24T18:35:14Z,Ihqc_gul6bQ,"""5 Rules That Make You Impossible to Corrupt"" — Chrysippus | Stoicism",805,40,4,https://youtube.com/shorts/Ihqc_gul6bQ
2026-06-30,2026-06-24T15:50:05Z,IpvOGNTWX8g,"""Your friends are convenient strangers"" — Musonius Rufus | Stoicism",532,18,3,https://youtube.com/shorts/IpvOGNTWX8g
2026-06-30,2026-06-24T10:36:53Z,ft9cooOMGLA,"""Your fear is loud"" — Zeno of Citium | Stoicism",901,36,5,https://youtube.com/shorts/ft9cooOMGLA
2026-06-30,2026-06-23T22:12:10Z,Jcv8bTZ636Q,"""You begged for an easy life"" — Seneca | Stoicism",772,29,4,https://youtube.com/shorts/Jcv8bTZ636Q
2026-06-30,2026-06-23T19:35:32Z,IyW_jQ-7OKU,"""5 Rules to Kill Endless Wanting"" — Marcus Aurelius | Stoicism",1252,73,5,https://youtube.com/shorts/IyW_jQ-7OKU
2026-06-30,2026-06-23T16:25:12Z,H5DKoI8ZYOE,"""You snapped again today"" — Chrysippus | Stoicism",712,28,3,https://youtube.com/shorts/H5DKoI8ZYOE
2026-06-30,2026-06-23T10:55:28Z,Rsvwh1RWd90,"""You blame your circumstances"" — Epictetus | Stoicism",459,18,3,https://youtube.com/shorts/Rsvwh1RWd90
2026-06-30,2026-06-22T23:06:55Z,bEIwqNbS5tI,"""You're protecting the wrong thing"" — Musonius Rufus | Stoicism",787,22,3,https://youtube.com/shorts/bEIwqNbS5tI
2026-06-30,2026-06-22T21:44:54Z,Vw3Dd9pwjmg,"""5 Rules to Stop Wasting the Days You Have Left"" — Zeno of Citium | Stoicism",722,34,2,https://youtube.com/shorts/Vw3Dd9pwjmg
2026-06-30,2026-06-22T20:05:00Z,_1daf3c0PmA,"""You can't control yourself"" — Seneca | Stoicism",685,26,3,https://youtube.com/shorts/_1daf3c0PmA
2026-06-30,2026-06-22T16:24:36Z,FSK7_LMHUOY,"""You're living everywhere but now"" — Chrysippus | Stoicism",209,9,3,https://youtube.com/shorts/FSK7_LMHUOY
2026-06-30,2026-06-21T17:19:47Z,JtNYzp7ezSI,"""You wanted it easy"" — Marcus Aurelius | Stoicism",409,13,3,https://youtube.com/shorts/JtNYzp7ezSI
2026-06-30,2026-06-21T13:38:22Z,Q9Ljqj2smco,"""5 Rules That Make You Reliable"" — Epictetus | Stoicism",1249,34,3,https://youtube.com/shorts/Q9Ljqj2smco
2026-06-30,2026-06-30T01:52:31Z,IjDfLmmTHKU,"""You already know"" — Marcus Aurelius | Stoicism",39,0,2,https://youtube.com/shorts/IjDfLmmTHKU
2026-06-30,2026-06-24T22:07:09Z,Mk02sx_CuQo,"""You wanted it easy"" — Epictetus | Stoicism",545,20,6,https://youtube.com/shorts/Mk02sx_CuQo
2026-06-30,2026-06-24T18:35:14Z,Ihqc_gul6bQ,"""5 Rules That Make You Impossible to Corrupt"" — Chrysippus | Stoicism",805,40,4,https://youtube.com/shorts/Ihqc_gul6bQ
2026-06-30,2026-06-24T15:50:05Z,IpvOGNTWX8g,"""Your friends are convenient strangers"" — Musonius Rufus | Stoicism",532,18,3,https://youtube.com/shorts/IpvOGNTWX8g
2026-06-30,2026-06-24T10:36:53Z,ft9cooOMGLA,"""Your fear is loud"" — Zeno of Citium | Stoicism",901,36,5,https://youtube.com/shorts/ft9cooOMGLA
2026-06-30,2026-06-23T22:12:10Z,Jcv8bTZ636Q,"""You begged for an easy life"" — Seneca | Stoicism",772,29,4,https://youtube.com/shorts/Jcv8bTZ636Q
2026-06-30,2026-06-23T19:35:32Z,IyW_jQ-7OKU,"""5 Rules to Kill Endless Wanting"" — Marcus Aurelius | Stoicism",1252,73,5,https://youtube.com/shorts/IyW_jQ-7OKU
2026-06-30,2026-06-23T16:25:12Z,H5DKoI8ZYOE,"""You snapped again today"" — Chrysippus | Stoicism",712,28,3,https://youtube.com/shorts/H5DKoI8ZYOE
2026-06-30,2026-06-23T10:55:28Z,Rsvwh1RWd90,"""You blame your circumstances"" — Epictetus | Stoicism",459,18,3,https://youtube.com/shorts/Rsvwh1RWd90
2026-06-30,2026-06-22T23:06:55Z,bEIwqNbS5tI,"""You're protecting the wrong thing"" — Musonius Rufus | Stoicism",787,22,3,https://youtube.com/shorts/bEIwqNbS5tI
2026-06-30,2026-06-22T21:44:54Z,Vw3Dd9pwjmg,"""5 Rules to Stop Wasting the Days You Have Left"" — Zeno of Citium | Stoicism",722,34,2,https://youtube.com/shorts/Vw3Dd9pwjmg
2026-06-30,2026-06-22T20:05:00Z,_1daf3c0PmA,"""You can't control yourself"" — Seneca | Stoicism",685,26,3,https://youtube.com/shorts/_1daf3c0PmA
2026-06-30,2026-06-22T16:24:36Z,FSK7_LMHUOY,"""You're living everywhere but now"" — Chrysippus | Stoicism",209,9,3,https://youtube.com/shorts/FSK7_LMHUOY
2026-06-30,2026-06-21T17:19:47Z,JtNYzp7ezSI,"""You wanted it easy"" — Marcus Aurelius | Stoicism",409,13,3,https://youtube.com/shorts/JtNYzp7ezSI
2026-06-30,2026-06-21T13:38:22Z,Q9Ljqj2smco,"""5 Rules That Make You Reliable"" — Epictetus | Stoicism",1248,34,3,https://youtube.com/shorts/Q9Ljqj2smco
2026-06-30,2026-06-30T01:52:31Z,IjDfLmmTHKU,"""You already know"" — Marcus Aurelius | Stoicism",109,0,2,https://youtube.com/shorts/IjDfLmmTHKU
2026-06-30,2026-06-24T22:07:09Z,Mk02sx_CuQo,"""You wanted it easy"" — Epictetus | Stoicism",546,20,6,https://youtube.com/shorts/Mk02sx_CuQo
2026-06-30,2026-06-24T18:35:14Z,Ihqc_gul6bQ,"""5 Rules That Make You Impossible to Corrupt"" — Chrysippus | Stoicism",806,40,4,https://youtube.com/shorts/Ihqc_gul6bQ
2026-06-30,2026-06-24T15:50:05Z,IpvOGNTWX8g,"""Your friends are convenient strangers"" — Musonius Rufus | Stoicism",533,18,3,https://youtube.com/shorts/IpvOGNTWX8g
2026-06-30,2026-06-24T10:36:53Z,ft9cooOMGLA,"""Your fear is loud"" — Zeno of Citium | Stoicism",903,36,5,https://youtube.com/shorts/ft9cooOMGLA
2026-06-30,2026-06-23T22:12:10Z,Jcv8bTZ636Q,"""You begged for an easy life"" — Seneca | Stoicism",773,29,4,https://youtube.com/shorts/Jcv8bTZ636Q
2026-06-30,2026-06-23T19:35:32Z,IyW_jQ-7OKU,"""5 Rules to Kill Endless Wanting"" — Marcus Aurelius | Stoicism",1252,73,5,https://youtube.com/shorts/IyW_jQ-7OKU
2026-06-30,2026-06-23T16:25:12Z,H5DKoI8ZYOE,"""You snapped again today"" — Chrysippus | Stoicism",712,28,3,https://youtube.com/shorts/H5DKoI8ZYOE
2026-06-30,2026-06-23T10:55:28Z,Rsvwh1RWd90,"""You blame your circumstances"" — Epictetus | Stoicism",459,18,3,https://youtube.com/shorts/Rsvwh1RWd90
2026-06-30,2026-06-22T23:06:55Z,bEIwqNbS5tI,"""You're protecting the wrong thing"" — Musonius Rufus | Stoicism",787,22,3,https://youtube.com/shorts/bEIwqNbS5tI
2026-06-30,2026-06-22T21:44:54Z,Vw3Dd9pwjmg,"""5 Rules to Stop Wasting the Days You Have Left"" — Zeno of Citium | Stoicism",722,34,2,https://youtube.com/shorts/Vw3Dd9pwjmg
2026-06-30,2026-06-22T20:05:00Z,_1daf3c0PmA,"""You can't control yourself"" — Seneca | Stoicism",685,26,3,https://youtube.com/shorts/_1daf3c0PmA
2026-06-30,2026-06-22T16:24:36Z,FSK7_LMHUOY,"""You're living everywhere but now"" — Chrysippus | Stoicism",209,9,3,https://youtube.com/shorts/FSK7_LMHUOY
2026-06-30,2026-06-21T17:19:47Z,JtNYzp7ezSI,"""You wanted it easy"" — Marcus Aurelius | Stoicism",409,13,3,https://youtube.com/shorts/JtNYzp7ezSI
2026-06-30,2026-06-21T13:38:22Z,Q9Ljqj2smco,"""5 Rules That Make You Reliable"" — Epictetus | Stoicism",1255,34,3,https://youtube.com/shorts/Q9Ljqj2smco
2026-06-30,2026-06-30T01:52:31Z,IjDfLmmTHKU,"""You already know"" — Marcus Aurelius | Stoicism",124,1,2,https://youtube.com/shorts/IjDfLmmTHKU
2026-06-30,2026-06-24T22:07:09Z,Mk02sx_CuQo,"""You wanted it easy"" — Epictetus | Stoicism",546,20,6,https://youtube.com/shorts/Mk02sx_CuQo
2026-06-30,2026-06-24T18:35:14Z,Ihqc_gul6bQ,"""5 Rules That Make You Impossible to Corrupt"" — Chrysippus | Stoicism",806,40,4,https://youtube.com/shorts/Ihqc_gul6bQ
2026-06-30,2026-06-24T15:50:05Z,IpvOGNTWX8g,"""Your friends are convenient strangers"" — Musonius Rufus | Stoicism",533,18,3,https://youtube.com/shorts/IpvOGNTWX8g
2026-06-30,2026-06-24T10:36:53Z,ft9cooOMGLA,"""Your fear is loud"" — Zeno of Citium | Stoicism",903,36,5,https://youtube.com/shorts/ft9cooOMGLA
2026-06-30,2026-06-23T22:12:10Z,Jcv8bTZ636Q,"""You begged for an easy life"" — Seneca | Stoicism",774,29,4,https://youtube.com/shorts/Jcv8bTZ636Q
2026-06-30,2026-06-23T19:35:32Z,IyW_jQ-7OKU,"""5 Rules to Kill Endless Wanting"" — Marcus Aurelius | Stoicism",1252,73,5,https://youtube.com/shorts/IyW_jQ-7OKU
2026-06-30,2026-06-23T16:25:12Z,H5DKoI8ZYOE,"""You snapped again today"" — Chrysippus | Stoicism",712,28,3,https://youtube.com/shorts/H5DKoI8ZYOE
2026-06-30,2026-06-23T10:55:28Z,Rsvwh1RWd90,"""You blame your circumstances"" — Epictetus | Stoicism",459,18,3,https://youtube.com/shorts/Rsvwh1RWd90
2026-06-30,2026-06-22T23:06:55Z,bEIwqNbS5tI,"""You're protecting the wrong thing"" — Musonius Rufus | Stoicism",787,22,3,https://youtube.com/shorts/bEIwqNbS5tI
2026-06-30,2026-06-22T21:44:54Z,Vw3Dd9pwjmg,"""5 Rules to Stop Wasting the Days You Have Left"" — Zeno of Citium | Stoicism",722,34,2,https://youtube.com/shorts/Vw3Dd9pwjmg
2026-06-30,2026-06-22T20:05:00Z,_1daf3c0PmA,"""You can't control yourself"" — Seneca | Stoicism",685,26,3,https://youtube.com/shorts/_1daf3c0PmA
2026-06-30,2026-06-22T16:24:36Z,FSK7_LMHUOY,"""You're living everywhere but now"" — Chrysippus | Stoicism",209,9,3,https://youtube.com/shorts/FSK7_LMHUOY
2026-06-30,2026-06-21T17:19:47Z,JtNYzp7ezSI,"""You wanted it easy"" — Marcus Aurelius | Stoicism",409,13,3,https://youtube.com/shorts/JtNYzp7ezSI
2026-06-30,2026-06-21T13:38:22Z,Q9Ljqj2smco,"""5 Rules That Make You Reliable"" — Epictetus | Stoicism",1255,34,3,https://youtube.com/shorts/Q9Ljqj2smco
2026-06-30,2026-06-30T01:52:31Z,IjDfLmmTHKU,"""You already know"" — Marcus Aurelius | Stoicism",140,2,2,https://youtube.com/shorts/IjDfLmmTHKU
2026-06-30,2026-06-24T22:07:09Z,Mk02sx_CuQo,"""You wanted it easy"" — Epictetus | Stoicism",547,21,6,https://youtube.com/shorts/Mk02sx_CuQo
2026-06-30,2026-06-24T18:35:14Z,Ihqc_gul6bQ,"""5 Rules That Make You Impossible to Corrupt"" — Chrysippus | Stoicism",806,40,4,https://youtube.com/shorts/Ihqc_gul6bQ
2026-06-30,2026-06-24T15:50:05Z,IpvOGNTWX8g,"""Your friends are convenient strangers"" — Musonius Rufus | Stoicism",533,18,3,https://youtube.com/shorts/IpvOGNTWX8g
2026-06-30,2026-06-24T10:36:53Z,ft9cooOMGLA,"""Your fear is loud"" — Zeno of Citium | Stoicism",903,36,5,https://youtube.com/shorts/ft9cooOMGLA
2026-06-30,2026-06-23T22:12:10Z,Jcv8bTZ636Q,"""You begged for an easy life"" — Seneca | Stoicism",774,29,4,https://youtube.com/shorts/Jcv8bTZ636Q
2026-06-30,2026-06-23T19:35:32Z,IyW_jQ-7OKU,"""5 Rules to Kill Endless Wanting"" — Marcus Aurelius | Stoicism",1252,73,5,https://youtube.com/shorts/IyW_jQ-7OKU
2026-06-30,2026-06-23T16:25:12Z,H5DKoI8ZYOE,"""You snapped again today"" — Chrysippus | Stoicism",712,28,3,https://youtube.com/shorts/H5DKoI8ZYOE
2026-06-30,2026-06-23T10:55:28Z,Rsvwh1RWd90,"""You blame your circumstances"" — Epictetus | Stoicism",459,18,3,https://youtube.com/shorts/Rsvwh1RWd90
2026-06-30,2026-06-22T23:06:55Z,bEIwqNbS5tI,"""You're protecting the wrong thing"" — Musonius Rufus | Stoicism",787,22,3,https://youtube.com/shorts/bEIwqNbS5tI
2026-06-30,2026-06-22T21:44:54Z,Vw3Dd9pwjmg,"""5 Rules to Stop Wasting the Days You Have Left"" — Zeno of Citium | Stoicism",723,34,2,https://youtube.com/shorts/Vw3Dd9pwjmg
2026-06-30,2026-06-22T20:05:00Z,_1daf3c0PmA,"""You can't control yourself"" — Seneca | Stoicism",685,26,3,https://youtube.com/shorts/_1daf3c0PmA
2026-06-30,2026-06-22T16:24:36Z,FSK7_LMHUOY,"""You're living everywhere but now"" — Chrysippus | Stoicism",209,9,3,https://youtube.com/shorts/FSK7_LMHUOY
2026-06-30,2026-06-21T17:19:47Z,JtNYzp7ezSI,"""You wanted it easy"" — Marcus Aurelius | Stoicism",409,13,3,https://youtube.com/shorts/JtNYzp7ezSI
2026-06-30,2026-06-21T13:38:22Z,Q9Ljqj2smco,"""5 Rules That Make You Reliable"" — Epictetus | Stoicism",1255,34,3,https://youtube.com/shorts/Q9Ljqj2smco
2026-06-30,2026-06-30T18:45:23Z,-SbsUBKvGJQ,"""Less than you fear"" — Seneca | Stoicism",0,0,2,https://youtube.com/shorts/-SbsUBKvGJQ
2026-06-30,2026-06-30T01:52:31Z,IjDfLmmTHKU,"""You already know"" — Marcus Aurelius | Stoicism",130,2,2,https://youtube.com/shorts/IjDfLmmTHKU
2026-06-30,2026-06-24T22:07:09Z,Mk02sx_CuQo,"""You wanted it easy"" — Epictetus | Stoicism",547,21,6,https://youtube.com/shorts/Mk02sx_CuQo
2026-06-30,2026-06-24T18:35:14Z,Ihqc_gul6bQ,"""5 Rules That Make You Impossible to Corrupt"" — Chrysippus | Stoicism",806,40,4,https://youtube.com/shorts/Ihqc_gul6bQ
2026-06-30,2026-06-24T15:50:05Z,IpvOGNTWX8g,"""Your friends are convenient strangers"" — Musonius Rufus | Stoicism",533,18,3,https://youtube.com/shorts/IpvOGNTWX8g
2026-06-30,2026-06-24T10:36:53Z,ft9cooOMGLA,"""Your fear is loud"" — Zeno of Citium | Stoicism",903,36,5,https://youtube.com/shorts/ft9cooOMGLA
2026-06-30,2026-06-23T22:12:10Z,Jcv8bTZ636Q,"""You begged for an easy life"" — Seneca | Stoicism",774,29,4,https://youtube.com/shorts/Jcv8bTZ636Q
2026-06-30,2026-06-23T19:35:32Z,IyW_jQ-7OKU,"""5 Rules to Kill Endless Wanting"" — Marcus Aurelius | Stoicism",1252,73,5,https://youtube.com/shorts/IyW_jQ-7OKU
2026-06-30,2026-06-23T16:25:12Z,H5DKoI8ZYOE,"""You snapped again today"" — Chrysippus | Stoicism",712,28,3,https://youtube.com/shorts/H5DKoI8ZYOE
2026-06-30,2026-06-23T10:55:28Z,Rsvwh1RWd90,"""You blame your circumstances"" — Epictetus | Stoicism",459,18,3,https://youtube.com/shorts/Rsvwh1RWd90
2026-06-30,2026-06-22T23:06:55Z,bEIwqNbS5tI,"""You're protecting the wrong thing"" — Musonius Rufus | Stoicism",787,22,3,https://youtube.com/shorts/bEIwqNbS5tI
2026-06-30,2026-06-22T21:44:54Z,Vw3Dd9pwjmg,"""5 Rules to Stop Wasting the Days You Have Left"" — Zeno of Citium | Stoicism",723,34,2,https://youtube.com/shorts/Vw3Dd9pwjmg
2026-06-30,2026-06-22T20:05:00Z,_1daf3c0PmA,"""You can't control yourself"" — Seneca | Stoicism",685,26,3,https://youtube.com/shorts/_1daf3c0PmA
2026-06-30,2026-06-22T16:24:36Z,FSK7_LMHUOY,"""You're living everywhere but now"" — Chrysippus | Stoicism",209,9,3,https://youtube.com/shorts/FSK7_LMHUOY
2026-06-30,2026-06-21T17:19:47Z,JtNYzp7ezSI,"""You wanted it easy"" — Marcus Aurelius | Stoicism",409,13,3,https://youtube.com/shorts/JtNYzp7ezSI
2026-06-30,2026-06-30T22:10:38Z,fxJSvmO3N-4,"""Live the way things are"" — Zeno of Citium | Stoicism",0,0,2,https://youtube.com/shorts/fxJSvmO3N-4
2026-06-30,2026-06-30T18:45:46Z,-SbsUBKvGJQ,"""Less than you fear"" — Seneca | Stoicism",39,4,2,https://youtube.com/shorts/-SbsUBKvGJQ
2026-06-30,2026-06-30T01:52:31Z,IjDfLmmTHKU,"""You already know"" — Marcus Aurelius | Stoicism",167,4,2,https://youtube.com/shorts/IjDfLmmTHKU
2026-06-30,2026-06-24T22:07:09Z,Mk02sx_CuQo,"""You wanted it easy"" — Epictetus | Stoicism",547,21,6,https://youtube.com/shorts/Mk02sx_CuQo
2026-06-30,2026-06-24T18:35:14Z,Ihqc_gul6bQ,"""5 Rules That Make You Impossible to Corrupt"" — Chrysippus | Stoicism",806,40,4,https://youtube.com/shorts/Ihqc_gul6bQ
2026-06-30,2026-06-24T15:50:05Z,IpvOGNTWX8g,"""Your friends are convenient strangers"" — Musonius Rufus | Stoicism",533,18,3,https://youtube.com/shorts/IpvOGNTWX8g
2026-06-30,2026-06-24T10:36:53Z,ft9cooOMGLA,"""Your fear is loud"" — Zeno of Citium | Stoicism",903,36,5,https://youtube.com/shorts/ft9cooOMGLA
2026-06-30,2026-06-23T22:12:10Z,Jcv8bTZ636Q,"""You begged for an easy life"" — Seneca | Stoicism",774,29,4,https://youtube.com/shorts/Jcv8bTZ636Q
2026-06-30,2026-06-23T19:35:32Z,IyW_jQ-7OKU,"""5 Rules to Kill Endless Wanting"" — Marcus Aurelius | Stoicism",1252,73,5,https://youtube.com/shorts/IyW_jQ-7OKU
2026-06-30,2026-06-23T16:25:12Z,H5DKoI8ZYOE,"""You snapped again today"" — Chrysippus | Stoicism",712,28,3,https://youtube.com/shorts/H5DKoI8ZYOE
2026-06-30,2026-06-23T10:55:28Z,Rsvwh1RWd90,"""You blame your circumstances"" — Epictetus | Stoicism",459,18,3,https://youtube.com/shorts/Rsvwh1RWd90
2026-06-30,2026-06-22T23:06:55Z,bEIwqNbS5tI,"""You're protecting the wrong thing"" — Musonius Rufus | Stoicism",787,22,3,https://youtube.com/shorts/bEIwqNbS5tI
2026-06-30,2026-06-22T21:44:54Z,Vw3Dd9pwjmg,"""5 Rules to Stop Wasting the Days You Have Left"" — Zeno of Citium | Stoicism",723,34,2,https://youtube.com/shorts/Vw3Dd9pwjmg
2026-06-30,2026-06-22T20:05:00Z,_1daf3c0PmA,"""You can't control yourself"" — Seneca | Stoicism",685,26,3,https://youtube.com/shorts/_1daf3c0PmA
2026-06-30,2026-06-22T16:24:36Z,FSK7_LMHUOY,"""You're living everywhere but now"" — Chrysippus | Stoicism",209,9,3,https://youtube.com/shorts/FSK7_LMHUOY
2026-06-30,2026-06-30T22:11:06Z,fxJSvmO3N-4,"""Live the way things are"" — Zeno of Citium | Stoicism",21,1,2,https://youtube.com/shorts/fxJSvmO3N-4
2026-06-30,2026-06-30T18:45:46Z,-SbsUBKvGJQ,"""Less than you fear"" — Seneca | Stoicism",59,5,2,https://youtube.com/shorts/-SbsUBKvGJQ
2026-06-30,2026-06-30T01:52:31Z,IjDfLmmTHKU,"""You already know"" — Marcus Aurelius | Stoicism",170,3,2,https://youtube.com/shorts/IjDfLmmTHKU
2026-06-30,2026-06-24T22:07:09Z,Mk02sx_CuQo,"""You wanted it easy"" — Epictetus | Stoicism",547,21,6,https://youtube.com/shorts/Mk02sx_CuQo
2026-06-30,2026-06-24T18:35:14Z,Ihqc_gul6bQ,"""5 Rules That Make You Impossible to Corrupt"" — Chrysippus | Stoicism",806,40,4,https://youtube.com/shorts/Ihqc_gul6bQ
2026-06-30,2026-06-24T15:50:05Z,IpvOGNTWX8g,"""Your friends are convenient strangers"" — Musonius Rufus | Stoicism",533,18,3,https://youtube.com/shorts/IpvOGNTWX8g
2026-06-30,2026-06-24T10:36:53Z,ft9cooOMGLA,"""Your fear is loud"" — Zeno of Citium | Stoicism",903,36,5,https://youtube.com/shorts/ft9cooOMGLA
2026-06-30,2026-06-23T22:12:10Z,Jcv8bTZ636Q,"""You begged for an easy life"" — Seneca | Stoicism",774,29,4,https://youtube.com/shorts/Jcv8bTZ636Q
2026-06-30,2026-06-23T19:35:32Z,IyW_jQ-7OKU,"""5 Rules to Kill Endless Wanting"" — Marcus Aurelius | Stoicism",1252,73,5,https://youtube.com/shorts/IyW_jQ-7OKU
2026-06-30,2026-06-23T16:25:12Z,H5DKoI8ZYOE,"""You snapped again today"" — Chrysippus | Stoicism",712,28,3,https://youtube.com/shorts/H5DKoI8ZYOE
2026-06-30,2026-06-23T10:55:28Z,Rsvwh1RWd90,"""You blame your circumstances"" — Epictetus | Stoicism",459,18,3,https://youtube.com/shorts/Rsvwh1RWd90
2026-06-30,2026-06-22T23:06:55Z,bEIwqNbS5tI,"""You're protecting the wrong thing"" — Musonius Rufus | Stoicism",787,22,3,https://youtube.com/shorts/bEIwqNbS5tI
2026-06-30,2026-06-22T21:44:54Z,Vw3Dd9pwjmg,"""5 Rules to Stop Wasting the Days You Have Left"" — Zeno of Citium | Stoicism",723,34,2,https://youtube.com/shorts/Vw3Dd9pwjmg
2026-06-30,2026-06-22T20:05:00Z,_1daf3c0PmA,"""You can't control yourself"" — Seneca | Stoicism",685,26,3,https://youtube.com/shorts/_1daf3c0PmA
2026-06-30,2026-06-22T16:24:36Z,FSK7_LMHUOY,"""You're living everywhere but now"" — Chrysippus | Stoicism",209,9,3,https://youtube.com/shorts/FSK7_LMHUOY
2026-07-01,2026-07-01T11:01:19Z,rmUowSlH_Ic,"""Need no applause"" — Chrysippus | Stoicism",0,0,2,https://youtube.com/shorts/rmUowSlH_Ic
2026-07-01,2026-06-30T22:11:06Z,fxJSvmO3N-4,"""Live the way things are"" — Zeno of Citium | Stoicism",78,4,2,https://youtube.com/shorts/fxJSvmO3N-4
2026-07-01,2026-06-30T18:45:46Z,-SbsUBKvGJQ,"""Less than you fear"" — Seneca | Stoicism",93,9,2,https://youtube.com/shorts/-SbsUBKvGJQ
2026-07-01,2026-06-30T01:52:31Z,IjDfLmmTHKU,"""You already know"" — Marcus Aurelius | Stoicism",254,3,2,https://youtube.com/shorts/IjDfLmmTHKU
2026-07-01,2026-06-24T22:07:09Z,Mk02sx_CuQo,"""You wanted it easy"" — Epictetus | Stoicism",547,21,6,https://youtube.com/shorts/Mk02sx_CuQo
2026-07-01,2026-06-24T18:35:14Z,Ihqc_gul6bQ,"""5 Rules That Make You Impossible to Corrupt"" — Chrysippus | Stoicism",806,40,4,https://youtube.com/shorts/Ihqc_gul6bQ
2026-07-01,2026-06-24T15:50:05Z,IpvOGNTWX8g,"""Your friends are convenient strangers"" — Musonius Rufus | Stoicism",533,18,3,https://youtube.com/shorts/IpvOGNTWX8g
2026-07-01,2026-06-24T10:36:53Z,ft9cooOMGLA,"""Your fear is loud"" — Zeno of Citium | Stoicism",903,36,5,https://youtube.com/shorts/ft9cooOMGLA
2026-07-01,2026-06-23T22:12:10Z,Jcv8bTZ636Q,"""You begged for an easy life"" — Seneca | Stoicism",775,29,4,https://youtube.com/shorts/Jcv8bTZ636Q
2026-07-01,2026-06-23T19:35:32Z,IyW_jQ-7OKU,"""5 Rules to Kill Endless Wanting"" — Marcus Aurelius | Stoicism",1252,73,5,https://youtube.com/shorts/IyW_jQ-7OKU
2026-07-01,2026-06-23T16:25:12Z,H5DKoI8ZYOE,"""You snapped again today"" — Chrysippus | Stoicism",712,28,3,https://youtube.com/shorts/H5DKoI8ZYOE
2026-07-01,2026-06-23T10:55:28Z,Rsvwh1RWd90,"""You blame your circumstances"" — Epictetus | Stoicism",459,18,3,https://youtube.com/shorts/Rsvwh1RWd90
2026-07-01,2026-06-22T23:06:55Z,bEIwqNbS5tI,"""You're protecting the wrong thing"" — Musonius Rufus | Stoicism",787,22,3,https://youtube.com/shorts/bEIwqNbS5tI
2026-07-01,2026-06-22T21:44:54Z,Vw3Dd9pwjmg,"""5 Rules to Stop Wasting the Days You Have Left"" — Zeno of Citium | Stoicism",724,34,2,https://youtube.com/shorts/Vw3Dd9pwjmg
2026-07-01,2026-06-22T20:05:00Z,_1daf3c0PmA,"""You can't control yourself"" — Seneca | Stoicism",685,26,3,https://youtube.com/shorts/_1daf3c0PmA
2026-07-01,2026-07-01T16:19:02Z,hTD64Iop0uw,"""What arrives, arrives"" — Musonius Rufus | Stoicism",0,0,2,https://youtube.com/shorts/hTD64Iop0uw
2026-07-01,2026-07-01T11:01:52Z,rmUowSlH_Ic,"""Need no applause"" — Chrysippus | Stoicism",13,0,2,https://youtube.com/shorts/rmUowSlH_Ic
2026-07-01,2026-06-30T22:11:06Z,fxJSvmO3N-4,"""Live the way things are"" — Zeno of Citium | Stoicism",105,5,2,https://youtube.com/shorts/fxJSvmO3N-4
2026-07-01,2026-06-30T18:45:46Z,-SbsUBKvGJQ,"""Less than you fear"" — Seneca | Stoicism",118,10,2,https://youtube.com/shorts/-SbsUBKvGJQ
2026-07-01,2026-06-30T01:52:31Z,IjDfLmmTHKU,"""You already know"" — Marcus Aurelius | Stoicism",279,3,2,https://youtube.com/shorts/IjDfLmmTHKU
2026-07-01,2026-06-24T22:07:09Z,Mk02sx_CuQo,"""You wanted it easy"" — Epictetus | Stoicism",547,21,6,https://youtube.com/shorts/Mk02sx_CuQo
2026-07-01,2026-06-24T18:35:14Z,Ihqc_gul6bQ,"""5 Rules That Make You Impossible to Corrupt"" — Chrysippus | Stoicism",806,40,4,https://youtube.com/shorts/Ihqc_gul6bQ
2026-07-01,2026-06-24T15:50:05Z,IpvOGNTWX8g,"""Your friends are convenient strangers"" — Musonius Rufus | Stoicism",533,18,3,https://youtube.com/shorts/IpvOGNTWX8g
2026-07-01,2026-06-24T10:36:53Z,ft9cooOMGLA,"""Your fear is loud"" — Zeno of Citium | Stoicism",903,36,5,https://youtube.com/shorts/ft9cooOMGLA
2026-07-01,2026-06-23T22:12:10Z,Jcv8bTZ636Q,"""You begged for an easy life"" — Seneca | Stoicism",775,29,4,https://youtube.com/shorts/Jcv8bTZ636Q
2026-07-01,2026-06-23T19:35:32Z,IyW_jQ-7OKU,"""5 Rules to Kill Endless Wanting"" — Marcus Aurelius | Stoicism",1252,73,5,https://youtube.com/shorts/IyW_jQ-7OKU
2026-07-01,2026-06-23T16:25:12Z,H5DKoI8ZYOE,"""You snapped again today"" — Chrysippus | Stoicism",712,28,3,https://youtube.com/shorts/H5DKoI8ZYOE
2026-07-01,2026-06-23T10:55:28Z,Rsvwh1RWd90,"""You blame your circumstances"" — Epictetus | Stoicism",459,18,3,https://youtube.com/shorts/Rsvwh1RWd90
2026-07-01,2026-06-22T23:06:55Z,bEIwqNbS5tI,"""You're protecting the wrong thing"" — Musonius Rufus | Stoicism",787,22,3,https://youtube.com/shorts/bEIwqNbS5tI
2026-07-01,2026-06-22T21:44:54Z,Vw3Dd9pwjmg,"""5 Rules to Stop Wasting the Days You Have Left"" — Zeno of Citium | Stoicism",724,34,2,https://youtube.com/shorts/Vw3Dd9pwjmg
2026-07-01,2026-07-01T18:39:26Z,bR1tmylxpmw,"""Let it pass"" — Epictetus | Stoicism",0,0,2,https://youtube.com/shorts/bR1tmylxpmw
2026-07-01,2026-07-01T16:19:38Z,hTD64Iop0uw,"""What arrives, arrives"" — Musonius Rufus | Stoicism",12,2,2,https://youtube.com/shorts/hTD64Iop0uw
2026-07-01,2026-07-01T11:01:52Z,rmUowSlH_Ic,"""Need no applause"" — Chrysippus | Stoicism",12,0,2,https://youtube.com/shorts/rmUowSlH_Ic
2026-07-01,2026-06-30T22:11:06Z,fxJSvmO3N-4,"""Live the way things are"" — Zeno of Citium | Stoicism",114,5,2,https://youtube.com/shorts/fxJSvmO3N-4
2026-07-01,2026-06-30T18:45:46Z,-SbsUBKvGJQ,"""Less than you fear"" — Seneca | Stoicism",115,10,2,https://youtube.com/shorts/-SbsUBKvGJQ
2026-07-01,2026-06-30T01:52:31Z,IjDfLmmTHKU,"""You already know"" — Marcus Aurelius | Stoicism",279,3,2,https://youtube.com/shorts/IjDfLmmTHKU
2026-07-01,2026-06-24T22:07:09Z,Mk02sx_CuQo,"""You wanted it easy"" — Epictetus | Stoicism",547,21,6,https://youtube.com/shorts/Mk02sx_CuQo
2026-07-01,2026-06-24T18:35:14Z,Ihqc_gul6bQ,"""5 Rules That Make You Impossible to Corrupt"" — Chrysippus | Stoicism",806,40,4,https://youtube.com/shorts/Ihqc_gul6bQ
2026-07-01,2026-06-24T15:50:05Z,IpvOGNTWX8g,"""Your friends are convenient strangers"" — Musonius Rufus | Stoicism",533,18,3,https://youtube.com/shorts/IpvOGNTWX8g
2026-07-01,2026-06-24T10:36:53Z,ft9cooOMGLA,"""Your fear is loud"" — Zeno of Citium | Stoicism",903,36,5,https://youtube.com/shorts/ft9cooOMGLA
2026-07-01,2026-06-23T22:12:10Z,Jcv8bTZ636Q,"""You begged for an easy life"" — Seneca | Stoicism",775,29,4,https://youtube.com/shorts/Jcv8bTZ636Q
2026-07-01,2026-06-23T19:35:32Z,IyW_jQ-7OKU,"""5 Rules to Kill Endless Wanting"" — Marcus Aurelius | Stoicism",1252,73,5,https://youtube.com/shorts/IyW_jQ-7OKU
2026-07-01,2026-06-23T16:25:12Z,H5DKoI8ZYOE,"""You snapped again today"" — Chrysippus | Stoicism",712,28,3,https://youtube.com/shorts/H5DKoI8ZYOE
2026-07-01,2026-06-23T10:55:28Z,Rsvwh1RWd90,"""You blame your circumstances"" — Epictetus | Stoicism",460,18,3,https://youtube.com/shorts/Rsvwh1RWd90
2026-07-01,2026-06-22T23:06:55Z,bEIwqNbS5tI,"""You're protecting the wrong thing"" — Musonius Rufus | Stoicism",787,22,3,https://youtube.com/shorts/bEIwqNbS5tI
2026-07-01,2026-07-01T22:16:45Z,WJ3F4AY_Dr8,"""Look no further than here"" — Marcus Aurelius | Stoicism",0,0,2,https://youtube.com/shorts/WJ3F4AY_Dr8
2026-07-01,2026-07-01T18:39:53Z,bR1tmylxpmw,"""Let it pass"" — Epictetus | Stoicism",4,0,2,https://youtube.com/shorts/bR1tmylxpmw
2026-07-01,2026-07-01T16:19:38Z,hTD64Iop0uw,"""What arrives, arrives"" — Musonius Rufus | Stoicism",21,2,2,https://youtube.com/shorts/hTD64Iop0uw
2026-07-01,2026-07-01T11:01:52Z,rmUowSlH_Ic,"""Need no applause"" — Chrysippus | Stoicism",16,1,2,https://youtube.com/shorts/rmUowSlH_Ic
2026-07-01,2026-06-30T22:11:06Z,fxJSvmO3N-4,"""Live the way things are"" — Zeno of Citium | Stoicism",125,5,2,https://youtube.com/shorts/fxJSvmO3N-4
2026-07-01,2026-06-30T18:45:46Z,-SbsUBKvGJQ,"""Less than you fear"" — Seneca | Stoicism",168,10,2,https://youtube.com/shorts/-SbsUBKvGJQ
2026-07-01,2026-06-30T01:52:31Z,IjDfLmmTHKU,"""You already know"" — Marcus Aurelius | Stoicism",280,3,2,https://youtube.com/shorts/IjDfLmmTHKU
2026-07-01,2026-06-24T22:07:09Z,Mk02sx_CuQo,"""You wanted it easy"" — Epictetus | Stoicism",547,21,6,https://youtube.com/shorts/Mk02sx_CuQo
2026-07-01,2026-06-24T18:35:14Z,Ihqc_gul6bQ,"""5 Rules That Make You Impossible to Corrupt"" — Chrysippus | Stoicism",807,40,4,https://youtube.com/shorts/Ihqc_gul6bQ
2026-07-01,2026-06-24T15:50:05Z,IpvOGNTWX8g,"""Your friends are convenient strangers"" — Musonius Rufus | Stoicism",533,18,3,https://youtube.com/shorts/IpvOGNTWX8g
2026-07-01,2026-06-24T10:36:53Z,ft9cooOMGLA,"""Your fear is loud"" — Zeno of Citium | Stoicism",903,36,5,https://youtube.com/shorts/ft9cooOMGLA
2026-07-01,2026-06-23T22:12:10Z,Jcv8bTZ636Q,"""You begged for an easy life"" — Seneca | Stoicism",775,29,4,https://youtube.com/shorts/Jcv8bTZ636Q
2026-07-01,2026-06-23T19:35:32Z,IyW_jQ-7OKU,"""5 Rules to Kill Endless Wanting"" — Marcus Aurelius | Stoicism",1252,73,5,https://youtube.com/shorts/IyW_jQ-7OKU
2026-07-01,2026-06-23T16:25:12Z,H5DKoI8ZYOE,"""You snapped again today"" — Chrysippus | Stoicism",712,28,3,https://youtube.com/shorts/H5DKoI8ZYOE
2026-07-01,2026-06-23T10:55:28Z,Rsvwh1RWd90,"""You blame your circumstances"" — Epictetus | Stoicism",460,18,3,https://youtube.com/shorts/Rsvwh1RWd90
2026-07-01,2026-07-01T22:17:23Z,WJ3F4AY_Dr8,"""Look no further than here"" — Marcus Aurelius | Stoicism",0,0,2,https://youtube.com/shorts/WJ3F4AY_Dr8
2026-07-01,2026-07-01T18:39:53Z,bR1tmylxpmw,"""Let it pass"" — Epictetus | Stoicism",24,0,2,https://youtube.com/shorts/bR1tmylxpmw
2026-07-01,2026-07-01T16:19:38Z,hTD64Iop0uw,"""What arrives, arrives"" — Musonius Rufus | Stoicism",21,2,2,https://youtube.com/shorts/hTD64Iop0uw
2026-07-01,2026-07-01T11:01:52Z,rmUowSlH_Ic,"""Need no applause"" — Chrysippus | Stoicism",18,1,2,https://youtube.com/shorts/rmUowSlH_Ic
2026-07-01,2026-06-30T22:11:06Z,fxJSvmO3N-4,"""Live the way things are"" — Zeno of Citium | Stoicism",124,5,2,https://youtube.com/shorts/fxJSvmO3N-4
2026-07-01,2026-06-30T18:45:46Z,-SbsUBKvGJQ,"""Less than you fear"" — Seneca | Stoicism",167,10,2,https://youtube.com/shorts/-SbsUBKvGJQ
2026-07-01,2026-06-30T01:52:31Z,IjDfLmmTHKU,"""You already know"" — Marcus Aurelius | Stoicism",280,3,2,https://youtube.com/shorts/IjDfLmmTHKU
2026-07-01,2026-06-24T22:07:09Z,Mk02sx_CuQo,"""You wanted it easy"" — Epictetus | Stoicism",547,21,6,https://youtube.com/shorts/Mk02sx_CuQo
2026-07-01,2026-06-24T18:35:14Z,Ihqc_gul6bQ,"""5 Rules That Make You Impossible to Corrupt"" — Chrysippus | Stoicism",807,40,4,https://youtube.com/shorts/Ihqc_gul6bQ
2026-07-01,2026-06-24T15:50:05Z,IpvOGNTWX8g,"""Your friends are convenient strangers"" — Musonius Rufus | Stoicism",533,18,3,https://youtube.com/shorts/IpvOGNTWX8g
2026-07-01,2026-06-24T10:36:53Z,ft9cooOMGLA,"""Your fear is loud"" — Zeno of Citium | Stoicism",903,36,5,https://youtube.com/shorts/ft9cooOMGLA
2026-07-01,2026-06-23T22:12:10Z,Jcv8bTZ636Q,"""You begged for an easy life"" — Seneca | Stoicism",775,29,4,https://youtube.com/shorts/Jcv8bTZ636Q
2026-07-01,2026-06-23T19:35:32Z,IyW_jQ-7OKU,"""5 Rules to Kill Endless Wanting"" — Marcus Aurelius | Stoicism",1252,73,5,https://youtube.com/shorts/IyW_jQ-7OKU
2026-07-01,2026-06-23T16:25:12Z,H5DKoI8ZYOE,"""You snapped again today"" — Chrysippus | Stoicism",712,28,3,https://youtube.com/shorts/H5DKoI8ZYOE
2026-07-01,2026-06-23T10:55:28Z,Rsvwh1RWd90,"""You blame your circumstances"" — Epictetus | Stoicism",460,18,3,https://youtube.com/shorts/Rsvwh1RWd90
2026-07-02,2026-07-02T08:42:48Z,9GgqbD1ED3U,"""Let it grind"" — Seneca | Stoicism",0,0,2,https://youtube.com/shorts/9GgqbD1ED3U
2026-07-02,2026-07-01T22:17:23Z,WJ3F4AY_Dr8,"""Look no further than here"" — Marcus Aurelius | Stoicism",4,0,2,https://youtube.com/shorts/WJ3F4AY_Dr8
2026-07-02,2026-07-01T18:39:53Z,bR1tmylxpmw,"""Let it pass"" — Epictetus | Stoicism",176,7,2,https://youtube.com/shorts/bR1tmylxpmw
2026-07-02,2026-07-01T16:19:38Z,hTD64Iop0uw,"""What arrives, arrives"" — Musonius Rufus | Stoicism",63,3,2,https://youtube.com/shorts/hTD64Iop0uw
2026-07-02,2026-07-01T11:01:52Z,rmUowSlH_Ic,"""Need no applause"" — Chrysippus | Stoicism",54,2,2,https://youtube.com/shorts/rmUowSlH_Ic
2026-07-02,2026-06-30T22:11:06Z,fxJSvmO3N-4,"""Live the way things are"" — Zeno of Citium | Stoicism",164,7,2,https://youtube.com/shorts/fxJSvmO3N-4
2026-07-02,2026-06-30T18:45:46Z,-SbsUBKvGJQ,"""Less than you fear"" — Seneca | Stoicism",192,11,2,https://youtube.com/shorts/-SbsUBKvGJQ
2026-07-02,2026-06-30T01:52:31Z,IjDfLmmTHKU,"""You already know"" — Marcus Aurelius | Stoicism",285,3,2,https://youtube.com/shorts/IjDfLmmTHKU
2026-07-02,2026-06-24T22:07:09Z,Mk02sx_CuQo,"""You wanted it easy"" — Epictetus | Stoicism",547,21,6,https://youtube.com/shorts/Mk02sx_CuQo
2026-07-02,2026-06-24T18:35:14Z,Ihqc_gul6bQ,"""5 Rules That Make You Impossible to Corrupt"" — Chrysippus | Stoicism",807,40,4,https://youtube.com/shorts/Ihqc_gul6bQ
2026-07-02,2026-06-24T15:50:05Z,IpvOGNTWX8g,"""Your friends are convenient strangers"" — Musonius Rufus | Stoicism",533,18,3,https://youtube.com/shorts/IpvOGNTWX8g
2026-07-02,2026-06-24T10:36:53Z,ft9cooOMGLA,"""Your fear is loud"" — Zeno of Citium | Stoicism",903,36,5,https://youtube.com/shorts/ft9cooOMGLA
2026-07-02,2026-06-23T22:12:10Z,Jcv8bTZ636Q,"""You begged for an easy life"" — Seneca | Stoicism",775,29,4,https://youtube.com/shorts/Jcv8bTZ636Q
2026-07-02,2026-06-23T19:35:32Z,IyW_jQ-7OKU,"""5 Rules to Kill Endless Wanting"" — Marcus Aurelius | Stoicism",1252,73,5,https://youtube.com/shorts/IyW_jQ-7OKU
2026-07-02,2026-06-23T16:25:12Z,H5DKoI8ZYOE,"""You snapped again today"" — Chrysippus | Stoicism",712,28,3,https://youtube.com/shorts/H5DKoI8ZYOE
2026-07-02,2026-07-02T13:29:49Z,5Gz_ZaC1xdI,"""Let the dread settle"" — Chrysippus | Stoicism",0,0,2,https://youtube.com/shorts/5Gz_ZaC1xdI
2026-07-02,2026-07-02T08:43:19Z,9GgqbD1ED3U,"""Let it grind"" — Seneca | Stoicism",18,1,2,https://youtube.com/shorts/9GgqbD1ED3U
2026-07-02,2026-07-01T22:17:23Z,WJ3F4AY_Dr8,"""Look no further than here"" — Marcus Aurelius | Stoicism",38,0,2,https://youtube.com/shorts/WJ3F4AY_Dr8
2026-07-02,2026-07-01T18:39:53Z,bR1tmylxpmw,"""Let it pass"" — Epictetus | Stoicism",271,9,2,https://youtube.com/shorts/bR1tmylxpmw
2026-07-02,2026-07-01T16:19:38Z,hTD64Iop0uw,"""What arrives, arrives"" — Musonius Rufus | Stoicism",98,3,2,https://youtube.com/shorts/hTD64Iop0uw
2026-07-02,2026-07-01T11:01:52Z,rmUowSlH_Ic,"""Need no applause"" — Chrysippus | Stoicism",71,2,2,https://youtube.com/shorts/rmUowSlH_Ic
2026-07-02,2026-06-30T22:11:06Z,fxJSvmO3N-4,"""Live the way things are"" — Zeno of Citium | Stoicism",170,7,2,https://youtube.com/shorts/fxJSvmO3N-4
2026-07-02,2026-06-30T18:45:46Z,-SbsUBKvGJQ,"""Less than you fear"" — Seneca | Stoicism",204,12,2,https://youtube.com/shorts/-SbsUBKvGJQ
2026-07-02,2026-06-30T01:52:31Z,IjDfLmmTHKU,"""You already know"" — Marcus Aurelius | Stoicism",285,3,2,https://youtube.com/shorts/IjDfLmmTHKU
2026-07-02,2026-06-24T22:07:09Z,Mk02sx_CuQo,"""You wanted it easy"" — Epictetus | Stoicism",547,21,6,https://youtube.com/shorts/Mk02sx_CuQo
2026-07-02,2026-06-24T18:35:14Z,Ihqc_gul6bQ,"""5 Rules That Make You Impossible to Corrupt"" — Chrysippus | Stoicism",807,40,4,https://youtube.com/shorts/Ihqc_gul6bQ
2026-07-02,2026-06-24T15:50:05Z,IpvOGNTWX8g,"""Your friends are convenient strangers"" — Musonius Rufus | Stoicism",533,18,3,https://youtube.com/shorts/IpvOGNTWX8g
2026-07-02,2026-06-24T10:36:53Z,ft9cooOMGLA,"""Your fear is loud"" — Zeno of Citium | Stoicism",903,36,5,https://youtube.com/shorts/ft9cooOMGLA
2026-07-02,2026-06-23T22:12:10Z,Jcv8bTZ636Q,"""You begged for an easy life"" — Seneca | Stoicism",777,29,4,https://youtube.com/shorts/Jcv8bTZ636Q
2026-07-02,2026-06-23T19:35:32Z,IyW_jQ-7OKU,"""5 Rules to Kill Endless Wanting"" — Marcus Aurelius | Stoicism",1252,73,5,https://youtube.com/shorts/IyW_jQ-7OKU
2026-07-02,2026-07-02T20:50:45Z,dBFwJ0HleQ0,"""Come closer"" — Zeno of Citium | Stoicism",0,0,2,https://youtube.com/shorts/dBFwJ0HleQ0
2026-07-02,2026-07-02T18:24:32Z,GI4uXgNj1Ew,"""Look closer"" — Zeno of Citium | Stoicism",0,0,0,https://youtube.com/shorts/GI4uXgNj1Ew
2026-07-02,2026-07-02T13:30:47Z,5Gz_ZaC1xdI,"""Let the dread settle"" — Chrysippus | Stoicism",33,0,2,https://youtube.com/shorts/5Gz_ZaC1xdI
2026-07-02,2026-07-02T08:43:19Z,9GgqbD1ED3U,"""Let it grind"" — Seneca | Stoicism",52,1,2,https://youtube.com/shorts/9GgqbD1ED3U
2026-07-02,2026-07-01T22:17:23Z,WJ3F4AY_Dr8,"""Look no further than here"" — Marcus Aurelius | Stoicism",118,3,2,https://youtube.com/shorts/WJ3F4AY_Dr8
2026-07-02,2026-07-01T18:39:53Z,bR1tmylxpmw,"""Let it pass"" — Epictetus | Stoicism",496,14,2,https://youtube.com/shorts/bR1tmylxpmw
2026-07-02,2026-07-01T16:19:38Z,hTD64Iop0uw,"""What arrives, arrives"" — Musonius Rufus | Stoicism",118,3,2,https://youtube.com/shorts/hTD64Iop0uw
2026-07-02,2026-07-01T11:01:52Z,rmUowSlH_Ic,"""Need no applause"" — Chrysippus | Stoicism",92,2,2,https://youtube.com/shorts/rmUowSlH_Ic
2026-07-02,2026-06-30T22:11:06Z,fxJSvmO3N-4,"""Live the way things are"" — Zeno of Citium | Stoicism",184,7,2,https://youtube.com/shorts/fxJSvmO3N-4
2026-07-02,2026-06-30T18:45:46Z,-SbsUBKvGJQ,"""Less than you fear"" — Seneca | Stoicism",220,11,2,https://youtube.com/shorts/-SbsUBKvGJQ
2026-07-02,2026-06-30T01:52:31Z,IjDfLmmTHKU,"""You already know"" — Marcus Aurelius | Stoicism",284,3,2,https://youtube.com/shorts/IjDfLmmTHKU
2026-07-02,2026-06-24T22:07:09Z,Mk02sx_CuQo,"""You wanted it easy"" — Epictetus | Stoicism",547,21,6,https://youtube.com/shorts/Mk02sx_CuQo
2026-07-02,2026-06-24T18:35:14Z,Ihqc_gul6bQ,"""5 Rules That Make You Impossible to Corrupt"" — Chrysippus | Stoicism",807,40,4,https://youtube.com/shorts/Ihqc_gul6bQ
2026-07-02,2026-06-24T15:50:05Z,IpvOGNTWX8g,"""Your friends are convenient strangers"" — Musonius Rufus | Stoicism",533,18,3,https://youtube.com/shorts/IpvOGNTWX8g
2026-07-02,2026-06-24T10:36:53Z,ft9cooOMGLA,"""Your fear is loud"" — Zeno of Citium | Stoicism",903,36,5,https://youtube.com/shorts/ft9cooOMGLA
2026-07-02,2026-07-02T20:51:18Z,dBFwJ0HleQ0,"""Come closer"" — Zeno of Citium | Stoicism",17,1,2,https://youtube.com/shorts/dBFwJ0HleQ0
2026-07-02,2026-07-02T18:24:32Z,GI4uXgNj1Ew,"""Look closer"" — Zeno of Citium | Stoicism",0,0,0,https://youtube.com/shorts/GI4uXgNj1Ew
2026-07-02,2026-07-02T13:30:47Z,5Gz_ZaC1xdI,"""Let the dread settle"" — Chrysippus | Stoicism",33,0,2,https://youtube.com/shorts/5Gz_ZaC1xdI
2026-07-02,2026-07-02T08:43:19Z,9GgqbD1ED3U,"""Let it grind"" — Seneca | Stoicism",52,1,2,https://youtube.com/shorts/9GgqbD1ED3U
2026-07-02,2026-07-01T22:17:23Z,WJ3F4AY_Dr8,"""Look no further than here"" — Marcus Aurelius | Stoicism",143,4,2,https://youtube.com/shorts/WJ3F4AY_Dr8
2026-07-02,2026-07-01T18:39:53Z,bR1tmylxpmw,"""Let it pass"" — Epictetus | Stoicism",496,14,2,https://youtube.com/shorts/bR1tmylxpmw
2026-07-02,2026-07-01T16:19:38Z,hTD64Iop0uw,"""What arrives, arrives"" — Musonius Rufus | Stoicism",123,4,2,https://youtube.com/shorts/hTD64Iop0uw
2026-07-02,2026-07-01T11:01:52Z,rmUowSlH_Ic,"""Need no applause"" — Chrysippus | Stoicism",91,2,2,https://youtube.com/shorts/rmUowSlH_Ic
2026-07-02,2026-06-30T22:11:06Z,fxJSvmO3N-4,"""Live the way things are"" — Zeno of Citium | Stoicism",184,7,2,https://youtube.com/shorts/fxJSvmO3N-4
2026-07-02,2026-06-30T18:45:46Z,-SbsUBKvGJQ,"""Less than you fear"" — Seneca | Stoicism",221,11,2,https://youtube.com/shorts/-SbsUBKvGJQ
2026-07-02,2026-06-30T01:52:31Z,IjDfLmmTHKU,"""You already know"" — Marcus Aurelius | Stoicism",284,3,2,https://youtube.com/shorts/IjDfLmmTHKU
2026-07-02,2026-06-24T22:07:09Z,Mk02sx_CuQo,"""You wanted it easy"" — Epictetus | Stoicism",547,21,6,https://youtube.com/shorts/Mk02sx_CuQo
2026-07-02,2026-06-24T18:35:14Z,Ihqc_gul6bQ,"""5 Rules That Make You Impossible to Corrupt"" — Chrysippus | Stoicism",807,40,4,https://youtube.com/shorts/Ihqc_gul6bQ
2026-07-02,2026-06-24T15:50:05Z,IpvOGNTWX8g,"""Your friends are convenient strangers"" — Musonius Rufus | Stoicism",533,18,3,https://youtube.com/shorts/IpvOGNTWX8g
2026-07-02,2026-06-24T10:36:53Z,ft9cooOMGLA,"""Your fear is loud"" — Zeno of Citium | Stoicism",903,36,5,https://youtube.com/shorts/ft9cooOMGLA
2026-07-03,2026-07-03T09:53:06Z,ei1LoetV9UI,"""Power is a debt"" — Musonius Rufus | Stoicism",0,0,2,https://youtube.com/shorts/ei1LoetV9UI
2026-07-03,2026-07-02T20:51:18Z,dBFwJ0HleQ0,"""Come closer"" — Zeno of Citium | Stoicism",23,1,2,https://youtube.com/shorts/dBFwJ0HleQ0
2026-07-03,2026-07-02T18:24:32Z,GI4uXgNj1Ew,"""Look closer"" — Zeno of Citium | Stoicism",0,0,0,https://youtube.com/shorts/GI4uXgNj1Ew
2026-07-03,2026-07-02T13:30:47Z,5Gz_ZaC1xdI,"""Let the dread settle"" — Chrysippus | Stoicism",52,0,2,https://youtube.com/shorts/5Gz_ZaC1xdI
2026-07-03,2026-07-02T08:43:19Z,9GgqbD1ED3U,"""Let it grind"" — Seneca | Stoicism",71,1,2,https://youtube.com/shorts/9GgqbD1ED3U
2026-07-03,2026-07-01T22:17:23Z,WJ3F4AY_Dr8,"""Look no further than here"" — Marcus Aurelius | Stoicism",175,3,2,https://youtube.com/shorts/WJ3F4AY_Dr8
2026-07-03,2026-07-01T18:39:53Z,bR1tmylxpmw,"""Let it pass"" — Epictetus | Stoicism",630,15,2,https://youtube.com/shorts/bR1tmylxpmw
2026-07-03,2026-07-01T16:19:38Z,hTD64Iop0uw,"""What arrives, arrives"" — Musonius Rufus | Stoicism",133,3,2,https://youtube.com/shorts/hTD64Iop0uw
2026-07-03,2026-07-01T11:01:52Z,rmUowSlH_Ic,"""Need no applause"" — Chrysippus | Stoicism",102,2,2,https://youtube.com/shorts/rmUowSlH_Ic
2026-07-03,2026-06-30T22:11:06Z,fxJSvmO3N-4,"""Live the way things are"" — Zeno of Citium | Stoicism",186,5,2,https://youtube.com/shorts/fxJSvmO3N-4
2026-07-03,2026-06-30T18:45:46Z,-SbsUBKvGJQ,"""Less than you fear"" — Seneca | Stoicism",221,11,2,https://youtube.com/shorts/-SbsUBKvGJQ
2026-07-03,2026-06-30T01:52:31Z,IjDfLmmTHKU,"""You already know"" — Marcus Aurelius | Stoicism",284,3,2,https://youtube.com/shorts/IjDfLmmTHKU
2026-07-03,2026-06-24T22:07:09Z,Mk02sx_CuQo,"""You wanted it easy"" — Epictetus | Stoicism",547,21,6,https://youtube.com/shorts/Mk02sx_CuQo
2026-07-03,2026-06-24T18:35:14Z,Ihqc_gul6bQ,"""5 Rules That Make You Impossible to Corrupt"" — Chrysippus | Stoicism",807,40,4,https://youtube.com/shorts/Ihqc_gul6bQ
2026-07-03,2026-06-24T15:50:05Z,IpvOGNTWX8g,"""Your friends are convenient strangers"" — Musonius Rufus | Stoicism",533,18,3,https://youtube.com/shorts/IpvOGNTWX8g
2026-07-03,2026-07-03T13:30:04Z,qzLbKJVZfbw,"""It's training"" — Epictetus | Stoicism",0,0,2,https://youtube.com/shorts/qzLbKJVZfbw
2026-07-03,2026-07-03T10:09:29Z,ei1LoetV9UI,"""Power is a debt"" — Musonius Rufus | Stoicism",28,1,2,https://youtube.com/shorts/ei1LoetV9UI
2026-07-03,2026-07-02T20:51:18Z,dBFwJ0HleQ0,"""Come closer"" — Zeno of Citium | Stoicism",23,1,2,https://youtube.com/shorts/dBFwJ0HleQ0
2026-07-03,2026-07-02T18:24:32Z,GI4uXgNj1Ew,"""Look closer"" — Zeno of Citium | Stoicism",0,0,0,https://youtube.com/shorts/GI4uXgNj1Ew
2026-07-03,2026-07-02T13:30:47Z,5Gz_ZaC1xdI,"""Let the dread settle"" — Chrysippus | Stoicism",52,0,2,https://youtube.com/shorts/5Gz_ZaC1xdI
2026-07-03,2026-07-02T08:43:19Z,9GgqbD1ED3U,"""Let it grind"" — Seneca | Stoicism",71,1,2,https://youtube.com/shorts/9GgqbD1ED3U
2026-07-03,2026-07-01T22:17:23Z,WJ3F4AY_Dr8,"""Look no further than here"" — Marcus Aurelius | Stoicism",175,3,2,https://youtube.com/shorts/WJ3F4AY_Dr8
2026-07-03,2026-07-01T18:39:53Z,bR1tmylxpmw,"""Let it pass"" — Epictetus | Stoicism",630,15,2,https://youtube.com/shorts/bR1tmylxpmw
2026-07-03,2026-07-01T16:19:38Z,hTD64Iop0uw,"""What arrives, arrives"" — Musonius Rufus | Stoicism",133,3,2,https://youtube.com/shorts/hTD64Iop0uw
2026-07-03,2026-07-01T11:01:52Z,rmUowSlH_Ic,"""Need no applause"" — Chrysippus | Stoicism",102,2,2,https://youtube.com/shorts/rmUowSlH_Ic
2026-07-03,2026-06-30T22:11:06Z,fxJSvmO3N-4,"""Live the way things are"" — Zeno of Citium | Stoicism",186,5,2,https://youtube.com/shorts/fxJSvmO3N-4
2026-07-03,2026-06-30T18:45:46Z,-SbsUBKvGJQ,"""Less than you fear"" — Seneca | Stoicism",221,11,2,https://youtube.com/shorts/-SbsUBKvGJQ
2026-07-03,2026-06-30T01:52:31Z,IjDfLmmTHKU,"""You already know"" — Marcus Aurelius | Stoicism",284,3,2,https://youtube.com/shorts/IjDfLmmTHKU
2026-07-03,2026-06-24T22:07:09Z,Mk02sx_CuQo,"""You wanted it easy"" — Epictetus | Stoicism",547,21,6,https://youtube.com/shorts/Mk02sx_CuQo
2026-07-03,2026-06-24T18:35:14Z,Ihqc_gul6bQ,"""5 Rules That Make You Impossible to Corrupt"" — Chrysippus | Stoicism",807,40,4,https://youtube.com/shorts/Ihqc_gul6bQ
2026-07-03,2026-07-03T17:10:57Z,Oe_Z5ctg2Nw,"""This moment is enough"" — Marcus Aurelius | Stoicism",0,0,2,https://youtube.com/shorts/Oe_Z5ctg2Nw
2026-07-03,2026-07-03T13:30:40Z,qzLbKJVZfbw,"""It's training"" — Epictetus | Stoicism",46,0,2,https://youtube.com/shorts/qzLbKJVZfbw
2026-07-03,2026-07-03T10:09:29Z,ei1LoetV9UI,"""Power is a debt"" — Musonius Rufus | Stoicism",51,0,2,https://youtube.com/shorts/ei1LoetV9UI
2026-07-03,2026-07-02T20:51:18Z,dBFwJ0HleQ0,"""Come closer"" — Zeno of Citium | Stoicism",23,1,2,https://youtube.com/shorts/dBFwJ0HleQ0
2026-07-03,2026-07-02T18:24:32Z,GI4uXgNj1Ew,"""Look closer"" — Zeno of Citium | Stoicism",0,0,0,https://youtube.com/shorts/GI4uXgNj1Ew
2026-07-03,2026-07-02T13:30:47Z,5Gz_ZaC1xdI,"""Let the dread settle"" — Chrysippus | Stoicism",52,0,2,https://youtube.com/shorts/5Gz_ZaC1xdI
2026-07-03,2026-07-02T08:43:19Z,9GgqbD1ED3U,"""Let it grind"" — Seneca | Stoicism",71,1,2,https://youtube.com/shorts/9GgqbD1ED3U
2026-07-03,2026-07-01T22:17:23Z,WJ3F4AY_Dr8,"""Look no further than here"" — Marcus Aurelius | Stoicism",175,3,2,https://youtube.com/shorts/WJ3F4AY_Dr8
2026-07-03,2026-07-01T18:39:53Z,bR1tmylxpmw,"""Let it pass"" — Epictetus | Stoicism",630,15,2,https://youtube.com/shorts/bR1tmylxpmw
2026-07-03,2026-07-01T16:19:38Z,hTD64Iop0uw,"""What arrives, arrives"" — Musonius Rufus | Stoicism",133,3,2,https://youtube.com/shorts/hTD64Iop0uw
2026-07-03,2026-07-01T11:01:52Z,rmUowSlH_Ic,"""Need no applause"" — Chrysippus | Stoicism",102,2,2,https://youtube.com/shorts/rmUowSlH_Ic
2026-07-03,2026-06-30T22:11:06Z,fxJSvmO3N-4,"""Live the way things are"" — Zeno of Citium | Stoicism",186,5,2,https://youtube.com/shorts/fxJSvmO3N-4
2026-07-03,2026-06-30T18:45:46Z,-SbsUBKvGJQ,"""Less than you fear"" — Seneca | Stoicism",221,11,2,https://youtube.com/shorts/-SbsUBKvGJQ
2026-07-03,2026-06-30T01:52:31Z,IjDfLmmTHKU,"""You already know"" — Marcus Aurelius | Stoicism",284,3,2,https://youtube.com/shorts/IjDfLmmTHKU
2026-07-03,2026-06-24T22:07:09Z,Mk02sx_CuQo,"""You wanted it easy"" — Epictetus | Stoicism",547,21,6,https://youtube.com/shorts/Mk02sx_CuQo
2026-07-03,2026-07-03T20:48:39Z,MJ2d3nqRJf8,"""Choose it fully"" — Chrysippus | Stoicism",0,0,2,https://youtube.com/shorts/MJ2d3nqRJf8
2026-07-03,2026-07-03T17:11:31Z,Oe_Z5ctg2Nw,"""This moment is enough"" — Marcus Aurelius | Stoicism",66,2,2,https://youtube.com/shorts/Oe_Z5ctg2Nw
2026-07-03,2026-07-03T13:30:40Z,qzLbKJVZfbw,"""It's training"" — Epictetus | Stoicism",56,0,2,https://youtube.com/shorts/qzLbKJVZfbw
2026-07-03,2026-07-03T10:09:29Z,ei1LoetV9UI,"""Power is a debt"" — Musonius Rufus | Stoicism",60,0,2,https://youtube.com/shorts/ei1LoetV9UI
2026-07-03,2026-07-02T20:51:18Z,dBFwJ0HleQ0,"""Come closer"" — Zeno of Citium | Stoicism",23,1,2,https://youtube.com/shorts/dBFwJ0HleQ0
2026-07-03,2026-07-02T18:24:32Z,GI4uXgNj1Ew,"""Look closer"" — Zeno of Citium | Stoicism",0,0,0,https://youtube.com/shorts/GI4uXgNj1Ew
2026-07-03,2026-07-02T13:30:47Z,5Gz_ZaC1xdI,"""Let the dread settle"" — Chrysippus | Stoicism",52,0,2,https://youtube.com/shorts/5Gz_ZaC1xdI
2026-07-03,2026-07-02T08:43:19Z,9GgqbD1ED3U,"""Let it grind"" — Seneca | Stoicism",71,1,2,https://youtube.com/shorts/9GgqbD1ED3U
2026-07-03,2026-07-01T22:17:23Z,WJ3F4AY_Dr8,"""Look no further than here"" — Marcus Aurelius | Stoicism",174,3,2,https://youtube.com/shorts/WJ3F4AY_Dr8
2026-07-03,2026-07-01T18:39:53Z,bR1tmylxpmw,"""Let it pass"" — Epictetus | Stoicism",629,15,2,https://youtube.com/shorts/bR1tmylxpmw
2026-07-03,2026-07-01T16:19:38Z,hTD64Iop0uw,"""What arrives, arrives"" — Musonius Rufus | Stoicism",132,3,2,https://youtube.com/shorts/hTD64Iop0uw
2026-07-03,2026-07-01T11:01:52Z,rmUowSlH_Ic,"""Need no applause"" — Chrysippus | Stoicism",102,2,2,https://youtube.com/shorts/rmUowSlH_Ic
2026-07-03,2026-06-30T22:11:06Z,fxJSvmO3N-4,"""Live the way things are"" — Zeno of Citium | Stoicism",185,5,2,https://youtube.com/shorts/fxJSvmO3N-4
2026-07-03,2026-06-30T18:45:46Z,-SbsUBKvGJQ,"""Less than you fear"" — Seneca | Stoicism",221,11,2,https://youtube.com/shorts/-SbsUBKvGJQ
2026-07-03,2026-06-30T01:52:31Z,IjDfLmmTHKU,"""You already know"" — Marcus Aurelius | Stoicism",284,3,2,https://youtube.com/shorts/IjDfLmmTHKU
2026-07-03,2026-07-03T20:49:09Z,MJ2d3nqRJf8,"""Choose it fully"" — Chrysippus | Stoicism",18,1,2,https://youtube.com/shorts/MJ2d3nqRJf8
2026-07-03,2026-07-03T17:11:31Z,Oe_Z5ctg2Nw,"""This moment is enough"" — Marcus Aurelius | Stoicism",84,5,2,https://youtube.com/shorts/Oe_Z5ctg2Nw
2026-07-03,2026-07-03T13:30:40Z,qzLbKJVZfbw,"""It's training"" — Epictetus | Stoicism",56,0,2,https://youtube.com/shorts/qzLbKJVZfbw
2026-07-03,2026-07-03T10:09:29Z,ei1LoetV9UI,"""Power is a debt"" — Musonius Rufus | Stoicism",61,1,2,https://youtube.com/shorts/ei1LoetV9UI
2026-07-03,2026-07-02T20:51:18Z,dBFwJ0HleQ0,"""Come closer"" — Zeno of Citium | Stoicism",23,1,2,https://youtube.com/shorts/dBFwJ0HleQ0
2026-07-03,2026-07-02T18:24:32Z,GI4uXgNj1Ew,"""Look closer"" — Zeno of Citium | Stoicism",0,0,0,https://youtube.com/shorts/GI4uXgNj1Ew
2026-07-03,2026-07-02T13:30:47Z,5Gz_ZaC1xdI,"""Let the dread settle"" — Chrysippus | Stoicism",52,0,2,https://youtube.com/shorts/5Gz_ZaC1xdI
2026-07-03,2026-07-02T08:43:19Z,9GgqbD1ED3U,"""Let it grind"" — Seneca | Stoicism",71,1,2,https://youtube.com/shorts/9GgqbD1ED3U
2026-07-03,2026-07-01T22:17:23Z,WJ3F4AY_Dr8,"""Look no further than here"" — Marcus Aurelius | Stoicism",174,3,2,https://youtube.com/shorts/WJ3F4AY_Dr8
2026-07-03,2026-07-01T18:39:53Z,bR1tmylxpmw,"""Let it pass"" — Epictetus | Stoicism",629,15,2,https://youtube.com/shorts/bR1tmylxpmw
2026-07-03,2026-07-01T16:19:38Z,hTD64Iop0uw,"""What arrives, arrives"" — Musonius Rufus | Stoicism",132,3,2,https://youtube.com/shorts/hTD64Iop0uw
2026-07-03,2026-07-01T11:01:52Z,rmUowSlH_Ic,"""Need no applause"" — Chrysippus | Stoicism",102,2,2,https://youtube.com/shorts/rmUowSlH_Ic
2026-07-03,2026-06-30T22:11:06Z,fxJSvmO3N-4,"""Live the way things are"" — Zeno of Citium | Stoicism",185,5,2,https://youtube.com/shorts/fxJSvmO3N-4
2026-07-03,2026-06-30T18:45:46Z,-SbsUBKvGJQ,"""Less than you fear"" — Seneca | Stoicism",221,11,2,https://youtube.com/shorts/-SbsUBKvGJQ
2026-07-03,2026-06-30T01:52:31Z,IjDfLmmTHKU,"""You already know"" — Marcus Aurelius | Stoicism",284,3,2,https://youtube.com/shorts/IjDfLmmTHKU
2026-07-04,2026-07-04T08:19:14Z,0ewAv9QeUtM,"""Hold it loosely"" — Seneca | Stoicism",0,0,2,https://youtube.com/shorts/0ewAv9QeUtM
2026-07-04,2026-07-03T20:49:09Z,MJ2d3nqRJf8,"""Choose it fully"" — Chrysippus | Stoicism",73,2,2,https://youtube.com/shorts/MJ2d3nqRJf8
2026-07-04,2026-07-03T17:11:31Z,Oe_Z5ctg2Nw,"""This moment is enough"" — Marcus Aurelius | Stoicism",113,4,2,https://youtube.com/shorts/Oe_Z5ctg2Nw
2026-07-04,2026-07-03T13:30:40Z,qzLbKJVZfbw,"""It's training"" — Epictetus | Stoicism",83,0,2,https://youtube.com/shorts/qzLbKJVZfbw
2026-07-04,2026-07-03T10:09:29Z,ei1LoetV9UI,"""Power is a debt"" — Musonius Rufus | Stoicism",68,1,2,https://youtube.com/shorts/ei1LoetV9UI
2026-07-04,2026-07-02T20:51:18Z,dBFwJ0HleQ0,"""Come closer"" — Zeno of Citium | Stoicism",23,1,2,https://youtube.com/shorts/dBFwJ0HleQ0
2026-07-04,2026-07-02T18:24:32Z,GI4uXgNj1Ew,"""Look closer"" — Zeno of Citium | Stoicism",0,0,0,https://youtube.com/shorts/GI4uXgNj1Ew
2026-07-04,2026-07-02T13:30:47Z,5Gz_ZaC1xdI,"""Let the dread settle"" — Chrysippus | Stoicism",52,0,2,https://youtube.com/shorts/5Gz_ZaC1xdI
2026-07-04,2026-07-02T08:43:19Z,9GgqbD1ED3U,"""Let it grind"" — Seneca | Stoicism",71,1,2,https://youtube.com/shorts/9GgqbD1ED3U
2026-07-04,2026-07-01T22:17:23Z,WJ3F4AY_Dr8,"""Look no further than here"" — Marcus Aurelius | Stoicism",174,3,2,https://youtube.com/shorts/WJ3F4AY_Dr8
2026-07-04,2026-07-01T18:39:53Z,bR1tmylxpmw,"""Let it pass"" — Epictetus | Stoicism",631,15,2,https://youtube.com/shorts/bR1tmylxpmw
2026-07-04,2026-07-01T16:19:38Z,hTD64Iop0uw,"""What arrives, arrives"" — Musonius Rufus | Stoicism",132,3,2,https://youtube.com/shorts/hTD64Iop0uw
2026-07-04,2026-07-01T11:01:52Z,rmUowSlH_Ic,"""Need no applause"" — Chrysippus | Stoicism",102,2,2,https://youtube.com/shorts/rmUowSlH_Ic
2026-07-04,2026-06-30T22:11:06Z,fxJSvmO3N-4,"""Live the way things are"" — Zeno of Citium | Stoicism",185,5,2,https://youtube.com/shorts/fxJSvmO3N-4
2026-07-04,2026-06-30T18:45:46Z,-SbsUBKvGJQ,"""Less than you fear"" — Seneca | Stoicism",221,11,2,https://youtube.com/shorts/-SbsUBKvGJQ
2026-07-04,2026-07-04T11:59:47Z,do0M8pa7F6k,"""Stay open"" — Zeno of Citium | Stoicism",0,0,2,https://youtube.com/shorts/do0M8pa7F6k
2026-07-04,2026-07-04T08:19:37Z,0ewAv9QeUtM,"""Hold it loosely"" — Seneca | Stoicism",677,11,3,https://youtube.com/shorts/0ewAv9QeUtM
2026-07-04,2026-07-03T20:49:09Z,MJ2d3nqRJf8,"""Choose it fully"" — Chrysippus | Stoicism",80,3,2,https://youtube.com/shorts/MJ2d3nqRJf8
2026-07-04,2026-07-03T17:11:31Z,Oe_Z5ctg2Nw,"""This moment is enough"" — Marcus Aurelius | Stoicism",115,5,2,https://youtube.com/shorts/Oe_Z5ctg2Nw
2026-07-04,2026-07-03T13:30:40Z,qzLbKJVZfbw,"""It's training"" — Epictetus | Stoicism",85,1,2,https://youtube.com/shorts/qzLbKJVZfbw
2026-07-04,2026-07-03T10:09:29Z,ei1LoetV9UI,"""Power is a debt"" — Musonius Rufus | Stoicism",74,1,2,https://youtube.com/shorts/ei1LoetV9UI
2026-07-04,2026-07-02T20:51:18Z,dBFwJ0HleQ0,"""Come closer"" — Zeno of Citium | Stoicism",23,1,2,https://youtube.com/shorts/dBFwJ0HleQ0
2026-07-04,2026-07-02T18:24:32Z,GI4uXgNj1Ew,"""Look closer"" — Zeno of Citium | Stoicism",0,0,0,https://youtube.com/shorts/GI4uXgNj1Ew
2026-07-04,2026-07-02T13:30:47Z,5Gz_ZaC1xdI,"""Let the dread settle"" — Chrysippus | Stoicism",52,0,2,https://youtube.com/shorts/5Gz_ZaC1xdI
2026-07-04,2026-07-02T08:43:19Z,9GgqbD1ED3U,"""Let it grind"" — Seneca | Stoicism",71,1,2,https://youtube.com/shorts/9GgqbD1ED3U
2026-07-04,2026-07-01T22:17:23Z,WJ3F4AY_Dr8,"""Look no further than here"" — Marcus Aurelius | Stoicism",174,3,2,https://youtube.com/shorts/WJ3F4AY_Dr8
2026-07-04,2026-07-01T18:39:53Z,bR1tmylxpmw,"""Let it pass"" — Epictetus | Stoicism",631,15,2,https://youtube.com/shorts/bR1tmylxpmw
2026-07-04,2026-07-01T16:19:38Z,hTD64Iop0uw,"""What arrives, arrives"" — Musonius Rufus | Stoicism",132,3,2,https://youtube.com/shorts/hTD64Iop0uw
2026-07-04,2026-07-01T11:01:52Z,rmUowSlH_Ic,"""Need no applause"" — Chrysippus | Stoicism",102,2,2,https://youtube.com/shorts/rmUowSlH_Ic
2026-07-04,2026-06-30T22:11:06Z,fxJSvmO3N-4,"""Live the way things are"" — Zeno of Citium | Stoicism",185,5,2,https://youtube.com/shorts/fxJSvmO3N-4
2026-07-04,2026-07-04T15:52:59Z,XRyXUj4uTN4,"""Let it be what it is"" — Musonius Rufus | Stoicism",0,0,2,https://youtube.com/shorts/XRyXUj4uTN4
2026-07-04,2026-07-04T12:00:12Z,do0M8pa7F6k,"""Stay open"" — Zeno of Citium | Stoicism",160,2,2,https://youtube.com/shorts/do0M8pa7F6k
2026-07-04,2026-07-04T08:19:37Z,0ewAv9QeUtM,"""Hold it loosely"" — Seneca | Stoicism",713,10,3,https://youtube.com/shorts/0ewAv9QeUtM
2026-07-04,2026-07-03T20:49:09Z,MJ2d3nqRJf8,"""Choose it fully"" — Chrysippus | Stoicism",88,2,2,https://youtube.com/shorts/MJ2d3nqRJf8
2026-07-04,2026-07-03T17:11:31Z,Oe_Z5ctg2Nw,"""This moment is enough"" — Marcus Aurelius | Stoicism",123,5,2,https://youtube.com/shorts/Oe_Z5ctg2Nw
2026-07-04,2026-07-03T13:30:40Z,qzLbKJVZfbw,"""It's training"" — Epictetus | Stoicism",91,1,2,https://youtube.com/shorts/qzLbKJVZfbw
2026-07-04,2026-07-03T10:09:29Z,ei1LoetV9UI,"""Power is a debt"" — Musonius Rufus | Stoicism",78,2,2,https://youtube.com/shorts/ei1LoetV9UI
2026-07-04,2026-07-02T20:51:18Z,dBFwJ0HleQ0,"""Come closer"" — Zeno of Citium | Stoicism",23,1,2,https://youtube.com/shorts/dBFwJ0HleQ0
2026-07-04,2026-07-02T18:24:32Z,GI4uXgNj1Ew,"""Look closer"" — Zeno of Citium | Stoicism",0,0,0,https://youtube.com/shorts/GI4uXgNj1Ew
2026-07-04,2026-07-02T13:30:47Z,5Gz_ZaC1xdI,"""Let the dread settle"" — Chrysippus | Stoicism",52,0,2,https://youtube.com/shorts/5Gz_ZaC1xdI
2026-07-04,2026-07-02T08:43:19Z,9GgqbD1ED3U,"""Let it grind"" — Seneca | Stoicism",71,1,2,https://youtube.com/shorts/9GgqbD1ED3U
2026-07-04,2026-07-01T22:17:23Z,WJ3F4AY_Dr8,"""Look no further than here"" — Marcus Aurelius | Stoicism",174,3,2,https://youtube.com/shorts/WJ3F4AY_Dr8
2026-07-04,2026-07-01T18:39:53Z,bR1tmylxpmw,"""Let it pass"" — Epictetus | Stoicism",631,15,2,https://youtube.com/shorts/bR1tmylxpmw
2026-07-04,2026-07-01T16:19:38Z,hTD64Iop0uw,"""What arrives, arrives"" — Musonius Rufus | Stoicism",132,3,2,https://youtube.com/shorts/hTD64Iop0uw
2026-07-04,2026-07-01T11:01:52Z,rmUowSlH_Ic,"""Need no applause"" — Chrysippus | Stoicism",102,2,2,https://youtube.com/shorts/rmUowSlH_Ic
2026-07-04,2026-07-04T20:36:25Z,mk1zKYrH1T8,"""Let it settle"" — Epictetus | Stoicism",0,0,2,https://youtube.com/shorts/mk1zKYrH1T8
2026-07-04,2026-07-04T15:53:50Z,XRyXUj4uTN4,"""Let it be what it is"" — Musonius Rufus | Stoicism",19,1,2,https://youtube.com/shorts/XRyXUj4uTN4
2026-07-04,2026-07-04T12:00:12Z,do0M8pa7F6k,"""Stay open"" — Zeno of Citium | Stoicism",167,2,2,https://youtube.com/shorts/do0M8pa7F6k
2026-07-04,2026-07-04T08:19:37Z,0ewAv9QeUtM,"""Hold it loosely"" — Seneca | Stoicism",936,10,3,https://youtube.com/shorts/0ewAv9QeUtM
2026-07-04,2026-07-03T20:49:09Z,MJ2d3nqRJf8,"""Choose it fully"" — Chrysippus | Stoicism",90,3,2,https://youtube.com/shorts/MJ2d3nqRJf8
2026-07-04,2026-07-03T17:11:31Z,Oe_Z5ctg2Nw,"""This moment is enough"" — Marcus Aurelius | Stoicism",133,6,2,https://youtube.com/shorts/Oe_Z5ctg2Nw
2026-07-04,2026-07-03T13:30:40Z,qzLbKJVZfbw,"""It's training"" — Epictetus | Stoicism",94,1,2,https://youtube.com/shorts/qzLbKJVZfbw
2026-07-04,2026-07-03T10:09:29Z,ei1LoetV9UI,"""Power is a debt"" — Musonius Rufus | Stoicism",79,2,2,https://youtube.com/shorts/ei1LoetV9UI
2026-07-04,2026-07-02T20:51:18Z,dBFwJ0HleQ0,"""Come closer"" — Zeno of Citium | Stoicism",23,1,2,https://youtube.com/shorts/dBFwJ0HleQ0
2026-07-04,2026-07-02T18:24:32Z,GI4uXgNj1Ew,"""Look closer"" — Zeno of Citium | Stoicism",0,0,0,https://youtube.com/shorts/GI4uXgNj1Ew
2026-07-04,2026-07-02T13:30:47Z,5Gz_ZaC1xdI,"""Let the dread settle"" — Chrysippus | Stoicism",52,0,2,https://youtube.com/shorts/5Gz_ZaC1xdI
2026-07-04,2026-07-02T08:43:19Z,9GgqbD1ED3U,"""Let it grind"" — Seneca | Stoicism",71,1,2,https://youtube.com/shorts/9GgqbD1ED3U
2026-07-04,2026-07-01T22:17:23Z,WJ3F4AY_Dr8,"""Look no further than here"" — Marcus Aurelius | Stoicism",174,3,2,https://youtube.com/shorts/WJ3F4AY_Dr8
2026-07-04,2026-07-01T18:39:53Z,bR1tmylxpmw,"""Let it pass"" — Epictetus | Stoicism",631,15,2,https://youtube.com/shorts/bR1tmylxpmw
2026-07-04,2026-07-01T16:19:38Z,hTD64Iop0uw,"""What arrives, arrives"" — Musonius Rufus | Stoicism",132,3,2,https://youtube.com/shorts/hTD64Iop0uw
2026-07-04,2026-07-04T20:37:05Z,mk1zKYrH1T8,"""Let it settle"" — Epictetus | Stoicism",169,7,3,https://youtube.com/shorts/mk1zKYrH1T8
2026-07-04,2026-07-04T15:53:50Z,XRyXUj4uTN4,"""Let it be what it is"" — Musonius Rufus | Stoicism",40,1,2,https://youtube.com/shorts/XRyXUj4uTN4
2026-07-04,2026-07-04T12:00:12Z,do0M8pa7F6k,"""Stay open"" — Zeno of Citium | Stoicism",189,2,2,https://youtube.com/shorts/do0M8pa7F6k
2026-07-04,2026-07-04T08:19:37Z,0ewAv9QeUtM,"""Hold it loosely"" — Seneca | Stoicism",933,10,3,https://youtube.com/shorts/0ewAv9QeUtM
2026-07-04,2026-07-03T20:49:09Z,MJ2d3nqRJf8,"""Choose it fully"" — Chrysippus | Stoicism",90,3,2,https://youtube.com/shorts/MJ2d3nqRJf8
2026-07-04,2026-07-03T17:11:31Z,Oe_Z5ctg2Nw,"""This moment is enough"" — Marcus Aurelius | Stoicism",138,6,2,https://youtube.com/shorts/Oe_Z5ctg2Nw
2026-07-04,2026-07-03T13:30:40Z,qzLbKJVZfbw,"""It's training"" — Epictetus | Stoicism",101,1,2,https://youtube.com/shorts/qzLbKJVZfbw
2026-07-04,2026-07-03T10:09:29Z,ei1LoetV9UI,"""Power is a debt"" — Musonius Rufus | Stoicism",79,2,2,https://youtube.com/shorts/ei1LoetV9UI
2026-07-04,2026-07-02T20:51:18Z,dBFwJ0HleQ0,"""Come closer"" — Zeno of Citium | Stoicism",23,1,2,https://youtube.com/shorts/dBFwJ0HleQ0
2026-07-04,2026-07-02T18:24:32Z,GI4uXgNj1Ew,"""Look closer"" — Zeno of Citium | Stoicism",0,0,0,https://youtube.com/shorts/GI4uXgNj1Ew
2026-07-04,2026-07-02T13:30:47Z,5Gz_ZaC1xdI,"""Let the dread settle"" — Chrysippus | Stoicism",52,0,2,https://youtube.com/shorts/5Gz_ZaC1xdI
2026-07-04,2026-07-02T08:43:19Z,9GgqbD1ED3U,"""Let it grind"" — Seneca | Stoicism",71,1,2,https://youtube.com/shorts/9GgqbD1ED3U
2026-07-04,2026-07-01T22:17:23Z,WJ3F4AY_Dr8,"""Look no further than here"" — Marcus Aurelius | Stoicism",174,3,2,https://youtube.com/shorts/WJ3F4AY_Dr8
2026-07-04,2026-07-01T18:39:53Z,bR1tmylxpmw,"""Let it pass"" — Epictetus | Stoicism",631,15,2,https://youtube.com/shorts/bR1tmylxpmw
2026-07-04,2026-07-01T16:19:38Z,hTD64Iop0uw,"""What arrives, arrives"" — Musonius Rufus | Stoicism",132,3,2,https://youtube.com/shorts/hTD64Iop0uw
2026-07-05,2026-07-05T08:41:44Z,5G8PDKp7398,"""Notice what pulls you"" — Chrysippus | Stoicism",0,0,2,https://youtube.com/shorts/5G8PDKp7398
2026-07-05,2026-07-04T20:37:05Z,mk1zKYrH1T8,"""Let it settle"" — Epictetus | Stoicism",508,19,3,https://youtube.com/shorts/mk1zKYrH1T8
2026-07-05,2026-07-04T15:53:50Z,XRyXUj4uTN4,"""Let it be what it is"" — Musonius Rufus | Stoicism",48,2,2,https://youtube.com/shorts/XRyXUj4uTN4
2026-07-05,2026-07-04T12:00:12Z,do0M8pa7F6k,"""Stay open"" — Zeno of Citium | Stoicism",204,4,2,https://youtube.com/shorts/do0M8pa7F6k
2026-07-05,2026-07-04T08:19:37Z,0ewAv9QeUtM,"""Hold it loosely"" — Seneca | Stoicism",937,10,3,https://youtube.com/shorts/0ewAv9QeUtM
2026-07-05,2026-07-03T20:49:09Z,MJ2d3nqRJf8,"""Choose it fully"" — Chrysippus | Stoicism",107,4,2,https://youtube.com/shorts/MJ2d3nqRJf8
2026-07-05,2026-07-03T17:11:31Z,Oe_Z5ctg2Nw,"""This moment is enough"" — Marcus Aurelius | Stoicism",157,8,2,https://youtube.com/shorts/Oe_Z5ctg2Nw
2026-07-05,2026-07-03T13:30:40Z,qzLbKJVZfbw,"""It's training"" — Epictetus | Stoicism",103,1,2,https://youtube.com/shorts/qzLbKJVZfbw
2026-07-05,2026-07-03T10:09:29Z,ei1LoetV9UI,"""Power is a debt"" — Musonius Rufus | Stoicism",79,2,2,https://youtube.com/shorts/ei1LoetV9UI
2026-07-05,2026-07-02T20:51:18Z,dBFwJ0HleQ0,"""Come closer"" — Zeno of Citium | Stoicism",23,1,2,https://youtube.com/shorts/dBFwJ0HleQ0
2026-07-05,2026-07-02T18:24:32Z,GI4uXgNj1Ew,"""Look closer"" — Zeno of Citium | Stoicism",0,0,0,https://youtube.com/shorts/GI4uXgNj1Ew
2026-07-05,2026-07-02T13:30:47Z,5Gz_ZaC1xdI,"""Let the dread settle"" — Chrysippus | Stoicism",52,0,2,https://youtube.com/shorts/5Gz_ZaC1xdI
2026-07-05,2026-07-02T08:43:19Z,9GgqbD1ED3U,"""Let it grind"" — Seneca | Stoicism",71,1,2,https://youtube.com/shorts/9GgqbD1ED3U
2026-07-05,2026-07-01T22:17:23Z,WJ3F4AY_Dr8,"""Look no further than here"" — Marcus Aurelius | Stoicism",174,3,2,https://youtube.com/shorts/WJ3F4AY_Dr8
2026-07-05,2026-07-01T18:39:53Z,bR1tmylxpmw,"""Let it pass"" — Epictetus | Stoicism",632,15,2,https://youtube.com/shorts/bR1tmylxpmw
2026-07-05,2026-07-05T12:10:39Z,xShTeIO2wZE,"""Face it"" — Marcus Aurelius | Stoicism",0,0,2,https://youtube.com/shorts/xShTeIO2wZE
2026-07-05,2026-07-05T08:42:38Z,5G8PDKp7398,"""Notice what pulls you"" — Chrysippus | Stoicism",353,9,2,https://youtube.com/shorts/5G8PDKp7398
2026-07-05,2026-07-04T20:37:05Z,mk1zKYrH1T8,"""Let it settle"" — Epictetus | Stoicism",542,21,4,https://youtube.com/shorts/mk1zKYrH1T8
2026-07-05,2026-07-04T15:53:50Z,XRyXUj4uTN4,"""Let it be what it is"" — Musonius Rufus | Stoicism",57,4,2,https://youtube.com/shorts/XRyXUj4uTN4
2026-07-05,2026-07-04T12:00:12Z,do0M8pa7F6k,"""Stay open"" — Zeno of Citium | Stoicism",213,5,2,https://youtube.com/shorts/do0M8pa7F6k
2026-07-05,2026-07-04T08:19:37Z,0ewAv9QeUtM,"""Hold it loosely"" — Seneca | Stoicism",940,10,3,https://youtube.com/shorts/0ewAv9QeUtM
2026-07-05,2026-07-03T20:49:09Z,MJ2d3nqRJf8,"""Choose it fully"" — Chrysippus | Stoicism",109,6,2,https://youtube.com/shorts/MJ2d3nqRJf8
2026-07-05,2026-07-03T17:11:31Z,Oe_Z5ctg2Nw,"""This moment is enough"" — Marcus Aurelius | Stoicism",159,8,2,https://youtube.com/shorts/Oe_Z5ctg2Nw
2026-07-05,2026-07-03T13:30:40Z,qzLbKJVZfbw,"""It's training"" — Epictetus | Stoicism",103,1,2,https://youtube.com/shorts/qzLbKJVZfbw
2026-07-05,2026-07-03T10:09:29Z,ei1LoetV9UI,"""Power is a debt"" — Musonius Rufus | Stoicism",79,2,2,https://youtube.com/shorts/ei1LoetV9UI
2026-07-05,2026-07-02T20:51:18Z,dBFwJ0HleQ0,"""Come closer"" — Zeno of Citium | Stoicism",23,1,2,https://youtube.com/shorts/dBFwJ0HleQ0
2026-07-05,2026-07-02T18:24:32Z,GI4uXgNj1Ew,"""Look closer"" — Zeno of Citium | Stoicism",0,0,0,https://youtube.com/shorts/GI4uXgNj1Ew
2026-07-05,2026-07-02T13:30:47Z,5Gz_ZaC1xdI,"""Let the dread settle"" — Chrysippus | Stoicism",53,0,2,https://youtube.com/shorts/5Gz_ZaC1xdI
2026-07-05,2026-07-02T08:43:19Z,9GgqbD1ED3U,"""Let it grind"" — Seneca | Stoicism",72,1,2,https://youtube.com/shorts/9GgqbD1ED3U
2026-07-05,2026-07-01T22:17:23Z,WJ3F4AY_Dr8,"""Look no further than here"" — Marcus Aurelius | Stoicism",174,3,2,https://youtube.com/shorts/WJ3F4AY_Dr8
2026-07-05,2026-07-05T16:04:54Z,pyWoqCX8TC4,"""Where fear lives, life waits"" — Seneca | Stoicism",0,0,2,https://youtube.com/shorts/pyWoqCX8TC4
2026-07-05,2026-07-05T12:11:50Z,xShTeIO2wZE,"""Face it"" — Marcus Aurelius | Stoicism",622,15,2,https://youtube.com/shorts/xShTeIO2wZE
2026-07-05,2026-07-05T08:42:38Z,5G8PDKp7398,"""Notice what pulls you"" — Chrysippus | Stoicism",541,11,2,https://youtube.com/shorts/5G8PDKp7398
2026-07-05,2026-07-04T20:37:05Z,mk1zKYrH1T8,"""Let it settle"" — Epictetus | Stoicism",584,22,4,https://youtube.com/shorts/mk1zKYrH1T8
2026-07-05,2026-07-04T15:53:50Z,XRyXUj4uTN4,"""Let it be what it is"" — Musonius Rufus | Stoicism",73,5,2,https://youtube.com/shorts/XRyXUj4uTN4
2026-07-05,2026-07-04T12:00:12Z,do0M8pa7F6k,"""Stay open"" — Zeno of Citium | Stoicism",219,7,2,https://youtube.com/shorts/do0M8pa7F6k
2026-07-05,2026-07-04T08:19:37Z,0ewAv9QeUtM,"""Hold it loosely"" — Seneca | Stoicism",937,10,3,https://youtube.com/shorts/0ewAv9QeUtM
2026-07-05,2026-07-03T20:49:09Z,MJ2d3nqRJf8,"""Choose it fully"" — Chrysippus | Stoicism",122,6,2,https://youtube.com/shorts/MJ2d3nqRJf8
2026-07-05,2026-07-03T17:11:31Z,Oe_Z5ctg2Nw,"""This moment is enough"" — Marcus Aurelius | Stoicism",167,8,2,https://youtube.com/shorts/Oe_Z5ctg2Nw
2026-07-05,2026-07-03T13:30:40Z,qzLbKJVZfbw,"""It's training"" — Epictetus | Stoicism",103,1,2,https://youtube.com/shorts/qzLbKJVZfbw
2026-07-05,2026-07-03T10:09:29Z,ei1LoetV9UI,"""Power is a debt"" — Musonius Rufus | Stoicism",82,2,2,https://youtube.com/shorts/ei1LoetV9UI
2026-07-05,2026-07-02T20:51:18Z,dBFwJ0HleQ0,"""Come closer"" — Zeno of Citium | Stoicism",28,1,2,https://youtube.com/shorts/dBFwJ0HleQ0
2026-07-05,2026-07-02T18:24:32Z,GI4uXgNj1Ew,"""Look closer"" — Zeno of Citium | Stoicism",0,0,0,https://youtube.com/shorts/GI4uXgNj1Ew
2026-07-05,2026-07-02T13:30:47Z,5Gz_ZaC1xdI,"""Let the dread settle"" — Chrysippus | Stoicism",53,0,2,https://youtube.com/shorts/5Gz_ZaC1xdI
2026-07-05,2026-07-02T08:43:19Z,9GgqbD1ED3U,"""Let it grind"" — Seneca | Stoicism",72,1,2,https://youtube.com/shorts/9GgqbD1ED3U
2026-07-05,2026-07-05T20:44:51Z,ZibclqOCkD8,"""Let yourself care"" — Zeno of Citium | Stoicism",0,0,2,https://youtube.com/shorts/ZibclqOCkD8
2026-07-05,2026-07-05T16:05:44Z,pyWoqCX8TC4,"""Where fear lives, life waits"" — Seneca | Stoicism",137,10,2,https://youtube.com/shorts/pyWoqCX8TC4
2026-07-05,2026-07-05T12:11:50Z,xShTeIO2wZE,"""Face it"" — Marcus Aurelius | Stoicism",867,15,2,https://youtube.com/shorts/xShTeIO2wZE
2026-07-05,2026-07-05T08:42:38Z,5G8PDKp7398,"""Notice what pulls you"" — Chrysippus | Stoicism",566,11,2,https://youtube.com/shorts/5G8PDKp7398
2026-07-05,2026-07-04T20:37:05Z,mk1zKYrH1T8,"""Let it settle"" — Epictetus | Stoicism",603,22,4,https://youtube.com/shorts/mk1zKYrH1T8
2026-07-05,2026-07-04T15:53:50Z,XRyXUj4uTN4,"""Let it be what it is"" — Musonius Rufus | Stoicism",90,5,2,https://youtube.com/shorts/XRyXUj4uTN4
2026-07-05,2026-07-04T12:00:12Z,do0M8pa7F6k,"""Stay open"" — Zeno of Citium | Stoicism",224,7,2,https://youtube.com/shorts/do0M8pa7F6k
2026-07-05,2026-07-04T08:19:37Z,0ewAv9QeUtM,"""Hold it loosely"" — Seneca | Stoicism",937,10,3,https://youtube.com/shorts/0ewAv9QeUtM
2026-07-05,2026-07-03T20:49:09Z,MJ2d3nqRJf8,"""Choose it fully"" — Chrysippus | Stoicism",122,6,2,https://youtube.com/shorts/MJ2d3nqRJf8
2026-07-05,2026-07-03T17:11:31Z,Oe_Z5ctg2Nw,"""This moment is enough"" — Marcus Aurelius | Stoicism",167,8,2,https://youtube.com/shorts/Oe_Z5ctg2Nw
2026-07-05,2026-07-03T13:30:40Z,qzLbKJVZfbw,"""It's training"" — Epictetus | Stoicism",107,1,2,https://youtube.com/shorts/qzLbKJVZfbw
2026-07-05,2026-07-03T10:09:29Z,ei1LoetV9UI,"""Power is a debt"" — Musonius Rufus | Stoicism",82,2,2,https://youtube.com/shorts/ei1LoetV9UI
2026-07-05,2026-07-02T20:51:18Z,dBFwJ0HleQ0,"""Come closer"" — Zeno of Citium | Stoicism",28,1,2,https://youtube.com/shorts/dBFwJ0HleQ0
2026-07-05,2026-07-02T18:24:32Z,GI4uXgNj1Ew,"""Look closer"" — Zeno of Citium | Stoicism",0,0,0,https://youtube.com/shorts/GI4uXgNj1Ew
2026-07-05,2026-07-02T13:30:47Z,5Gz_ZaC1xdI,"""Let the dread settle"" — Chrysippus | Stoicism",55,0,2,https://youtube.com/shorts/5Gz_ZaC1xdI
2026-07-05,2026-07-05T20:45:29Z,ZibclqOCkD8,"""Let yourself care"" — Zeno of Citium | Stoicism",490,50,3,https://youtube.com/shorts/ZibclqOCkD8
2026-07-05,2026-07-05T16:05:44Z,pyWoqCX8TC4,"""Where fear lives, life waits"" — Seneca | Stoicism",170,12,2,https://youtube.com/shorts/pyWoqCX8TC4
2026-07-05,2026-07-05T12:11:50Z,xShTeIO2wZE,"""Face it"" — Marcus Aurelius | Stoicism",872,15,2,https://youtube.com/shorts/xShTeIO2wZE
2026-07-05,2026-07-05T08:42:38Z,5G8PDKp7398,"""Notice what pulls you"" — Chrysippus | Stoicism",574,11,2,https://youtube.com/shorts/5G8PDKp7398
2026-07-05,2026-07-04T20:37:05Z,mk1zKYrH1T8,"""Let it settle"" — Epictetus | Stoicism",604,23,4,https://youtube.com/shorts/mk1zKYrH1T8
2026-07-05,2026-07-04T15:53:50Z,XRyXUj4uTN4,"""Let it be what it is"" — Musonius Rufus | Stoicism",99,5,2,https://youtube.com/shorts/XRyXUj4uTN4
2026-07-05,2026-07-04T12:00:12Z,do0M8pa7F6k,"""Stay open"" — Zeno of Citium | Stoicism",224,7,2,https://youtube.com/shorts/do0M8pa7F6k
2026-07-05,2026-07-04T08:19:37Z,0ewAv9QeUtM,"""Hold it loosely"" — Seneca | Stoicism",937,10,3,https://youtube.com/shorts/0ewAv9QeUtM
2026-07-05,2026-07-03T20:49:09Z,MJ2d3nqRJf8,"""Choose it fully"" — Chrysippus | Stoicism",122,6,2,https://youtube.com/shorts/MJ2d3nqRJf8
2026-07-05,2026-07-03T17:11:31Z,Oe_Z5ctg2Nw,"""This moment is enough"" — Marcus Aurelius | Stoicism",167,8,2,https://youtube.com/shorts/Oe_Z5ctg2Nw
2026-07-05,2026-07-03T13:30:40Z,qzLbKJVZfbw,"""It's training"" — Epictetus | Stoicism",107,1,2,https://youtube.com/shorts/qzLbKJVZfbw
2026-07-05,2026-07-03T10:09:29Z,ei1LoetV9UI,"""Power is a debt"" — Musonius Rufus | Stoicism",82,2,2,https://youtube.com/shorts/ei1LoetV9UI
2026-07-05,2026-07-02T20:51:18Z,dBFwJ0HleQ0,"""Come closer"" — Zeno of Citium | Stoicism",28,1,2,https://youtube.com/shorts/dBFwJ0HleQ0
2026-07-05,2026-07-02T18:24:32Z,GI4uXgNj1Ew,"""Look closer"" — Zeno of Citium | Stoicism",0,0,0,https://youtube.com/shorts/GI4uXgNj1Ew
2026-07-05,2026-07-02T13:30:47Z,5Gz_ZaC1xdI,"""Let the dread settle"" — Chrysippus | Stoicism",55,0,2,https://youtube.com/shorts/5Gz_ZaC1xdI
2026-07-05,2026-07-05T20:45:29Z,ZibclqOCkD8,"""Let yourself care"" — Zeno of Citium | Stoicism",587,57,3,https://youtube.com/shorts/ZibclqOCkD8
2026-07-05,2026-07-05T16:05:44Z,pyWoqCX8TC4,"""Where fear lives, life waits"" — Seneca | Stoicism",170,12,2,https://youtube.com/shorts/pyWoqCX8TC4
2026-07-05,2026-07-05T12:11:50Z,xShTeIO2wZE,"""Face it"" — Marcus Aurelius | Stoicism",872,15,2,https://youtube.com/shorts/xShTeIO2wZE
2026-07-05,2026-07-05T08:42:38Z,5G8PDKp7398,"""Notice what pulls you"" — Chrysippus | Stoicism",574,11,2,https://youtube.com/shorts/5G8PDKp7398
2026-07-05,2026-07-04T20:37:05Z,mk1zKYrH1T8,"""Let it settle"" — Epictetus | Stoicism",604,23,4,https://youtube.com/shorts/mk1zKYrH1T8
2026-07-05,2026-07-04T15:53:50Z,XRyXUj4uTN4,"""Let it be what it is"" — Musonius Rufus | Stoicism",99,5,2,https://youtube.com/shorts/XRyXUj4uTN4
2026-07-05,2026-07-04T12:00:12Z,do0M8pa7F6k,"""Stay open"" — Zeno of Citium | Stoicism",224,7,2,https://youtube.com/shorts/do0M8pa7F6k
2026-07-05,2026-07-04T08:19:37Z,0ewAv9QeUtM,"""Hold it loosely"" — Seneca | Stoicism",937,10,3,https://youtube.com/shorts/0ewAv9QeUtM
2026-07-05,2026-07-03T20:49:09Z,MJ2d3nqRJf8,"""Choose it fully"" — Chrysippus | Stoicism",122,6,2,https://youtube.com/shorts/MJ2d3nqRJf8
2026-07-05,2026-07-03T17:11:31Z,Oe_Z5ctg2Nw,"""This moment is enough"" — Marcus Aurelius | Stoicism",167,8,2,https://youtube.com/shorts/Oe_Z5ctg2Nw
2026-07-05,2026-07-03T13:30:40Z,qzLbKJVZfbw,"""It's training"" — Epictetus | Stoicism",107,1,2,https://youtube.com/shorts/qzLbKJVZfbw
2026-07-05,2026-07-03T10:09:29Z,ei1LoetV9UI,"""Power is a debt"" — Musonius Rufus | Stoicism",82,2,2,https://youtube.com/shorts/ei1LoetV9UI
2026-07-05,2026-07-02T20:51:18Z,dBFwJ0HleQ0,"""Come closer"" — Zeno of Citium | Stoicism",28,1,2,https://youtube.com/shorts/dBFwJ0HleQ0
2026-07-05,2026-07-02T18:24:32Z,GI4uXgNj1Ew,"""Look closer"" — Zeno of Citium | Stoicism",0,0,0,https://youtube.com/shorts/GI4uXgNj1Ew
2026-07-05,2026-07-02T13:30:47Z,5Gz_ZaC1xdI,"""Let the dread settle"" — Chrysippus | Stoicism",55,0,2,https://youtube.com/shorts/5Gz_ZaC1xdI
2026-07-06,2026-07-06T11:47:07Z,z0zus6SySlQ,"""Choose the harder honesty"" — Musonius Rufus | Stoicism",0,0,2,https://youtube.com/shorts/z0zus6SySlQ
2026-07-06,2026-07-05T20:45:29Z,ZibclqOCkD8,"""Let yourself care"" — Zeno of Citium | Stoicism",1105,66,3,https://youtube.com/shorts/ZibclqOCkD8
2026-07-06,2026-07-05T16:05:44Z,pyWoqCX8TC4,"""Where fear lives, life waits"" — Seneca | Stoicism",260,17,2,https://youtube.com/shorts/pyWoqCX8TC4
2026-07-06,2026-07-05T12:11:50Z,xShTeIO2wZE,"""Face it"" — Marcus Aurelius | Stoicism",893,16,2,https://youtube.com/shorts/xShTeIO2wZE
2026-07-06,2026-07-05T08:42:38Z,5G8PDKp7398,"""Notice what pulls you"" — Chrysippus | Stoicism",603,14,2,https://youtube.com/shorts/5G8PDKp7398
2026-07-06,2026-07-04T20:37:05Z,mk1zKYrH1T8,"""Let it settle"" — Epictetus | Stoicism",648,27,4,https://youtube.com/shorts/mk1zKYrH1T8
2026-07-06,2026-07-04T15:53:50Z,XRyXUj4uTN4,"""Let it be what it is"" — Musonius Rufus | Stoicism",137,7,2,https://youtube.com/shorts/XRyXUj4uTN4
2026-07-06,2026-07-04T12:00:12Z,do0M8pa7F6k,"""Stay open"" — Zeno of Citium | Stoicism",224,7,2,https://youtube.com/shorts/do0M8pa7F6k
2026-07-06,2026-07-04T08:19:37Z,0ewAv9QeUtM,"""Hold it loosely"" — Seneca | Stoicism",937,10,3,https://youtube.com/shorts/0ewAv9QeUtM
2026-07-06,2026-07-03T20:49:09Z,MJ2d3nqRJf8,"""Choose it fully"" — Chrysippus | Stoicism",122,6,2,https://youtube.com/shorts/MJ2d3nqRJf8
2026-07-06,2026-07-03T17:11:31Z,Oe_Z5ctg2Nw,"""This moment is enough"" — Marcus Aurelius | Stoicism",168,8,2,https://youtube.com/shorts/Oe_Z5ctg2Nw
2026-07-06,2026-07-03T13:30:40Z,qzLbKJVZfbw,"""It's training"" — Epictetus | Stoicism",107,1,2,https://youtube.com/shorts/qzLbKJVZfbw
2026-07-06,2026-07-03T10:09:29Z,ei1LoetV9UI,"""Power is a debt"" — Musonius Rufus | Stoicism",82,2,2,https://youtube.com/shorts/ei1LoetV9UI
2026-07-06,2026-07-02T20:51:18Z,dBFwJ0HleQ0,"""Come closer"" — Zeno of Citium | Stoicism",28,1,2,https://youtube.com/shorts/dBFwJ0HleQ0
2026-07-06,2026-07-02T18:24:32Z,GI4uXgNj1Ew,"""Look closer"" — Zeno of Citium | Stoicism",0,0,0,https://youtube.com/shorts/GI4uXgNj1Ew
2026-07-06,2026-07-06T15:32:27Z,TT--nDWIoYk,"""Stay standing"" — Chrysippus | Stoicism",0,0,2,https://youtube.com/shorts/TT--nDWIoYk
2026-07-06,2026-07-06T11:47:40Z,z0zus6SySlQ,"""Choose the harder honesty"" — Musonius Rufus | Stoicism",45,2,2,https://youtube.com/shorts/z0zus6SySlQ
2026-07-06,2026-07-05T20:45:29Z,ZibclqOCkD8,"""Let yourself care"" — Zeno of Citium | Stoicism",1106,66,3,https://youtube.com/shorts/ZibclqOCkD8
2026-07-06,2026-07-05T16:05:44Z,pyWoqCX8TC4,"""Where fear lives, life waits"" — Seneca | Stoicism",393,24,2,https://youtube.com/shorts/pyWoqCX8TC4
2026-07-06,2026-07-05T12:11:50Z,xShTeIO2wZE,"""Face it"" — Marcus Aurelius | Stoicism",895,16,2,https://youtube.com/shorts/xShTeIO2wZE
2026-07-06,2026-07-05T08:42:38Z,5G8PDKp7398,"""Notice what pulls you"" — Chrysippus | Stoicism",615,14,2,https://youtube.com/shorts/5G8PDKp7398
2026-07-06,2026-07-04T20:37:05Z,mk1zKYrH1T8,"""Let it settle"" — Epictetus | Stoicism",664,28,4,https://youtube.com/shorts/mk1zKYrH1T8
2026-07-06,2026-07-04T15:53:50Z,XRyXUj4uTN4,"""Let it be what it is"" — Musonius Rufus | Stoicism",148,7,2,https://youtube.com/shorts/XRyXUj4uTN4
2026-07-06,2026-07-04T12:00:12Z,do0M8pa7F6k,"""Stay open"" — Zeno of Citium | Stoicism",225,7,2,https://youtube.com/shorts/do0M8pa7F6k
2026-07-06,2026-07-04T08:19:37Z,0ewAv9QeUtM,"""Hold it loosely"" — Seneca | Stoicism",937,10,3,https://youtube.com/shorts/0ewAv9QeUtM
2026-07-06,2026-07-03T20:49:09Z,MJ2d3nqRJf8,"""Choose it fully"" — Chrysippus | Stoicism",122,6,2,https://youtube.com/shorts/MJ2d3nqRJf8
2026-07-06,2026-07-03T17:11:31Z,Oe_Z5ctg2Nw,"""This moment is enough"" — Marcus Aurelius | Stoicism",168,8,2,https://youtube.com/shorts/Oe_Z5ctg2Nw
2026-07-06,2026-07-03T13:30:40Z,qzLbKJVZfbw,"""It's training"" — Epictetus | Stoicism",107,1,2,https://youtube.com/shorts/qzLbKJVZfbw
2026-07-06,2026-07-03T10:09:29Z,ei1LoetV9UI,"""Power is a debt"" — Musonius Rufus | Stoicism",82,2,2,https://youtube.com/shorts/ei1LoetV9UI
2026-07-06,2026-07-02T20:51:18Z,dBFwJ0HleQ0,"""Come closer"" — Zeno of Citium | Stoicism",28,1,2,https://youtube.com/shorts/dBFwJ0HleQ0
2026-07-06,2026-07-06T17:05:32Z,kORGB4qlp_A,"""This day is enough"" — Epictetus | Stoicism",0,0,2,https://youtube.com/shorts/kORGB4qlp_A
2026-07-06,2026-07-06T15:32:53Z,TT--nDWIoYk,"""Stay standing"" — Chrysippus | Stoicism",19,1,2,https://youtube.com/shorts/TT--nDWIoYk
2026-07-06,2026-07-06T11:47:40Z,z0zus6SySlQ,"""Choose the harder honesty"" — Musonius Rufus | Stoicism",60,1,2,https://youtube.com/shorts/z0zus6SySlQ
2026-07-06,2026-07-05T20:45:29Z,ZibclqOCkD8,"""Let yourself care"" — Zeno of Citium | Stoicism",1099,66,4,https://youtube.com/shorts/ZibclqOCkD8
2026-07-06,2026-07-05T16:05:44Z,pyWoqCX8TC4,"""Where fear lives, life waits"" — Seneca | Stoicism",417,25,2,https://youtube.com/shorts/pyWoqCX8TC4
2026-07-06,2026-07-05T12:11:50Z,xShTeIO2wZE,"""Face it"" — Marcus Aurelius | Stoicism",895,16,2,https://youtube.com/shorts/xShTeIO2wZE
2026-07-06,2026-07-05T08:42:38Z,5G8PDKp7398,"""Notice what pulls you"" — Chrysippus | Stoicism",614,14,2,https://youtube.com/shorts/5G8PDKp7398
2026-07-06,2026-07-04T20:37:05Z,mk1zKYrH1T8,"""Let it settle"" — Epictetus | Stoicism",664,28,4,https://youtube.com/shorts/mk1zKYrH1T8
2026-07-06,2026-07-04T15:53:50Z,XRyXUj4uTN4,"""Let it be what it is"" — Musonius Rufus | Stoicism",167,7,2,https://youtube.com/shorts/XRyXUj4uTN4
2026-07-06,2026-07-04T12:00:12Z,do0M8pa7F6k,"""Stay open"" — Zeno of Citium | Stoicism",225,7,2,https://youtube.com/shorts/do0M8pa7F6k
2026-07-06,2026-07-04T08:19:37Z,0ewAv9QeUtM,"""Hold it loosely"" — Seneca | Stoicism",937,10,3,https://youtube.com/shorts/0ewAv9QeUtM
2026-07-06,2026-07-03T20:49:09Z,MJ2d3nqRJf8,"""Choose it fully"" — Chrysippus | Stoicism",122,6,2,https://youtube.com/shorts/MJ2d3nqRJf8
2026-07-06,2026-07-03T17:11:31Z,Oe_Z5ctg2Nw,"""This moment is enough"" — Marcus Aurelius | Stoicism",168,8,2,https://youtube.com/shorts/Oe_Z5ctg2Nw
2026-07-06,2026-07-03T13:30:40Z,qzLbKJVZfbw,"""It's training"" — Epictetus | Stoicism",107,1,2,https://youtube.com/shorts/qzLbKJVZfbw
2026-07-06,2026-07-03T10:09:29Z,ei1LoetV9UI,"""Power is a debt"" — Musonius Rufus | Stoicism",82,2,2,https://youtube.com/shorts/ei1LoetV9UI
2026-07-06,2026-07-06T18:55:38Z,_St3SoNjNhU,"""Just this task"" — Marcus Aurelius | Stoicism",0,0,2,https://youtube.com/shorts/_St3SoNjNhU
2026-07-06,2026-07-06T17:06:31Z,kORGB4qlp_A,"""This day is enough"" — Epictetus | Stoicism",13,1,2,https://youtube.com/shorts/kORGB4qlp_A
2026-07-06,2026-07-06T15:32:53Z,TT--nDWIoYk,"""Stay standing"" — Chrysippus | Stoicism",19,1,2,https://youtube.com/shorts/TT--nDWIoYk
2026-07-06,2026-07-06T11:47:40Z,z0zus6SySlQ,"""Choose the harder honesty"" — Musonius Rufus | Stoicism",60,1,2,https://youtube.com/shorts/z0zus6SySlQ
2026-07-06,2026-07-05T20:45:29Z,ZibclqOCkD8,"""Let yourself care"" — Zeno of Citium | Stoicism",1099,66,4,https://youtube.com/shorts/ZibclqOCkD8
2026-07-06,2026-07-05T16:05:44Z,pyWoqCX8TC4,"""Where fear lives, life waits"" — Seneca | Stoicism",428,25,2,https://youtube.com/shorts/pyWoqCX8TC4
2026-07-06,2026-07-05T12:11:50Z,xShTeIO2wZE,"""Face it"" — Marcus Aurelius | Stoicism",893,16,2,https://youtube.com/shorts/xShTeIO2wZE
2026-07-06,2026-07-05T08:42:38Z,5G8PDKp7398,"""Notice what pulls you"" — Chrysippus | Stoicism",614,14,2,https://youtube.com/shorts/5G8PDKp7398
2026-07-06,2026-07-04T20:37:05Z,mk1zKYrH1T8,"""Let it settle"" — Epictetus | Stoicism",679,30,4,https://youtube.com/shorts/mk1zKYrH1T8
2026-07-06,2026-07-04T15:53:50Z,XRyXUj4uTN4,"""Let it be what it is"" — Musonius Rufus | Stoicism",177,7,2,https://youtube.com/shorts/XRyXUj4uTN4
2026-07-06,2026-07-04T12:00:12Z,do0M8pa7F6k,"""Stay open"" — Zeno of Citium | Stoicism",225,7,2,https://youtube.com/shorts/do0M8pa7F6k
2026-07-06,2026-07-04T08:19:37Z,0ewAv9QeUtM,"""Hold it loosely"" — Seneca | Stoicism",938,10,3,https://youtube.com/shorts/0ewAv9QeUtM
2026-07-06,2026-07-03T20:49:09Z,MJ2d3nqRJf8,"""Choose it fully"" — Chrysippus | Stoicism",122,6,2,https://youtube.com/shorts/MJ2d3nqRJf8
2026-07-06,2026-07-03T17:11:31Z,Oe_Z5ctg2Nw,"""This moment is enough"" — Marcus Aurelius | Stoicism",168,8,2,https://youtube.com/shorts/Oe_Z5ctg2Nw
2026-07-06,2026-07-03T13:30:40Z,qzLbKJVZfbw,"""It's training"" — Epictetus | Stoicism",107,1,2,https://youtube.com/shorts/qzLbKJVZfbw
2026-07-06,2026-07-06T18:56:05Z,_St3SoNjNhU,"""Just this task"" — Marcus Aurelius | Stoicism",2,0,2,https://youtube.com/shorts/_St3SoNjNhU
2026-07-06,2026-07-06T17:06:31Z,kORGB4qlp_A,"""This day is enough"" — Epictetus | Stoicism",13,1,2,https://youtube.com/shorts/kORGB4qlp_A
2026-07-06,2026-07-06T15:32:53Z,TT--nDWIoYk,"""Stay standing"" — Chrysippus | Stoicism",23,1,2,https://youtube.com/shorts/TT--nDWIoYk
2026-07-06,2026-07-06T11:47:40Z,z0zus6SySlQ,"""Choose the harder honesty"" — Musonius Rufus | Stoicism",73,1,2,https://youtube.com/shorts/z0zus6SySlQ
2026-07-06,2026-07-05T20:45:29Z,ZibclqOCkD8,"""Let yourself care"" — Zeno of Citium | Stoicism",1100,66,4,https://youtube.com/shorts/ZibclqOCkD8
2026-07-06,2026-07-05T16:05:44Z,pyWoqCX8TC4,"""Where fear lives, life waits"" — Seneca | Stoicism",458,26,2,https://youtube.com/shorts/pyWoqCX8TC4
2026-07-06,2026-07-05T12:11:50Z,xShTeIO2wZE,"""Face it"" — Marcus Aurelius | Stoicism",893,16,2,https://youtube.com/shorts/xShTeIO2wZE
2026-07-06,2026-07-05T08:42:38Z,5G8PDKp7398,"""Notice what pulls you"" — Chrysippus | Stoicism",614,14,2,https://youtube.com/shorts/5G8PDKp7398
2026-07-06,2026-07-04T20:37:05Z,mk1zKYrH1T8,"""Let it settle"" — Epictetus | Stoicism",679,30,4,https://youtube.com/shorts/mk1zKYrH1T8
2026-07-06,2026-07-04T15:53:50Z,XRyXUj4uTN4,"""Let it be what it is"" — Musonius Rufus | Stoicism",177,7,2,https://youtube.com/shorts/XRyXUj4uTN4
2026-07-06,2026-07-04T12:00:12Z,do0M8pa7F6k,"""Stay open"" — Zeno of Citium | Stoicism",225,7,2,https://youtube.com/shorts/do0M8pa7F6k
2026-07-06,2026-07-04T08:19:37Z,0ewAv9QeUtM,"""Hold it loosely"" — Seneca | Stoicism",938,10,3,https://youtube.com/shorts/0ewAv9QeUtM
2026-07-06,2026-07-03T20:49:09Z,MJ2d3nqRJf8,"""Choose it fully"" — Chrysippus | Stoicism",122,6,2,https://youtube.com/shorts/MJ2d3nqRJf8
2026-07-06,2026-07-03T17:11:31Z,Oe_Z5ctg2Nw,"""This moment is enough"" — Marcus Aurelius | Stoicism",168,8,2,https://youtube.com/shorts/Oe_Z5ctg2Nw
2026-07-06,2026-07-03T13:30:40Z,qzLbKJVZfbw,"""It's training"" — Epictetus | Stoicism",107,1,2,https://youtube.com/shorts/qzLbKJVZfbw
2026-07-06,2026-07-06T18:56:05Z,_St3SoNjNhU,"""Just this task"" — Marcus Aurelius | Stoicism",11,0,2,https://youtube.com/shorts/_St3SoNjNhU
2026-07-06,2026-07-06T17:06:31Z,kORGB4qlp_A,"""This day is enough"" — Epictetus | Stoicism",18,1,2,https://youtube.com/shorts/kORGB4qlp_A
2026-07-06,2026-07-06T15:32:53Z,TT--nDWIoYk,"""Stay standing"" — Chrysippus | Stoicism",23,1,2,https://youtube.com/shorts/TT--nDWIoYk
2026-07-06,2026-07-06T11:47:40Z,z0zus6SySlQ,"""Choose the harder honesty"" — Musonius Rufus | Stoicism",73,1,2,https://youtube.com/shorts/z0zus6SySlQ
2026-07-06,2026-07-05T20:45:29Z,ZibclqOCkD8,"""Let yourself care"" — Zeno of Citium | Stoicism",1103,66,4,https://youtube.com/shorts/ZibclqOCkD8
2026-07-06,2026-07-05T16:05:44Z,pyWoqCX8TC4,"""Where fear lives, life waits"" — Seneca | Stoicism",500,26,2,https://youtube.com/shorts/pyWoqCX8TC4
2026-07-06,2026-07-05T12:11:50Z,xShTeIO2wZE,"""Face it"" — Marcus Aurelius | Stoicism",899,16,2,https://youtube.com/shorts/xShTeIO2wZE
2026-07-06,2026-07-05T08:42:38Z,5G8PDKp7398,"""Notice what pulls you"" — Chrysippus | Stoicism",614,14,2,https://youtube.com/shorts/5G8PDKp7398
2026-07-06,2026-07-04T20:37:05Z,mk1zKYrH1T8,"""Let it settle"" — Epictetus | Stoicism",698,30,4,https://youtube.com/shorts/mk1zKYrH1T8
2026-07-06,2026-07-04T15:53:50Z,XRyXUj4uTN4,"""Let it be what it is"" — Musonius Rufus | Stoicism",177,7,2,https://youtube.com/shorts/XRyXUj4uTN4
2026-07-06,2026-07-04T12:00:12Z,do0M8pa7F6k,"""Stay open"" — Zeno of Citium | Stoicism",225,7,2,https://youtube.com/shorts/do0M8pa7F6k
2026-07-06,2026-07-04T08:19:37Z,0ewAv9QeUtM,"""Hold it loosely"" — Seneca | Stoicism",938,10,3,https://youtube.com/shorts/0ewAv9QeUtM
2026-07-06,2026-07-03T20:49:09Z,MJ2d3nqRJf8,"""Choose it fully"" — Chrysippus | Stoicism",122,6,2,https://youtube.com/shorts/MJ2d3nqRJf8
2026-07-06,2026-07-03T17:11:31Z,Oe_Z5ctg2Nw,"""This moment is enough"" — Marcus Aurelius | Stoicism",168,8,2,https://youtube.com/shorts/Oe_Z5ctg2Nw
2026-07-06,2026-07-03T13:30:40Z,qzLbKJVZfbw,"""It's training"" — Epictetus | Stoicism",107,1,2,https://youtube.com/shorts/qzLbKJVZfbw
2026-07-07,2026-07-07T10:35:36Z,RqwweRXyY2Q,"""It is already happening"" — Seneca | Stoicism",0,0,2,https://youtube.com/shorts/RqwweRXyY2Q
2026-07-07,2026-07-06T18:56:05Z,_St3SoNjNhU,"""Just this task"" — Marcus Aurelius | Stoicism",80,4,2,https://youtube.com/shorts/_St3SoNjNhU
2026-07-07,2026-07-06T17:06:31Z,kORGB4qlp_A,"""This day is enough"" — Epictetus | Stoicism",32,1,2,https://youtube.com/shorts/kORGB4qlp_A
2026-07-07,2026-07-06T15:32:53Z,TT--nDWIoYk,"""Stay standing"" — Chrysippus | Stoicism",64,1,2,https://youtube.com/shorts/TT--nDWIoYk
2026-07-07,2026-07-06T11:47:40Z,z0zus6SySlQ,"""Choose the harder honesty"" — Musonius Rufus | Stoicism",175,3,2,https://youtube.com/shorts/z0zus6SySlQ
2026-07-07,2026-07-05T20:45:29Z,ZibclqOCkD8,"""Let yourself care"" — Zeno of Citium | Stoicism",1107,66,4,https://youtube.com/shorts/ZibclqOCkD8
2026-07-07,2026-07-05T16:05:44Z,pyWoqCX8TC4,"""Where fear lives, life waits"" — Seneca | Stoicism",576,31,2,https://youtube.com/shorts/pyWoqCX8TC4
2026-07-07,2026-07-05T12:11:50Z,xShTeIO2wZE,"""Face it"" — Marcus Aurelius | Stoicism",911,16,2,https://youtube.com/shorts/xShTeIO2wZE
2026-07-07,2026-07-05T08:42:38Z,5G8PDKp7398,"""Notice what pulls you"" — Chrysippus | Stoicism",615,14,2,https://youtube.com/shorts/5G8PDKp7398
2026-07-07,2026-07-04T20:37:05Z,mk1zKYrH1T8,"""Let it settle"" — Epictetus | Stoicism",700,30,4,https://youtube.com/shorts/mk1zKYrH1T8
2026-07-07,2026-07-04T15:53:50Z,XRyXUj4uTN4,"""Let it be what it is"" — Musonius Rufus | Stoicism",177,7,2,https://youtube.com/shorts/XRyXUj4uTN4
2026-07-07,2026-07-04T12:00:12Z,do0M8pa7F6k,"""Stay open"" — Zeno of Citium | Stoicism",225,7,2,https://youtube.com/shorts/do0M8pa7F6k
2026-07-07,2026-07-04T08:19:37Z,0ewAv9QeUtM,"""Hold it loosely"" — Seneca | Stoicism",939,10,3,https://youtube.com/shorts/0ewAv9QeUtM
2026-07-07,2026-07-03T20:49:09Z,MJ2d3nqRJf8,"""Choose it fully"" — Chrysippus | Stoicism",122,6,2,https://youtube.com/shorts/MJ2d3nqRJf8
2026-07-07,2026-07-03T17:11:31Z,Oe_Z5ctg2Nw,"""This moment is enough"" — Marcus Aurelius | Stoicism",168,8,2,https://youtube.com/shorts/Oe_Z5ctg2Nw
2026-07-07,2026-07-07T14:32:47Z,t_d6ZOJuN0o,"""Set it down"" — Zeno of Citium | Stoicism",0,0,2,https://youtube.com/shorts/t_d6ZOJuN0o
2026-07-07,2026-07-07T10:35:59Z,RqwweRXyY2Q,"""It is already happening"" — Seneca | Stoicism",128,4,2,https://youtube.com/shorts/RqwweRXyY2Q
2026-07-07,2026-07-06T18:56:05Z,_St3SoNjNhU,"""Just this task"" — Marcus Aurelius | Stoicism",110,3,2,https://youtube.com/shorts/_St3SoNjNhU
2026-07-07,2026-07-06T17:06:31Z,kORGB4qlp_A,"""This day is enough"" — Epictetus | Stoicism",62,1,2,https://youtube.com/shorts/kORGB4qlp_A
2026-07-07,2026-07-06T15:32:53Z,TT--nDWIoYk,"""Stay standing"" — Chrysippus | Stoicism",89,1,2,https://youtube.com/shorts/TT--nDWIoYk
2026-07-07,2026-07-06T11:47:40Z,z0zus6SySlQ,"""Choose the harder honesty"" — Musonius Rufus | Stoicism",194,4,2,https://youtube.com/shorts/z0zus6SySlQ
2026-07-07,2026-07-05T20:45:29Z,ZibclqOCkD8,"""Let yourself care"" — Zeno of Citium | Stoicism",1107,66,4,https://youtube.com/shorts/ZibclqOCkD8
2026-07-07,2026-07-05T16:05:44Z,pyWoqCX8TC4,"""Where fear lives, life waits"" — Seneca | Stoicism",581,31,2,https://youtube.com/shorts/pyWoqCX8TC4
2026-07-07,2026-07-05T12:11:50Z,xShTeIO2wZE,"""Face it"" — Marcus Aurelius | Stoicism",911,16,2,https://youtube.com/shorts/xShTeIO2wZE
2026-07-07,2026-07-05T08:42:38Z,5G8PDKp7398,"""Notice what pulls you"" — Chrysippus | Stoicism",615,14,2,https://youtube.com/shorts/5G8PDKp7398
2026-07-07,2026-07-04T20:37:05Z,mk1zKYrH1T8,"""Let it settle"" — Epictetus | Stoicism",700,30,4,https://youtube.com/shorts/mk1zKYrH1T8
2026-07-07,2026-07-04T15:53:50Z,XRyXUj4uTN4,"""Let it be what it is"" — Musonius Rufus | Stoicism",177,7,2,https://youtube.com/shorts/XRyXUj4uTN4
2026-07-07,2026-07-04T12:00:12Z,do0M8pa7F6k,"""Stay open"" — Zeno of Citium | Stoicism",225,7,2,https://youtube.com/shorts/do0M8pa7F6k
2026-07-07,2026-07-04T08:19:37Z,0ewAv9QeUtM,"""Hold it loosely"" — Seneca | Stoicism",939,10,3,https://youtube.com/shorts/0ewAv9QeUtM
2026-07-07,2026-07-03T20:49:09Z,MJ2d3nqRJf8,"""Choose it fully"" — Chrysippus | Stoicism",122,6,2,https://youtube.com/shorts/MJ2d3nqRJf8
2026-07-07,2026-07-07T19:01:57Z,C_qPyUXrRHQ,"""Meet what comes"" — Musonius Rufus | Stoicism",0,0,2,https://youtube.com/shorts/C_qPyUXrRHQ
2026-07-07,2026-07-07T14:33:20Z,t_d6ZOJuN0o,"""Set it down"" — Zeno of Citium | Stoicism",34,0,2,https://youtube.com/shorts/t_d6ZOJuN0o
2026-07-07,2026-07-07T10:35:59Z,RqwweRXyY2Q,"""It is already happening"" — Seneca | Stoicism",297,5,2,https://youtube.com/shorts/RqwweRXyY2Q
2026-07-07,2026-07-06T18:56:05Z,_St3SoNjNhU,"""Just this task"" — Marcus Aurelius | Stoicism",134,3,2,https://youtube.com/shorts/_St3SoNjNhU
2026-07-07,2026-07-06T17:06:31Z,kORGB4qlp_A,"""This day is enough"" — Epictetus | Stoicism",71,1,2,https://youtube.com/shorts/kORGB4qlp_A
2026-07-07,2026-07-06T15:32:53Z,TT--nDWIoYk,"""Stay standing"" — Chrysippus | Stoicism",101,1,2,https://youtube.com/shorts/TT--nDWIoYk
2026-07-07,2026-07-06T11:47:40Z,z0zus6SySlQ,"""Choose the harder honesty"" — Musonius Rufus | Stoicism",211,4,2,https://youtube.com/shorts/z0zus6SySlQ
2026-07-07,2026-07-05T20:45:29Z,ZibclqOCkD8,"""Let yourself care"" — Zeno of Citium | Stoicism",1108,66,4,https://youtube.com/shorts/ZibclqOCkD8
2026-07-07,2026-07-05T16:05:44Z,pyWoqCX8TC4,"""Where fear lives, life waits"" — Seneca | Stoicism",593,32,2,https://youtube.com/shorts/pyWoqCX8TC4
2026-07-07,2026-07-05T12:11:50Z,xShTeIO2wZE,"""Face it"" — Marcus Aurelius | Stoicism",912,16,2,https://youtube.com/shorts/xShTeIO2wZE
2026-07-07,2026-07-05T08:42:38Z,5G8PDKp7398,"""Notice what pulls you"" — Chrysippus | Stoicism",615,14,2,https://youtube.com/shorts/5G8PDKp7398
2026-07-07,2026-07-04T20:37:05Z,mk1zKYrH1T8,"""Let it settle"" — Epictetus | Stoicism",700,30,4,https://youtube.com/shorts/mk1zKYrH1T8
2026-07-07,2026-07-04T15:53:50Z,XRyXUj4uTN4,"""Let it be what it is"" — Musonius Rufus | Stoicism",177,7,2,https://youtube.com/shorts/XRyXUj4uTN4
2026-07-07,2026-07-04T12:00:12Z,do0M8pa7F6k,"""Stay open"" — Zeno of Citium | Stoicism",225,7,2,https://youtube.com/shorts/do0M8pa7F6k
2026-07-07,2026-07-04T08:19:37Z,0ewAv9QeUtM,"""Hold it loosely"" — Seneca | Stoicism",939,10,3,https://youtube.com/shorts/0ewAv9QeUtM
2026-07-07,2026-07-07T19:02:30Z,C_qPyUXrRHQ,"""Meet what comes"" — Musonius Rufus | Stoicism",9,0,2,https://youtube.com/shorts/C_qPyUXrRHQ
2026-07-07,2026-07-07T14:33:20Z,t_d6ZOJuN0o,"""Set it down"" — Zeno of Citium | Stoicism",33,0,2,https://youtube.com/shorts/t_d6ZOJuN0o
2026-07-07,2026-07-07T10:35:59Z,RqwweRXyY2Q,"""It is already happening"" — Seneca | Stoicism",398,11,2,https://youtube.com/shorts/RqwweRXyY2Q
2026-07-07,2026-07-06T18:56:05Z,_St3SoNjNhU,"""Just this task"" — Marcus Aurelius | Stoicism",139,3,2,https://youtube.com/shorts/_St3SoNjNhU
2026-07-07,2026-07-06T17:06:31Z,kORGB4qlp_A,"""This day is enough"" — Epictetus | Stoicism",78,1,2,https://youtube.com/shorts/kORGB4qlp_A
2026-07-07,2026-07-06T15:32:53Z,TT--nDWIoYk,"""Stay standing"" — Chrysippus | Stoicism",101,1,2,https://youtube.com/shorts/TT--nDWIoYk
2026-07-07,2026-07-06T11:47:40Z,z0zus6SySlQ,"""Choose the harder honesty"" — Musonius Rufus | Stoicism",219,4,2,https://youtube.com/shorts/z0zus6SySlQ
2026-07-07,2026-07-05T20:45:29Z,ZibclqOCkD8,"""Let yourself care"" — Zeno of Citium | Stoicism",1108,66,4,https://youtube.com/shorts/ZibclqOCkD8
2026-07-07,2026-07-05T16:05:44Z,pyWoqCX8TC4,"""Where fear lives, life waits"" — Seneca | Stoicism",594,32,2,https://youtube.com/shorts/pyWoqCX8TC4
2026-07-07,2026-07-05T12:11:50Z,xShTeIO2wZE,"""Face it"" — Marcus Aurelius | Stoicism",912,16,2,https://youtube.com/shorts/xShTeIO2wZE
2026-07-07,2026-07-05T08:42:38Z,5G8PDKp7398,"""Notice what pulls you"" — Chrysippus | Stoicism",615,14,2,https://youtube.com/shorts/5G8PDKp7398
2026-07-07,2026-07-04T20:37:05Z,mk1zKYrH1T8,"""Let it settle"" — Epictetus | Stoicism",700,30,4,https://youtube.com/shorts/mk1zKYrH1T8
2026-07-07,2026-07-04T15:53:50Z,XRyXUj4uTN4,"""Let it be what it is"" — Musonius Rufus | Stoicism",177,7,2,https://youtube.com/shorts/XRyXUj4uTN4
2026-07-07,2026-07-04T12:00:12Z,do0M8pa7F6k,"""Stay open"" — Zeno of Citium | Stoicism",225,7,2,https://youtube.com/shorts/do0M8pa7F6k
2026-07-07,2026-07-04T08:19:37Z,0ewAv9QeUtM,"""Hold it loosely"" — Seneca | Stoicism",939,10,3,https://youtube.com/shorts/0ewAv9QeUtM
2026-07-07,2026-07-07T23:06:47Z,J3Z8Mi4k-Hg,"""It isn't the thing"" — Epictetus | Stoicism",0,0,2,https://youtube.com/shorts/J3Z8Mi4k-Hg
2026-07-07,2026-07-07T19:02:30Z,C_qPyUXrRHQ,"""Meet what comes"" — Musonius Rufus | Stoicism",47,1,2,https://youtube.com/shorts/C_qPyUXrRHQ
2026-07-07,2026-07-07T14:33:20Z,t_d6ZOJuN0o,"""Set it down"" — Zeno of Citium | Stoicism",61,2,2,https://youtube.com/shorts/t_d6ZOJuN0o
2026-07-07,2026-07-07T10:35:59Z,RqwweRXyY2Q,"""It is already happening"" — Seneca | Stoicism",484,13,2,https://youtube.com/shorts/RqwweRXyY2Q
2026-07-07,2026-07-06T18:56:05Z,_St3SoNjNhU,"""Just this task"" — Marcus Aurelius | Stoicism",143,3,2,https://youtube.com/shorts/_St3SoNjNhU
2026-07-07,2026-07-06T17:06:31Z,kORGB4qlp_A,"""This day is enough"" — Epictetus | Stoicism",86,2,2,https://youtube.com/shorts/kORGB4qlp_A
2026-07-07,2026-07-06T15:32:53Z,TT--nDWIoYk,"""Stay standing"" — Chrysippus | Stoicism",103,2,2,https://youtube.com/shorts/TT--nDWIoYk
2026-07-07,2026-07-06T11:47:40Z,z0zus6SySlQ,"""Choose the harder honesty"" — Musonius Rufus | Stoicism",219,4,2,https://youtube.com/shorts/z0zus6SySlQ
2026-07-07,2026-07-05T20:45:29Z,ZibclqOCkD8,"""Let yourself care"" — Zeno of Citium | Stoicism",1108,66,4,https://youtube.com/shorts/ZibclqOCkD8
2026-07-07,2026-07-05T16:05:44Z,pyWoqCX8TC4,"""Where fear lives, life waits"" — Seneca | Stoicism",595,32,2,https://youtube.com/shorts/pyWoqCX8TC4
2026-07-07,2026-07-05T12:11:50Z,xShTeIO2wZE,"""Face it"" — Marcus Aurelius | Stoicism",912,16,2,https://youtube.com/shorts/xShTeIO2wZE
2026-07-07,2026-07-05T08:42:38Z,5G8PDKp7398,"""Notice what pulls you"" — Chrysippus | Stoicism",615,14,2,https://youtube.com/shorts/5G8PDKp7398
2026-07-07,2026-07-04T20:37:05Z,mk1zKYrH1T8,"""Let it settle"" — Epictetus | Stoicism",700,30,4,https://youtube.com/shorts/mk1zKYrH1T8
2026-07-07,2026-07-04T15:53:50Z,XRyXUj4uTN4,"""Let it be what it is"" — Musonius Rufus | Stoicism",177,7,2,https://youtube.com/shorts/XRyXUj4uTN4
2026-07-07,2026-07-04T12:00:12Z,do0M8pa7F6k,"""Stay open"" — Zeno of Citium | Stoicism",225,7,2,https://youtube.com/shorts/do0M8pa7F6k
2026-07-08,2026-07-08T09:34:14Z,4kA8Elm9T-k,"""Look at your own hands"" — Marcus Aurelius | Stoicism",0,0,2,https://youtube.com/shorts/4kA8Elm9T-k
2026-07-08,2026-07-07T23:07:15Z,J3Z8Mi4k-Hg,"""It isn't the thing"" — Epictetus | Stoicism",455,11,2,https://youtube.com/shorts/J3Z8Mi4k-Hg
2026-07-08,2026-07-07T19:02:30Z,C_qPyUXrRHQ,"""Meet what comes"" — Musonius Rufus | Stoicism",140,3,2,https://youtube.com/shorts/C_qPyUXrRHQ
2026-07-08,2026-07-07T14:33:20Z,t_d6ZOJuN0o,"""Set it down"" — Zeno of Citium | Stoicism",270,9,2,https://youtube.com/shorts/t_d6ZOJuN0o
2026-07-08,2026-07-07T10:35:59Z,RqwweRXyY2Q,"""It is already happening"" — Seneca | Stoicism",567,12,2,https://youtube.com/shorts/RqwweRXyY2Q
2026-07-08,2026-07-06T18:56:05Z,_St3SoNjNhU,"""Just this task"" — Marcus Aurelius | Stoicism",180,3,2,https://youtube.com/shorts/_St3SoNjNhU
2026-07-08,2026-07-06T17:06:31Z,kORGB4qlp_A,"""This day is enough"" — Epictetus | Stoicism",109,3,2,https://youtube.com/shorts/kORGB4qlp_A
2026-07-08,2026-07-06T15:32:53Z,TT--nDWIoYk,"""Stay standing"" — Chrysippus | Stoicism",125,4,2,https://youtube.com/shorts/TT--nDWIoYk
2026-07-08,2026-07-06T11:47:40Z,z0zus6SySlQ,"""Choose the harder honesty"" — Musonius Rufus | Stoicism",243,5,2,https://youtube.com/shorts/z0zus6SySlQ
2026-07-08,2026-07-05T20:45:29Z,ZibclqOCkD8,"""Let yourself care"" — Zeno of Citium | Stoicism",1109,66,4,https://youtube.com/shorts/ZibclqOCkD8
2026-07-08,2026-07-05T16:05:44Z,pyWoqCX8TC4,"""Where fear lives, life waits"" — Seneca | Stoicism",595,32,2,https://youtube.com/shorts/pyWoqCX8TC4
2026-07-08,2026-07-05T12:11:50Z,xShTeIO2wZE,"""Face it"" — Marcus Aurelius | Stoicism",912,16,2,https://youtube.com/shorts/xShTeIO2wZE
2026-07-08,2026-07-05T08:42:38Z,5G8PDKp7398,"""Notice what pulls you"" — Chrysippus | Stoicism",615,14,2,https://youtube.com/shorts/5G8PDKp7398
2026-07-08,2026-07-04T20:37:05Z,mk1zKYrH1T8,"""Let it settle"" — Epictetus | Stoicism",700,30,4,https://youtube.com/shorts/mk1zKYrH1T8
2026-07-08,2026-07-04T15:53:50Z,XRyXUj4uTN4,"""Let it be what it is"" — Musonius Rufus | Stoicism",177,7,2,https://youtube.com/shorts/XRyXUj4uTN4
2026-07-08,2026-07-08T14:02:30Z,YZU5N6HGOm4,"""Stand your ground"" — Seneca | Stoicism",0,0,2,https://youtube.com/shorts/YZU5N6HGOm4
2026-07-08,2026-07-08T09:34:48Z,4kA8Elm9T-k,"""Look at your own hands"" — Marcus Aurelius | Stoicism",59,2,2,https://youtube.com/shorts/4kA8Elm9T-k
2026-07-08,2026-07-07T23:07:15Z,J3Z8Mi4k-Hg,"""It isn't the thing"" — Epictetus | Stoicism",602,11,2,https://youtube.com/shorts/J3Z8Mi4k-Hg
2026-07-08,2026-07-07T19:02:30Z,C_qPyUXrRHQ,"""Meet what comes"" — Musonius Rufus | Stoicism",185,4,2,https://youtube.com/shorts/C_qPyUXrRHQ
2026-07-08,2026-07-07T14:33:20Z,t_d6ZOJuN0o,"""Set it down"" — Zeno of Citium | Stoicism",374,12,2,https://youtube.com/shorts/t_d6ZOJuN0o
2026-07-08,2026-07-07T10:35:59Z,RqwweRXyY2Q,"""It is already happening"" — Seneca | Stoicism",567,12,2,https://youtube.com/shorts/RqwweRXyY2Q
2026-07-08,2026-07-06T18:56:05Z,_St3SoNjNhU,"""Just this task"" — Marcus Aurelius | Stoicism",182,4,2,https://youtube.com/shorts/_St3SoNjNhU
2026-07-08,2026-07-06T17:06:31Z,kORGB4qlp_A,"""This day is enough"" — Epictetus | Stoicism",119,3,2,https://youtube.com/shorts/kORGB4qlp_A
2026-07-08,2026-07-06T15:32:53Z,TT--nDWIoYk,"""Stay standing"" — Chrysippus | Stoicism",132,4,2,https://youtube.com/shorts/TT--nDWIoYk
2026-07-08,2026-07-06T11:47:40Z,z0zus6SySlQ,"""Choose the harder honesty"" — Musonius Rufus | Stoicism",245,5,2,https://youtube.com/shorts/z0zus6SySlQ
2026-07-08,2026-07-05T20:45:29Z,ZibclqOCkD8,"""Let yourself care"" — Zeno of Citium | Stoicism",1109,66,4,https://youtube.com/shorts/ZibclqOCkD8
2026-07-08,2026-07-05T16:05:44Z,pyWoqCX8TC4,"""Where fear lives, life waits"" — Seneca | Stoicism",595,32,2,https://youtube.com/shorts/pyWoqCX8TC4
2026-07-08,2026-07-05T12:11:50Z,xShTeIO2wZE,"""Face it"" — Marcus Aurelius | Stoicism",912,16,2,https://youtube.com/shorts/xShTeIO2wZE
2026-07-08,2026-07-05T08:42:38Z,5G8PDKp7398,"""Notice what pulls you"" — Chrysippus | Stoicism",615,14,2,https://youtube.com/shorts/5G8PDKp7398
2026-07-08,2026-07-04T20:37:05Z,mk1zKYrH1T8,"""Let it settle"" — Epictetus | Stoicism",700,30,4,https://youtube.com/shorts/mk1zKYrH1T8
2026-07-08,2026-07-08T18:20:07Z,4sXyeHDEifE,"""Nothing has happened yet"" — Zeno of Citium | Stoicism",0,0,2,https://youtube.com/shorts/4sXyeHDEifE
2026-07-08,2026-07-08T14:03:01Z,YZU5N6HGOm4,"""Stand your ground"" — Seneca | Stoicism",34,0,2,https://youtube.com/shorts/YZU5N6HGOm4
2026-07-08,2026-07-08T09:34:48Z,4kA8Elm9T-k,"""Look at your own hands"" — Marcus Aurelius | Stoicism",88,2,2,https://youtube.com/shorts/4kA8Elm9T-k
2026-07-08,2026-07-07T23:07:15Z,J3Z8Mi4k-Hg,"""It isn't the thing"" — Epictetus | Stoicism",606,11,2,https://youtube.com/shorts/J3Z8Mi4k-Hg
2026-07-08,2026-07-07T19:02:30Z,C_qPyUXrRHQ,"""Meet what comes"" — Musonius Rufus | Stoicism",240,5,2,https://youtube.com/shorts/C_qPyUXrRHQ
2026-07-08,2026-07-07T14:33:20Z,t_d6ZOJuN0o,"""Set it down"" — Zeno of Citium | Stoicism",461,12,2,https://youtube.com/shorts/t_d6ZOJuN0o
2026-07-08,2026-07-07T10:35:59Z,RqwweRXyY2Q,"""It is already happening"" — Seneca | Stoicism",565,12,2,https://youtube.com/shorts/RqwweRXyY2Q
2026-07-08,2026-07-06T18:56:05Z,_St3SoNjNhU,"""Just this task"" — Marcus Aurelius | Stoicism",189,4,2,https://youtube.com/shorts/_St3SoNjNhU
2026-07-08,2026-07-06T17:06:31Z,kORGB4qlp_A,"""This day is enough"" — Epictetus | Stoicism",121,3,2,https://youtube.com/shorts/kORGB4qlp_A
2026-07-08,2026-07-06T15:32:53Z,TT--nDWIoYk,"""Stay standing"" — Chrysippus | Stoicism",132,4,2,https://youtube.com/shorts/TT--nDWIoYk
2026-07-08,2026-07-06T11:47:40Z,z0zus6SySlQ,"""Choose the harder honesty"" — Musonius Rufus | Stoicism",245,5,2,https://youtube.com/shorts/z0zus6SySlQ
2026-07-08,2026-07-05T20:45:29Z,ZibclqOCkD8,"""Let yourself care"" — Zeno of Citium | Stoicism",1109,66,4,https://youtube.com/shorts/ZibclqOCkD8
2026-07-08,2026-07-05T16:05:44Z,pyWoqCX8TC4,"""Where fear lives, life waits"" — Seneca | Stoicism",595,32,2,https://youtube.com/shorts/pyWoqCX8TC4
2026-07-08,2026-07-05T12:11:50Z,xShTeIO2wZE,"""Face it"" — Marcus Aurelius | Stoicism",915,16,2,https://youtube.com/shorts/xShTeIO2wZE
2026-07-08,2026-07-05T08:42:38Z,5G8PDKp7398,"""Notice what pulls you"" — Chrysippus | Stoicism",615,14,2,https://youtube.com/shorts/5G8PDKp7398
2026-07-08,2026-07-08T18:20:41Z,4sXyeHDEifE,"""Nothing has happened yet"" — Zeno of Citium | Stoicism",31,1,2,https://youtube.com/shorts/4sXyeHDEifE
2026-07-08,2026-07-08T14:03:01Z,YZU5N6HGOm4,"""Stand your ground"" — Seneca | Stoicism",34,0,2,https://youtube.com/shorts/YZU5N6HGOm4
2026-07-08,2026-07-08T09:34:48Z,4kA8Elm9T-k,"""Look at your own hands"" — Marcus Aurelius | Stoicism",139,3,2,https://youtube.com/shorts/4kA8Elm9T-k
2026-07-08,2026-07-07T23:07:15Z,J3Z8Mi4k-Hg,"""It isn't the thing"" — Epictetus | Stoicism",600,11,2,https://youtube.com/shorts/J3Z8Mi4k-Hg
2026-07-08,2026-07-07T19:02:30Z,C_qPyUXrRHQ,"""Meet what comes"" — Musonius Rufus | Stoicism",242,5,2,https://youtube.com/shorts/C_qPyUXrRHQ
2026-07-08,2026-07-07T14:33:20Z,t_d6ZOJuN0o,"""Set it down"" — Zeno of Citium | Stoicism",496,13,2,https://youtube.com/shorts/t_d6ZOJuN0o
2026-07-08,2026-07-07T10:35:59Z,RqwweRXyY2Q,"""It is already happening"" — Seneca | Stoicism",566,12,2,https://youtube.com/shorts/RqwweRXyY2Q
2026-07-08,2026-07-06T18:56:05Z,_St3SoNjNhU,"""Just this task"" — Marcus Aurelius | Stoicism",193,4,2,https://youtube.com/shorts/_St3SoNjNhU
2026-07-08,2026-07-06T17:06:31Z,kORGB4qlp_A,"""This day is enough"" — Epictetus | Stoicism",121,3,2,https://youtube.com/shorts/kORGB4qlp_A
2026-07-08,2026-07-06T15:32:53Z,TT--nDWIoYk,"""Stay standing"" — Chrysippus | Stoicism",132,4,2,https://youtube.com/shorts/TT--nDWIoYk
2026-07-08,2026-07-06T11:47:40Z,z0zus6SySlQ,"""Choose the harder honesty"" — Musonius Rufus | Stoicism",245,5,2,https://youtube.com/shorts/z0zus6SySlQ
2026-07-08,2026-07-05T20:45:29Z,ZibclqOCkD8,"""Let yourself care"" — Zeno of Citium | Stoicism",1109,66,4,https://youtube.com/shorts/ZibclqOCkD8
2026-07-08,2026-07-05T16:05:44Z,pyWoqCX8TC4,"""Where fear lives, life waits"" — Seneca | Stoicism",595,32,2,https://youtube.com/shorts/pyWoqCX8TC4
2026-07-08,2026-07-05T12:11:50Z,xShTeIO2wZE,"""Face it"" — Marcus Aurelius | Stoicism",915,16,2,https://youtube.com/shorts/xShTeIO2wZE
2026-07-08,2026-07-05T08:42:38Z,5G8PDKp7398,"""Notice what pulls you"" — Chrysippus | Stoicism",615,14,2,https://youtube.com/shorts/5G8PDKp7398
2026-07-08,2026-07-08T23:12:22Z,wCJl2VW4WRk,"""The one who stayed"" — Musonius Rufus | Stoicism",0,0,2,https://youtube.com/shorts/wCJl2VW4WRk
2026-07-08,2026-07-08T18:20:41Z,4sXyeHDEifE,"""Nothing has happened yet"" — Zeno of Citium | Stoicism",166,5,2,https://youtube.com/shorts/4sXyeHDEifE
2026-07-08,2026-07-08T14:03:01Z,YZU5N6HGOm4,"""Stand your ground"" — Seneca | Stoicism",64,0,2,https://youtube.com/shorts/YZU5N6HGOm4
2026-07-08,2026-07-08T09:34:48Z,4kA8Elm9T-k,"""Look at your own hands"" — Marcus Aurelius | Stoicism",197,6,2,https://youtube.com/shorts/4kA8Elm9T-k
2026-07-08,2026-07-07T23:07:15Z,J3Z8Mi4k-Hg,"""It isn't the thing"" — Epictetus | Stoicism",604,12,2,https://youtube.com/shorts/J3Z8Mi4k-Hg
2026-07-08,2026-07-07T19:02:30Z,C_qPyUXrRHQ,"""Meet what comes"" — Musonius Rufus | Stoicism",264,5,2,https://youtube.com/shorts/C_qPyUXrRHQ
2026-07-08,2026-07-07T14:33:20Z,t_d6ZOJuN0o,"""Set it down"" — Zeno of Citium | Stoicism",550,14,2,https://youtube.com/shorts/t_d6ZOJuN0o
2026-07-08,2026-07-07T10:35:59Z,RqwweRXyY2Q,"""It is already happening"" — Seneca | Stoicism",567,12,2,https://youtube.com/shorts/RqwweRXyY2Q
2026-07-08,2026-07-06T18:56:05Z,_St3SoNjNhU,"""Just this task"" — Marcus Aurelius | Stoicism",195,4,2,https://youtube.com/shorts/_St3SoNjNhU
2026-07-08,2026-07-06T17:06:31Z,kORGB4qlp_A,"""This day is enough"" — Epictetus | Stoicism",121,3,2,https://youtube.com/shorts/kORGB4qlp_A
2026-07-08,2026-07-06T15:32:53Z,TT--nDWIoYk,"""Stay standing"" — Chrysippus | Stoicism",132,4,2,https://youtube.com/shorts/TT--nDWIoYk
2026-07-08,2026-07-06T11:47:40Z,z0zus6SySlQ,"""Choose the harder honesty"" — Musonius Rufus | Stoicism",245,5,2,https://youtube.com/shorts/z0zus6SySlQ
2026-07-08,2026-07-05T20:45:29Z,ZibclqOCkD8,"""Let yourself care"" — Zeno of Citium | Stoicism",1109,66,4,https://youtube.com/shorts/ZibclqOCkD8
2026-07-08,2026-07-05T16:05:44Z,pyWoqCX8TC4,"""Where fear lives, life waits"" — Seneca | Stoicism",595,32,2,https://youtube.com/shorts/pyWoqCX8TC4
2026-07-08,2026-07-05T12:11:50Z,xShTeIO2wZE,"""Face it"" — Marcus Aurelius | Stoicism",916,16,2,https://youtube.com/shorts/xShTeIO2wZE
2026-07-09,2026-07-09T10:38:40Z,J_ZjG4Hp_nc,"""Choose the handle"" — Epictetus | Stoicism",0,0,2,https://youtube.com/shorts/J_ZjG4Hp_nc
2026-07-09,2026-07-08T23:12:42Z,wCJl2VW4WRk,"""The one who stayed"" — Musonius Rufus | Stoicism",501,17,2,https://youtube.com/shorts/wCJl2VW4WRk
2026-07-09,2026-07-08T18:20:41Z,4sXyeHDEifE,"""Nothing has happened yet"" — Zeno of Citium | Stoicism",662,12,2,https://youtube.com/shorts/4sXyeHDEifE
2026-07-09,2026-07-08T14:03:01Z,YZU5N6HGOm4,"""Stand your ground"" — Seneca | Stoicism",341,13,2,https://youtube.com/shorts/YZU5N6HGOm4
2026-07-09,2026-07-08T09:34:48Z,4kA8Elm9T-k,"""Look at your own hands"" — Marcus Aurelius | Stoicism",308,7,2,https://youtube.com/shorts/4kA8Elm9T-k
2026-07-09,2026-07-07T23:07:15Z,J3Z8Mi4k-Hg,"""It isn't the thing"" — Epictetus | Stoicism",610,12,2,https://youtube.com/shorts/J3Z8Mi4k-Hg
2026-07-09,2026-07-07T19:02:30Z,C_qPyUXrRHQ,"""Meet what comes"" — Musonius Rufus | Stoicism",322,6,2,https://youtube.com/shorts/C_qPyUXrRHQ
2026-07-09,2026-07-07T14:33:20Z,t_d6ZOJuN0o,"""Set it down"" — Zeno of Citium | Stoicism",643,17,2,https://youtube.com/shorts/t_d6ZOJuN0o
2026-07-09,2026-07-07T10:35:59Z,RqwweRXyY2Q,"""It is already happening"" — Seneca | Stoicism",568,12,2,https://youtube.com/shorts/RqwweRXyY2Q
2026-07-09,2026-07-06T18:56:05Z,_St3SoNjNhU,"""Just this task"" — Marcus Aurelius | Stoicism",195,4,2,https://youtube.com/shorts/_St3SoNjNhU
2026-07-09,2026-07-06T17:06:31Z,kORGB4qlp_A,"""This day is enough"" — Epictetus | Stoicism",121,3,2,https://youtube.com/shorts/kORGB4qlp_A
2026-07-09,2026-07-06T15:32:53Z,TT--nDWIoYk,"""Stay standing"" — Chrysippus | Stoicism",132,4,2,https://youtube.com/shorts/TT--nDWIoYk
2026-07-09,2026-07-06T11:47:40Z,z0zus6SySlQ,"""Choose the harder honesty"" — Musonius Rufus | Stoicism",245,5,2,https://youtube.com/shorts/z0zus6SySlQ
2026-07-09,2026-07-05T20:45:29Z,ZibclqOCkD8,"""Let yourself care"" — Zeno of Citium | Stoicism",1116,66,4,https://youtube.com/shorts/ZibclqOCkD8
2026-07-09,2026-07-05T16:05:44Z,pyWoqCX8TC4,"""Where fear lives, life waits"" — Seneca | Stoicism",596,32,2,https://youtube.com/shorts/pyWoqCX8TC4
2026-07-09,2026-07-09T15:00:32Z,6y0_ZCKvEWQ,"""He ruled Rome from a war tent"" — Marcus Aurelius | Stoicism",0,0,2,https://youtube.com/shorts/6y0_ZCKvEWQ
2026-07-09,2026-07-09T10:39:03Z,J_ZjG4Hp_nc,"""Choose the handle"" — Epictetus | Stoicism",48,1,2,https://youtube.com/shorts/J_ZjG4Hp_nc
2026-07-09,2026-07-08T23:12:42Z,wCJl2VW4WRk,"""The one who stayed"" — Musonius Rufus | Stoicism",735,20,2,https://youtube.com/shorts/wCJl2VW4WRk
2026-07-09,2026-07-08T18:20:41Z,4sXyeHDEifE,"""Nothing has happened yet"" — Zeno of Citium | Stoicism",678,12,2,https://youtube.com/shorts/4sXyeHDEifE
2026-07-09,2026-07-08T14:03:01Z,YZU5N6HGOm4,"""Stand your ground"" — Seneca | Stoicism",429,15,2,https://youtube.com/shorts/YZU5N6HGOm4
2026-07-09,2026-07-08T09:34:48Z,4kA8Elm9T-k,"""Look at your own hands"" — Marcus Aurelius | Stoicism",332,7,2,https://youtube.com/shorts/4kA8Elm9T-k
2026-07-09,2026-07-07T23:07:15Z,J3Z8Mi4k-Hg,"""It isn't the thing"" — Epictetus | Stoicism",611,12,2,https://youtube.com/shorts/J3Z8Mi4k-Hg
2026-07-09,2026-07-07T19:02:30Z,C_qPyUXrRHQ,"""Meet what comes"" — Musonius Rufus | Stoicism",330,6,2,https://youtube.com/shorts/C_qPyUXrRHQ
2026-07-09,2026-07-07T14:33:20Z,t_d6ZOJuN0o,"""Set it down"" — Zeno of Citium | Stoicism",668,17,2,https://youtube.com/shorts/t_d6ZOJuN0o
2026-07-09,2026-07-07T10:35:59Z,RqwweRXyY2Q,"""It is already happening"" — Seneca | Stoicism",570,12,2,https://youtube.com/shorts/RqwweRXyY2Q
2026-07-09,2026-07-06T18:56:05Z,_St3SoNjNhU,"""Just this task"" — Marcus Aurelius | Stoicism",195,4,2,https://youtube.com/shorts/_St3SoNjNhU
2026-07-09,2026-07-06T17:06:31Z,kORGB4qlp_A,"""This day is enough"" — Epictetus | Stoicism",121,3,2,https://youtube.com/shorts/kORGB4qlp_A
2026-07-09,2026-07-06T15:32:53Z,TT--nDWIoYk,"""Stay standing"" — Chrysippus | Stoicism",132,4,2,https://youtube.com/shorts/TT--nDWIoYk
2026-07-09,2026-07-06T11:47:40Z,z0zus6SySlQ,"""Choose the harder honesty"" — Musonius Rufus | Stoicism",245,5,2,https://youtube.com/shorts/z0zus6SySlQ
2026-07-09,2026-07-05T20:45:29Z,ZibclqOCkD8,"""Let yourself care"" — Zeno of Citium | Stoicism",1118,66,4,https://youtube.com/shorts/ZibclqOCkD8
2026-07-09,2026-07-09T18:50:58Z,f3IALbfKwxE,"""You already know"" — Seneca | Stoicism",0,0,2,https://youtube.com/shorts/f3IALbfKwxE
2026-07-09,2026-07-09T15:00:56Z,6y0_ZCKvEWQ,"""He ruled Rome from a war tent"" — Marcus Aurelius | Stoicism",232,4,2,https://youtube.com/shorts/6y0_ZCKvEWQ
2026-07-09,2026-07-09T10:39:03Z,J_ZjG4Hp_nc,"""Choose the handle"" — Epictetus | Stoicism",63,1,2,https://youtube.com/shorts/J_ZjG4Hp_nc
2026-07-09,2026-07-08T23:12:42Z,wCJl2VW4WRk,"""The one who stayed"" — Musonius Rufus | Stoicism",740,20,2,https://youtube.com/shorts/wCJl2VW4WRk
2026-07-09,2026-07-08T18:20:41Z,4sXyeHDEifE,"""Nothing has happened yet"" — Zeno of Citium | Stoicism",674,12,2,https://youtube.com/shorts/4sXyeHDEifE
2026-07-09,2026-07-08T14:03:01Z,YZU5N6HGOm4,"""Stand your ground"" — Seneca | Stoicism",455,16,2,https://youtube.com/shorts/YZU5N6HGOm4
2026-07-09,2026-07-08T09:34:48Z,4kA8Elm9T-k,"""Look at your own hands"" — Marcus Aurelius | Stoicism",340,9,2,https://youtube.com/shorts/4kA8Elm9T-k
2026-07-09,2026-07-07T23:07:15Z,J3Z8Mi4k-Hg,"""It isn't the thing"" — Epictetus | Stoicism",612,12,2,https://youtube.com/shorts/J3Z8Mi4k-Hg
2026-07-09,2026-07-07T19:02:30Z,C_qPyUXrRHQ,"""Meet what comes"" — Musonius Rufus | Stoicism",331,6,2,https://youtube.com/shorts/C_qPyUXrRHQ
2026-07-09,2026-07-07T14:33:20Z,t_d6ZOJuN0o,"""Set it down"" — Zeno of Citium | Stoicism",670,17,2,https://youtube.com/shorts/t_d6ZOJuN0o
2026-07-09,2026-07-07T10:35:59Z,RqwweRXyY2Q,"""It is already happening"" — Seneca | Stoicism",570,12,2,https://youtube.com/shorts/RqwweRXyY2Q
2026-07-09,2026-07-06T18:56:05Z,_St3SoNjNhU,"""Just this task"" — Marcus Aurelius | Stoicism",195,4,2,https://youtube.com/shorts/_St3SoNjNhU
2026-07-09,2026-07-06T17:06:31Z,kORGB4qlp_A,"""This day is enough"" — Epictetus | Stoicism",121,3,2,https://youtube.com/shorts/kORGB4qlp_A
2026-07-09,2026-07-06T15:32:53Z,TT--nDWIoYk,"""Stay standing"" — Chrysippus | Stoicism",132,4,2,https://youtube.com/shorts/TT--nDWIoYk
2026-07-09,2026-07-06T11:47:40Z,z0zus6SySlQ,"""Choose the harder honesty"" — Musonius Rufus | Stoicism",245,5,2,https://youtube.com/shorts/z0zus6SySlQ
2026-07-09,2026-07-09T18:51:29Z,f3IALbfKwxE,"""You already know"" — Seneca | Stoicism",32,2,3,https://youtube.com/shorts/f3IALbfKwxE
2026-07-09,2026-07-09T15:00:56Z,6y0_ZCKvEWQ,"""He ruled Rome from a war tent"" — Marcus Aurelius | Stoicism",268,5,2,https://youtube.com/shorts/6y0_ZCKvEWQ
2026-07-09,2026-07-09T10:39:03Z,J_ZjG4Hp_nc,"""Choose the handle"" — Epictetus | Stoicism",74,2,2,https://youtube.com/shorts/J_ZjG4Hp_nc
2026-07-09,2026-07-08T23:12:42Z,wCJl2VW4WRk,"""The one who stayed"" — Musonius Rufus | Stoicism",744,20,2,https://youtube.com/shorts/wCJl2VW4WRk
2026-07-09,2026-07-08T18:20:41Z,4sXyeHDEifE,"""Nothing has happened yet"" — Zeno of Citium | Stoicism",674,12,2,https://youtube.com/shorts/4sXyeHDEifE
2026-07-09,2026-07-08T14:03:01Z,YZU5N6HGOm4,"""Stand your ground"" — Seneca | Stoicism",499,16,2,https://youtube.com/shorts/YZU5N6HGOm4
2026-07-09,2026-07-08T09:34:48Z,4kA8Elm9T-k,"""Look at your own hands"" — Marcus Aurelius | Stoicism",340,9,2,https://youtube.com/shorts/4kA8Elm9T-k
2026-07-09,2026-07-07T23:07:15Z,J3Z8Mi4k-Hg,"""It isn't the thing"" — Epictetus | Stoicism",615,12,2,https://youtube.com/shorts/J3Z8Mi4k-Hg
2026-07-09,2026-07-07T19:02:30Z,C_qPyUXrRHQ,"""Meet what comes"" — Musonius Rufus | Stoicism",335,6,2,https://youtube.com/shorts/C_qPyUXrRHQ
2026-07-09,2026-07-07T14:33:20Z,t_d6ZOJuN0o,"""Set it down"" — Zeno of Citium | Stoicism",670,17,2,https://youtube.com/shorts/t_d6ZOJuN0o
2026-07-09,2026-07-07T10:35:59Z,RqwweRXyY2Q,"""It is already happening"" — Seneca | Stoicism",570,13,2,https://youtube.com/shorts/RqwweRXyY2Q
2026-07-09,2026-07-06T18:56:05Z,_St3SoNjNhU,"""Just this task"" — Marcus Aurelius | Stoicism",195,5,2,https://youtube.com/shorts/_St3SoNjNhU
2026-07-09,2026-07-06T17:06:31Z,kORGB4qlp_A,"""This day is enough"" — Epictetus | Stoicism",121,3,2,https://youtube.com/shorts/kORGB4qlp_A
2026-07-09,2026-07-06T15:32:53Z,TT--nDWIoYk,"""Stay standing"" — Chrysippus | Stoicism",132,4,2,https://youtube.com/shorts/TT--nDWIoYk
2026-07-09,2026-07-06T11:47:40Z,z0zus6SySlQ,"""Choose the harder honesty"" — Musonius Rufus | Stoicism",245,5,2,https://youtube.com/shorts/z0zus6SySlQ
2026-07-09,2026-07-09T23:14:53Z,Cv8FJo0yWVw,"""Say less than you know"" — Zeno of Citium | Stoicism",0,0,2,https://youtube.com/shorts/Cv8FJo0yWVw
2026-07-09,2026-07-09T18:51:29Z,f3IALbfKwxE,"""You already know"" — Seneca | Stoicism",32,2,3,https://youtube.com/shorts/f3IALbfKwxE
2026-07-09,2026-07-09T15:00:56Z,6y0_ZCKvEWQ,"""He ruled Rome from a war tent"" — Marcus Aurelius | Stoicism",471,13,2,https://youtube.com/shorts/6y0_ZCKvEWQ
2026-07-09,2026-07-09T10:39:03Z,J_ZjG4Hp_nc,"""Choose the handle"" — Epictetus | Stoicism",124,2,2,https://youtube.com/shorts/J_ZjG4Hp_nc
2026-07-09,2026-07-08T23:12:42Z,wCJl2VW4WRk,"""The one who stayed"" — Musonius Rufus | Stoicism",747,20,2,https://youtube.com/shorts/wCJl2VW4WRk
2026-07-09,2026-07-08T18:20:41Z,4sXyeHDEifE,"""Nothing has happened yet"" — Zeno of Citium | Stoicism",674,12,2,https://youtube.com/shorts/4sXyeHDEifE
2026-07-09,2026-07-08T14:03:01Z,YZU5N6HGOm4,"""Stand your ground"" — Seneca | Stoicism",529,16,2,https://youtube.com/shorts/YZU5N6HGOm4
2026-07-09,2026-07-08T09:34:48Z,4kA8Elm9T-k,"""Look at your own hands"" — Marcus Aurelius | Stoicism",362,9,2,https://youtube.com/shorts/4kA8Elm9T-k
2026-07-09,2026-07-07T23:07:15Z,J3Z8Mi4k-Hg,"""It isn't the thing"" — Epictetus | Stoicism",617,12,2,https://youtube.com/shorts/J3Z8Mi4k-Hg
2026-07-09,2026-07-07T19:02:30Z,C_qPyUXrRHQ,"""Meet what comes"" — Musonius Rufus | Stoicism",346,5,2,https://youtube.com/shorts/C_qPyUXrRHQ
2026-07-09,2026-07-07T14:33:20Z,t_d6ZOJuN0o,"""Set it down"" — Zeno of Citium | Stoicism",675,17,2,https://youtube.com/shorts/t_d6ZOJuN0o
2026-07-09,2026-07-07T10:35:59Z,RqwweRXyY2Q,"""It is already happening"" — Seneca | Stoicism",575,13,2,https://youtube.com/shorts/RqwweRXyY2Q
2026-07-09,2026-07-06T18:56:05Z,_St3SoNjNhU,"""Just this task"" — Marcus Aurelius | Stoicism",197,5,2,https://youtube.com/shorts/_St3SoNjNhU
2026-07-09,2026-07-06T17:06:31Z,kORGB4qlp_A,"""This day is enough"" — Epictetus | Stoicism",122,3,2,https://youtube.com/shorts/kORGB4qlp_A
2026-07-09,2026-07-06T15:32:53Z,TT--nDWIoYk,"""Stay standing"" — Chrysippus | Stoicism",135,4,2,https://youtube.com/shorts/TT--nDWIoYk
2026-07-10,2026-07-10T10:33:17Z,eEEaWs3-XZg,"""Prepare quietly"" — Musonius Rufus | Stoicism",0,0,2,https://youtube.com/shorts/eEEaWs3-XZg
2026-07-10,2026-07-09T23:15:12Z,Cv8FJo0yWVw,"""Say less than you know"" — Zeno of Citium | Stoicism",134,4,2,https://youtube.com/shorts/Cv8FJo0yWVw
2026-07-10,2026-07-09T18:51:29Z,f3IALbfKwxE,"""You already know"" — Seneca | Stoicism",322,5,5,https://youtube.com/shorts/f3IALbfKwxE
2026-07-10,2026-07-09T15:00:56Z,6y0_ZCKvEWQ,"""He ruled Rome from a war tent"" — Marcus Aurelius | Stoicism",728,13,2,https://youtube.com/shorts/6y0_ZCKvEWQ
2026-07-10,2026-07-09T10:39:03Z,J_ZjG4Hp_nc,"""Choose the handle"" — Epictetus | Stoicism",253,3,2,https://youtube.com/shorts/J_ZjG4Hp_nc
2026-07-10,2026-07-08T23:12:42Z,wCJl2VW4WRk,"""The one who stayed"" — Musonius Rufus | Stoicism",767,20,2,https://youtube.com/shorts/wCJl2VW4WRk
2026-07-10,2026-07-08T18:20:41Z,4sXyeHDEifE,"""Nothing has happened yet"" — Zeno of Citium | Stoicism",679,12,2,https://youtube.com/shorts/4sXyeHDEifE
2026-07-10,2026-07-08T14:03:01Z,YZU5N6HGOm4,"""Stand your ground"" — Seneca | Stoicism",606,18,2,https://youtube.com/shorts/YZU5N6HGOm4
2026-07-10,2026-07-08T09:34:48Z,4kA8Elm9T-k,"""Look at your own hands"" — Marcus Aurelius | Stoicism",404,9,2,https://youtube.com/shorts/4kA8Elm9T-k
2026-07-10,2026-07-07T23:07:15Z,J3Z8Mi4k-Hg,"""It isn't the thing"" — Epictetus | Stoicism",617,13,2,https://youtube.com/shorts/J3Z8Mi4k-Hg
2026-07-10,2026-07-07T19:02:30Z,C_qPyUXrRHQ,"""Meet what comes"" — Musonius Rufus | Stoicism",346,5,2,https://youtube.com/shorts/C_qPyUXrRHQ
2026-07-10,2026-07-07T14:33:20Z,t_d6ZOJuN0o,"""Set it down"" — Zeno of Citium | Stoicism",677,17,2,https://youtube.com/shorts/t_d6ZOJuN0o
2026-07-10,2026-07-07T10:35:59Z,RqwweRXyY2Q,"""It is already happening"" — Seneca | Stoicism",578,13,2,https://youtube.com/shorts/RqwweRXyY2Q
2026-07-10,2026-07-06T18:56:05Z,_St3SoNjNhU,"""Just this task"" — Marcus Aurelius | Stoicism",197,5,2,https://youtube.com/shorts/_St3SoNjNhU
2026-07-10,2026-07-06T17:06:31Z,kORGB4qlp_A,"""This day is enough"" — Epictetus | Stoicism",122,3,2,https://youtube.com/shorts/kORGB4qlp_A
2026-07-10,2026-07-10T14:34:21Z,PBbrjgR-wnw,"""A slave, lamed by his master"" — Epictetus | Stoicism",0,0,2,https://youtube.com/shorts/PBbrjgR-wnw
2026-07-10,2026-07-10T10:33:42Z,eEEaWs3-XZg,"""Prepare quietly"" — Musonius Rufus | Stoicism",3,1,2,https://youtube.com/shorts/eEEaWs3-XZg
2026-07-10,2026-07-09T23:15:12Z,Cv8FJo0yWVw,"""Say less than you know"" — Zeno of Citium | Stoicism",183,3,2,https://youtube.com/shorts/Cv8FJo0yWVw
2026-07-10,2026-07-09T18:51:29Z,f3IALbfKwxE,"""You already know"" — Seneca | Stoicism",376,7,5,https://youtube.com/shorts/f3IALbfKwxE
2026-07-10,2026-07-09T15:00:56Z,6y0_ZCKvEWQ,"""He ruled Rome from a war tent"" — Marcus Aurelius | Stoicism",732,13,2,https://youtube.com/shorts/6y0_ZCKvEWQ
2026-07-10,2026-07-09T10:39:03Z,J_ZjG4Hp_nc,"""Choose the handle"" — Epictetus | Stoicism",313,3,2,https://youtube.com/shorts/J_ZjG4Hp_nc
2026-07-10,2026-07-08T23:12:42Z,wCJl2VW4WRk,"""The one who stayed"" — Musonius Rufus | Stoicism",767,20,2,https://youtube.com/shorts/wCJl2VW4WRk
2026-07-10,2026-07-08T18:20:41Z,4sXyeHDEifE,"""Nothing has happened yet"" — Zeno of Citium | Stoicism",679,12,2,https://youtube.com/shorts/4sXyeHDEifE
2026-07-10,2026-07-08T14:03:01Z,YZU5N6HGOm4,"""Stand your ground"" — Seneca | Stoicism",606,18,2,https://youtube.com/shorts/YZU5N6HGOm4
2026-07-10,2026-07-08T09:34:48Z,4kA8Elm9T-k,"""Look at your own hands"" — Marcus Aurelius | Stoicism",434,9,2,https://youtube.com/shorts/4kA8Elm9T-k
2026-07-10,2026-07-07T23:07:15Z,J3Z8Mi4k-Hg,"""It isn't the thing"" — Epictetus | Stoicism",619,12,2,https://youtube.com/shorts/J3Z8Mi4k-Hg
2026-07-10,2026-07-07T19:02:30Z,C_qPyUXrRHQ,"""Meet what comes"" — Musonius Rufus | Stoicism",346,5,2,https://youtube.com/shorts/C_qPyUXrRHQ
2026-07-10,2026-07-07T14:33:20Z,t_d6ZOJuN0o,"""Set it down"" — Zeno of Citium | Stoicism",677,17,2,https://youtube.com/shorts/t_d6ZOJuN0o
2026-07-10,2026-07-07T10:35:59Z,RqwweRXyY2Q,"""It is already happening"" — Seneca | Stoicism",578,13,2,https://youtube.com/shorts/RqwweRXyY2Q
2026-07-10,2026-07-06T18:56:05Z,_St3SoNjNhU,"""Just this task"" — Marcus Aurelius | Stoicism",197,5,2,https://youtube.com/shorts/_St3SoNjNhU
2026-07-10,2026-07-10T18:23:31Z,qP2V502RJCk,"""Enough already"" — Marcus Aurelius | Stoicism",0,0,2,https://youtube.com/shorts/qP2V502RJCk
2026-07-10,2026-07-10T14:34:48Z,PBbrjgR-wnw,"""A slave, lamed by his master"" — Epictetus | Stoicism",0,0,2,https://youtube.com/shorts/PBbrjgR-wnw
2026-07-10,2026-07-10T10:33:42Z,eEEaWs3-XZg,"""Prepare quietly"" — Musonius Rufus | Stoicism",40,1,2,https://youtube.com/shorts/eEEaWs3-XZg
2026-07-10,2026-07-09T23:15:12Z,Cv8FJo0yWVw,"""Say less than you know"" — Zeno of Citium | Stoicism",210,4,2,https://youtube.com/shorts/Cv8FJo0yWVw
2026-07-10,2026-07-09T18:51:29Z,f3IALbfKwxE,"""You already know"" — Seneca | Stoicism",398,7,5,https://youtube.com/shorts/f3IALbfKwxE
2026-07-10,2026-07-09T15:00:56Z,6y0_ZCKvEWQ,"""He ruled Rome from a war tent"" — Marcus Aurelius | Stoicism",742,13,2,https://youtube.com/shorts/6y0_ZCKvEWQ
2026-07-10,2026-07-09T10:39:03Z,J_ZjG4Hp_nc,"""Choose the handle"" — Epictetus | Stoicism",331,4,2,https://youtube.com/shorts/J_ZjG4Hp_nc
2026-07-10,2026-07-08T23:12:42Z,wCJl2VW4WRk,"""The one who stayed"" — Musonius Rufus | Stoicism",769,20,2,https://youtube.com/shorts/wCJl2VW4WRk
2026-07-10,2026-07-08T18:20:41Z,4sXyeHDEifE,"""Nothing has happened yet"" — Zeno of Citium | Stoicism",679,12,2,https://youtube.com/shorts/4sXyeHDEifE
2026-07-10,2026-07-08T14:03:01Z,YZU5N6HGOm4,"""Stand your ground"" — Seneca | Stoicism",623,18,2,https://youtube.com/shorts/YZU5N6HGOm4
2026-07-10,2026-07-08T09:34:48Z,4kA8Elm9T-k,"""Look at your own hands"" — Marcus Aurelius | Stoicism",434,9,2,https://youtube.com/shorts/4kA8Elm9T-k
2026-07-10,2026-07-07T23:07:15Z,J3Z8Mi4k-Hg,"""It isn't the thing"" — Epictetus | Stoicism",619,12,2,https://youtube.com/shorts/J3Z8Mi4k-Hg
2026-07-10,2026-07-07T19:02:30Z,C_qPyUXrRHQ,"""Meet what comes"" — Musonius Rufus | Stoicism",346,5,2,https://youtube.com/shorts/C_qPyUXrRHQ
2026-07-10,2026-07-07T14:33:20Z,t_d6ZOJuN0o,"""Set it down"" — Zeno of Citium | Stoicism",677,17,2,https://youtube.com/shorts/t_d6ZOJuN0o
2026-07-10,2026-07-07T10:35:59Z,RqwweRXyY2Q,"""It is already happening"" — Seneca | Stoicism",578,13,2,https://youtube.com/shorts/RqwweRXyY2Q
2026-07-10,2026-07-10T18:23:52Z,qP2V502RJCk,"""Enough already"" — Marcus Aurelius | Stoicism",7,1,2,https://youtube.com/shorts/qP2V502RJCk
2026-07-10,2026-07-10T14:34:48Z,PBbrjgR-wnw,"""A slave, lamed by his master"" — Epictetus | Stoicism",6,0,2,https://youtube.com/shorts/PBbrjgR-wnw
2026-07-10,2026-07-10T10:33:42Z,eEEaWs3-XZg,"""Prepare quietly"" — Musonius Rufus | Stoicism",41,1,2,https://youtube.com/shorts/eEEaWs3-XZg
2026-07-10,2026-07-09T23:15:12Z,Cv8FJo0yWVw,"""Say less than you know"" — Zeno of Citium | Stoicism",210,4,2,https://youtube.com/shorts/Cv8FJo0yWVw
2026-07-10,2026-07-09T18:51:29Z,f3IALbfKwxE,"""You already know"" — Seneca | Stoicism",398,7,5,https://youtube.com/shorts/f3IALbfKwxE
2026-07-10,2026-07-09T15:00:56Z,6y0_ZCKvEWQ,"""He ruled Rome from a war tent"" — Marcus Aurelius | Stoicism",743,13,2,https://youtube.com/shorts/6y0_ZCKvEWQ
2026-07-10,2026-07-09T10:39:03Z,J_ZjG4Hp_nc,"""Choose the handle"" — Epictetus | Stoicism",331,4,2,https://youtube.com/shorts/J_ZjG4Hp_nc
2026-07-10,2026-07-08T23:12:42Z,wCJl2VW4WRk,"""The one who stayed"" — Musonius Rufus | Stoicism",769,20,2,https://youtube.com/shorts/wCJl2VW4WRk
2026-07-10,2026-07-08T18:20:41Z,4sXyeHDEifE,"""Nothing has happened yet"" — Zeno of Citium | Stoicism",679,12,2,https://youtube.com/shorts/4sXyeHDEifE
2026-07-10,2026-07-08T14:03:01Z,YZU5N6HGOm4,"""Stand your ground"" — Seneca | Stoicism",623,18,2,https://youtube.com/shorts/YZU5N6HGOm4
2026-07-10,2026-07-08T09:34:48Z,4kA8Elm9T-k,"""Look at your own hands"" — Marcus Aurelius | Stoicism",434,9,2,https://youtube.com/shorts/4kA8Elm9T-k
2026-07-10,2026-07-07T23:07:15Z,J3Z8Mi4k-Hg,"""It isn't the thing"" — Epictetus | Stoicism",619,12,2,https://youtube.com/shorts/J3Z8Mi4k-Hg
2026-07-10,2026-07-07T19:02:30Z,C_qPyUXrRHQ,"""Meet what comes"" — Musonius Rufus | Stoicism",346,5,2,https://youtube.com/shorts/C_qPyUXrRHQ
2026-07-10,2026-07-07T14:33:20Z,t_d6ZOJuN0o,"""Set it down"" — Zeno of Citium | Stoicism",677,17,2,https://youtube.com/shorts/t_d6ZOJuN0o
2026-07-10,2026-07-07T10:35:59Z,RqwweRXyY2Q,"""It is already happening"" — Seneca | Stoicism",578,13,2,https://youtube.com/shorts/RqwweRXyY2Q
2026-07-10,2026-07-10T23:03:48Z,2mBCXmqbXqg,"""The size of the test"" — Seneca | Stoicism",0,0,2,https://youtube.com/shorts/2mBCXmqbXqg
2026-07-10,2026-07-10T18:23:52Z,qP2V502RJCk,"""Enough already"" — Marcus Aurelius | Stoicism",34,2,2,https://youtube.com/shorts/qP2V502RJCk
2026-07-10,2026-07-10T14:34:48Z,PBbrjgR-wnw,"""A slave, lamed by his master"" — Epictetus | Stoicism",6,1,2,https://youtube.com/shorts/PBbrjgR-wnw
2026-07-10,2026-07-10T10:33:42Z,eEEaWs3-XZg,"""Prepare quietly"" — Musonius Rufus | Stoicism",44,1,2,https://youtube.com/shorts/eEEaWs3-XZg
2026-07-10,2026-07-09T23:15:12Z,Cv8FJo0yWVw,"""Say less than you know"" — Zeno of Citium | Stoicism",239,4,2,https://youtube.com/shorts/Cv8FJo0yWVw
2026-07-10,2026-07-09T18:51:29Z,f3IALbfKwxE,"""You already know"" — Seneca | Stoicism",425,7,5,https://youtube.com/shorts/f3IALbfKwxE
2026-07-10,2026-07-09T15:00:56Z,6y0_ZCKvEWQ,"""He ruled Rome from a war tent"" — Marcus Aurelius | Stoicism",745,13,2,https://youtube.com/shorts/6y0_ZCKvEWQ
2026-07-10,2026-07-09T10:39:03Z,J_ZjG4Hp_nc,"""Choose the handle"" — Epictetus | Stoicism",342,4,2,https://youtube.com/shorts/J_ZjG4Hp_nc
2026-07-10,2026-07-08T23:12:42Z,wCJl2VW4WRk,"""The one who stayed"" — Musonius Rufus | Stoicism",770,20,2,https://youtube.com/shorts/wCJl2VW4WRk
2026-07-10,2026-07-08T18:20:41Z,4sXyeHDEifE,"""Nothing has happened yet"" — Zeno of Citium | Stoicism",679,12,2,https://youtube.com/shorts/4sXyeHDEifE
2026-07-10,2026-07-08T14:03:01Z,YZU5N6HGOm4,"""Stand your ground"" — Seneca | Stoicism",625,18,2,https://youtube.com/shorts/YZU5N6HGOm4
2026-07-10,2026-07-08T09:34:48Z,4kA8Elm9T-k,"""Look at your own hands"" — Marcus Aurelius | Stoicism",437,9,2,https://youtube.com/shorts/4kA8Elm9T-k
2026-07-10,2026-07-07T23:07:15Z,J3Z8Mi4k-Hg,"""It isn't the thing"" — Epictetus | Stoicism",623,12,2,https://youtube.com/shorts/J3Z8Mi4k-Hg
2026-07-10,2026-07-07T19:02:30Z,C_qPyUXrRHQ,"""Meet what comes"" — Musonius Rufus | Stoicism",346,5,2,https://youtube.com/shorts/C_qPyUXrRHQ
2026-07-10,2026-07-07T14:33:20Z,t_d6ZOJuN0o,"""Set it down"" — Zeno of Citium | Stoicism",678,17,2,https://youtube.com/shorts/t_d6ZOJuN0o
2026-07-11,2026-07-11T08:55:36Z,mzUZHHFQ8_Y,"""Name the fear"" — Zeno of Citium | Stoicism",0,0,2,https://youtube.com/shorts/mzUZHHFQ8_Y
2026-07-11,2026-07-10T23:04:10Z,2mBCXmqbXqg,"""The size of the test"" — Seneca | Stoicism",196,4,2,https://youtube.com/shorts/2mBCXmqbXqg
2026-07-11,2026-07-10T18:23:52Z,qP2V502RJCk,"""Enough already"" — Marcus Aurelius | Stoicism",72,2,2,https://youtube.com/shorts/qP2V502RJCk
2026-07-11,2026-07-10T14:34:48Z,PBbrjgR-wnw,"""A slave, lamed by his master"" — Epictetus | Stoicism",8,2,2,https://youtube.com/shorts/PBbrjgR-wnw
2026-07-11,2026-07-10T10:33:42Z,eEEaWs3-XZg,"""Prepare quietly"" — Musonius Rufus | Stoicism",78,3,2,https://youtube.com/shorts/eEEaWs3-XZg
2026-07-11,2026-07-09T23:15:12Z,Cv8FJo0yWVw,"""Say less than you know"" — Zeno of Citium | Stoicism",286,7,2,https://youtube.com/shorts/Cv8FJo0yWVw
2026-07-11,2026-07-09T18:51:29Z,f3IALbfKwxE,"""You already know"" — Seneca | Stoicism",527,8,5,https://youtube.com/shorts/f3IALbfKwxE
2026-07-11,2026-07-09T15:00:56Z,6y0_ZCKvEWQ,"""He ruled Rome from a war tent"" — Marcus Aurelius | Stoicism",744,13,2,https://youtube.com/shorts/6y0_ZCKvEWQ
2026-07-11,2026-07-09T10:39:03Z,J_ZjG4Hp_nc,"""Choose the handle"" — Epictetus | Stoicism",358,4,2,https://youtube.com/shorts/J_ZjG4Hp_nc
2026-07-11,2026-07-08T23:12:42Z,wCJl2VW4WRk,"""The one who stayed"" — Musonius Rufus | Stoicism",785,20,2,https://youtube.com/shorts/wCJl2VW4WRk
2026-07-11,2026-07-08T18:20:41Z,4sXyeHDEifE,"""Nothing has happened yet"" — Zeno of Citium | Stoicism",679,12,2,https://youtube.com/shorts/4sXyeHDEifE
2026-07-11,2026-07-08T14:03:01Z,YZU5N6HGOm4,"""Stand your ground"" — Seneca | Stoicism",636,18,2,https://youtube.com/shorts/YZU5N6HGOm4
2026-07-11,2026-07-08T09:34:48Z,4kA8Elm9T-k,"""Look at your own hands"" — Marcus Aurelius | Stoicism",437,9,2,https://youtube.com/shorts/4kA8Elm9T-k
2026-07-11,2026-07-07T23:07:15Z,J3Z8Mi4k-Hg,"""It isn't the thing"" — Epictetus | Stoicism",624,12,2,https://youtube.com/shorts/J3Z8Mi4k-Hg
2026-07-11,2026-07-07T19:02:30Z,C_qPyUXrRHQ,"""Meet what comes"" — Musonius Rufus | Stoicism",346,5,2,https://youtube.com/shorts/C_qPyUXrRHQ
2026-07-11,2026-07-11T13:28:29Z,DwJ38dEWVxk,"""Banished twice to a barren rock"" — Musonius Rufus | Stoicism",0,0,2,https://youtube.com/shorts/DwJ38dEWVxk
2026-07-11,2026-07-11T08:55:58Z,mzUZHHFQ8_Y,"""Name the fear"" — Zeno of Citium | Stoicism",61,5,2,https://youtube.com/shorts/mzUZHHFQ8_Y
2026-07-11,2026-07-10T23:04:10Z,2mBCXmqbXqg,"""The size of the test"" — Seneca | Stoicism",254,4,2,https://youtube.com/shorts/2mBCXmqbXqg
2026-07-11,2026-07-10T18:23:52Z,qP2V502RJCk,"""Enough already"" — Marcus Aurelius | Stoicism",90,2,2,https://youtube.com/shorts/qP2V502RJCk
2026-07-11,2026-07-10T14:34:48Z,PBbrjgR-wnw,"""A slave, lamed by his master"" — Epictetus | Stoicism",8,2,2,https://youtube.com/shorts/PBbrjgR-wnw
2026-07-11,2026-07-10T10:33:42Z,eEEaWs3-XZg,"""Prepare quietly"" — Musonius Rufus | Stoicism",86,4,2,https://youtube.com/shorts/eEEaWs3-XZg
2026-07-11,2026-07-09T23:15:12Z,Cv8FJo0yWVw,"""Say less than you know"" — Zeno of Citium | Stoicism",315,8,2,https://youtube.com/shorts/Cv8FJo0yWVw
2026-07-11,2026-07-09T18:51:29Z,f3IALbfKwxE,"""You already know"" — Seneca | Stoicism",549,8,5,https://youtube.com/shorts/f3IALbfKwxE
2026-07-11,2026-07-09T15:00:56Z,6y0_ZCKvEWQ,"""He ruled Rome from a war tent"" — Marcus Aurelius | Stoicism",744,13,2,https://youtube.com/shorts/6y0_ZCKvEWQ
2026-07-11,2026-07-09T10:39:03Z,J_ZjG4Hp_nc,"""Choose the handle"" — Epictetus | Stoicism",362,4,2,https://youtube.com/shorts/J_ZjG4Hp_nc
2026-07-11,2026-07-08T23:12:42Z,wCJl2VW4WRk,"""The one who stayed"" — Musonius Rufus | Stoicism",786,20,2,https://youtube.com/shorts/wCJl2VW4WRk
2026-07-11,2026-07-08T18:20:41Z,4sXyeHDEifE,"""Nothing has happened yet"" — Zeno of Citium | Stoicism",679,12,2,https://youtube.com/shorts/4sXyeHDEifE
2026-07-11,2026-07-08T14:03:01Z,YZU5N6HGOm4,"""Stand your ground"" — Seneca | Stoicism",636,18,2,https://youtube.com/shorts/YZU5N6HGOm4
2026-07-11,2026-07-08T09:34:48Z,4kA8Elm9T-k,"""Look at your own hands"" — Marcus Aurelius | Stoicism",437,9,2,https://youtube.com/shorts/4kA8Elm9T-k
2026-07-11,2026-07-07T23:07:15Z,J3Z8Mi4k-Hg,"""It isn't the thing"" — Epictetus | Stoicism",624,12,2,https://youtube.com/shorts/J3Z8Mi4k-Hg
2026-07-11,2026-07-11T17:50:56Z,xOkE3-uahz4,"""Do your part"" — Epictetus | Stoicism",0,0,2,https://youtube.com/shorts/xOkE3-uahz4
2026-07-11,2026-07-11T13:29:11Z,DwJ38dEWVxk,"""Banished twice to a barren rock"" — Musonius Rufus | Stoicism",24,2,2,https://youtube.com/shorts/DwJ38dEWVxk
2026-07-11,2026-07-11T08:55:58Z,mzUZHHFQ8_Y,"""Name the fear"" — Zeno of Citium | Stoicism",84,5,2,https://youtube.com/shorts/mzUZHHFQ8_Y
2026-07-11,2026-07-10T23:04:10Z,2mBCXmqbXqg,"""The size of the test"" — Seneca | Stoicism",275,6,2,https://youtube.com/shorts/2mBCXmqbXqg
2026-07-11,2026-07-10T18:23:52Z,qP2V502RJCk,"""Enough already"" — Marcus Aurelius | Stoicism",103,2,2,https://youtube.com/shorts/qP2V502RJCk
2026-07-11,2026-07-10T14:34:48Z,PBbrjgR-wnw,"""A slave, lamed by his master"" — Epictetus | Stoicism",9,2,2,https://youtube.com/shorts/PBbrjgR-wnw
2026-07-11,2026-07-10T10:33:42Z,eEEaWs3-XZg,"""Prepare quietly"" — Musonius Rufus | Stoicism",108,4,2,https://youtube.com/shorts/eEEaWs3-XZg
2026-07-11,2026-07-09T23:15:12Z,Cv8FJo0yWVw,"""Say less than you know"" — Zeno of Citium | Stoicism",332,9,2,https://youtube.com/shorts/Cv8FJo0yWVw
2026-07-11,2026-07-09T18:51:29Z,f3IALbfKwxE,"""You already know"" — Seneca | Stoicism",568,9,5,https://youtube.com/shorts/f3IALbfKwxE
2026-07-11,2026-07-09T15:00:56Z,6y0_ZCKvEWQ,"""He ruled Rome from a war tent"" — Marcus Aurelius | Stoicism",749,13,2,https://youtube.com/shorts/6y0_ZCKvEWQ
2026-07-11,2026-07-09T10:39:03Z,J_ZjG4Hp_nc,"""Choose the handle"" — Epictetus | Stoicism",360,4,2,https://youtube.com/shorts/J_ZjG4Hp_nc
2026-07-11,2026-07-08T23:12:42Z,wCJl2VW4WRk,"""The one who stayed"" — Musonius Rufus | Stoicism",789,20,2,https://youtube.com/shorts/wCJl2VW4WRk
2026-07-11,2026-07-08T18:20:41Z,4sXyeHDEifE,"""Nothing has happened yet"" — Zeno of Citium | Stoicism",679,12,2,https://youtube.com/shorts/4sXyeHDEifE
2026-07-11,2026-07-08T14:03:01Z,YZU5N6HGOm4,"""Stand your ground"" — Seneca | Stoicism",636,18,2,https://youtube.com/shorts/YZU5N6HGOm4
2026-07-11,2026-07-08T09:34:48Z,4kA8Elm9T-k,"""Look at your own hands"" — Marcus Aurelius | Stoicism",437,9,2,https://youtube.com/shorts/4kA8Elm9T-k
2026-07-11,2026-07-11T17:51:24Z,xOkE3-uahz4,"""Do your part"" — Epictetus | Stoicism",2,0,2,https://youtube.com/shorts/xOkE3-uahz4
2026-07-11,2026-07-11T13:29:11Z,DwJ38dEWVxk,"""Banished twice to a barren rock"" — Musonius Rufus | Stoicism",24,2,2,https://youtube.com/shorts/DwJ38dEWVxk
2026-07-11,2026-07-11T08:55:58Z,mzUZHHFQ8_Y,"""Name the fear"" — Zeno of Citium | Stoicism",84,5,2,https://youtube.com/shorts/mzUZHHFQ8_Y
2026-07-11,2026-07-10T23:04:10Z,2mBCXmqbXqg,"""The size of the test"" — Seneca | Stoicism",306,6,2,https://youtube.com/shorts/2mBCXmqbXqg
2026-07-11,2026-07-10T18:23:52Z,qP2V502RJCk,"""Enough already"" — Marcus Aurelius | Stoicism",109,2,2,https://youtube.com/shorts/qP2V502RJCk
2026-07-11,2026-07-10T14:34:48Z,PBbrjgR-wnw,"""A slave, lamed by his master"" — Epictetus | Stoicism",9,2,2,https://youtube.com/shorts/PBbrjgR-wnw
2026-07-11,2026-07-10T10:33:42Z,eEEaWs3-XZg,"""Prepare quietly"" — Musonius Rufus | Stoicism",115,4,2,https://youtube.com/shorts/eEEaWs3-XZg
2026-07-11,2026-07-09T23:15:12Z,Cv8FJo0yWVw,"""Say less than you know"" — Zeno of Citium | Stoicism",344,9,2,https://youtube.com/shorts/Cv8FJo0yWVw
2026-07-11,2026-07-09T18:51:29Z,f3IALbfKwxE,"""You already know"" — Seneca | Stoicism",571,9,5,https://youtube.com/shorts/f3IALbfKwxE
2026-07-11,2026-07-09T15:00:56Z,6y0_ZCKvEWQ,"""He ruled Rome from a war tent"" — Marcus Aurelius | Stoicism",749,13,2,https://youtube.com/shorts/6y0_ZCKvEWQ
2026-07-11,2026-07-09T10:39:03Z,J_ZjG4Hp_nc,"""Choose the handle"" — Epictetus | Stoicism",362,4,2,https://youtube.com/shorts/J_ZjG4Hp_nc
2026-07-11,2026-07-08T23:12:42Z,wCJl2VW4WRk,"""The one who stayed"" — Musonius Rufus | Stoicism",789,20,2,https://youtube.com/shorts/wCJl2VW4WRk
2026-07-11,2026-07-08T18:20:41Z,4sXyeHDEifE,"""Nothing has happened yet"" — Zeno of Citium | Stoicism",679,12,2,https://youtube.com/shorts/4sXyeHDEifE
2026-07-11,2026-07-08T14:03:01Z,YZU5N6HGOm4,"""Stand your ground"" — Seneca | Stoicism",636,18,2,https://youtube.com/shorts/YZU5N6HGOm4
2026-07-11,2026-07-08T09:34:48Z,4kA8Elm9T-k,"""Look at your own hands"" — Marcus Aurelius | Stoicism",437,9,2,https://youtube.com/shorts/4kA8Elm9T-k
2026-07-11,2026-07-11T22:52:12Z,2IC642X4kX0,"""Stop rehearsing. Begin"" — Marcus Aurelius | Stoicism",0,0,2,https://youtube.com/shorts/2IC642X4kX0
2026-07-11,2026-07-11T17:51:24Z,xOkE3-uahz4,"""Do your part"" — Epictetus | Stoicism",50,0,2,https://youtube.com/shorts/xOkE3-uahz4
2026-07-11,2026-07-11T13:29:11Z,DwJ38dEWVxk,"""Banished twice to a barren rock"" — Musonius Rufus | Stoicism",32,3,2,https://youtube.com/shorts/DwJ38dEWVxk
2026-07-11,2026-07-11T08:55:58Z,mzUZHHFQ8_Y,"""Name the fear"" — Zeno of Citium | Stoicism",137,5,2,https://youtube.com/shorts/mzUZHHFQ8_Y
2026-07-11,2026-07-10T23:04:10Z,2mBCXmqbXqg,"""The size of the test"" — Seneca | Stoicism",316,6,2,https://youtube.com/shorts/2mBCXmqbXqg
2026-07-11,2026-07-10T18:23:52Z,qP2V502RJCk,"""Enough already"" — Marcus Aurelius | Stoicism",110,2,2,https://youtube.com/shorts/qP2V502RJCk
2026-07-11,2026-07-10T14:34:48Z,PBbrjgR-wnw,"""A slave, lamed by his master"" — Epictetus | Stoicism",9,2,2,https://youtube.com/shorts/PBbrjgR-wnw
2026-07-11,2026-07-10T10:33:42Z,eEEaWs3-XZg,"""Prepare quietly"" — Musonius Rufus | Stoicism",118,4,2,https://youtube.com/shorts/eEEaWs3-XZg
2026-07-11,2026-07-09T23:15:12Z,Cv8FJo0yWVw,"""Say less than you know"" — Zeno of Citium | Stoicism",351,9,2,https://youtube.com/shorts/Cv8FJo0yWVw
2026-07-11,2026-07-09T18:51:29Z,f3IALbfKwxE,"""You already know"" — Seneca | Stoicism",568,9,5,https://youtube.com/shorts/f3IALbfKwxE
2026-07-11,2026-07-09T15:00:56Z,6y0_ZCKvEWQ,"""He ruled Rome from a war tent"" — Marcus Aurelius | Stoicism",750,13,2,https://youtube.com/shorts/6y0_ZCKvEWQ
2026-07-11,2026-07-09T10:39:03Z,J_ZjG4Hp_nc,"""Choose the handle"" — Epictetus | Stoicism",362,4,2,https://youtube.com/shorts/J_ZjG4Hp_nc
2026-07-11,2026-07-08T23:12:42Z,wCJl2VW4WRk,"""The one who stayed"" — Musonius Rufus | Stoicism",792,20,2,https://youtube.com/shorts/wCJl2VW4WRk
2026-07-11,2026-07-08T18:20:41Z,4sXyeHDEifE,"""Nothing has happened yet"" — Zeno of Citium | Stoicism",679,12,2,https://youtube.com/shorts/4sXyeHDEifE
2026-07-11,2026-07-08T14:03:01Z,YZU5N6HGOm4,"""Stand your ground"" — Seneca | Stoicism",636,18,2,https://youtube.com/shorts/YZU5N6HGOm4
2026-07-12,2026-07-12T09:10:32Z,0siQWWd7Ynw,"""Not tomorrow"" — Seneca | Stoicism",0,0,2,https://youtube.com/shorts/0siQWWd7Ynw
2026-07-12,2026-07-11T22:52:30Z,2IC642X4kX0,"""Stop rehearsing. Begin"" — Marcus Aurelius | Stoicism",225,2,2,https://youtube.com/shorts/2IC642X4kX0
2026-07-12,2026-07-11T17:51:24Z,xOkE3-uahz4,"""Do your part"" — Epictetus | Stoicism",112,2,2,https://youtube.com/shorts/xOkE3-uahz4
2026-07-12,2026-07-11T13:29:11Z,DwJ38dEWVxk,"""Banished twice to a barren rock"" — Musonius Rufus | Stoicism",104,3,2,https://youtube.com/shorts/DwJ38dEWVxk
2026-07-12,2026-07-11T08:55:58Z,mzUZHHFQ8_Y,"""Name the fear"" — Zeno of Citium | Stoicism",182,6,2,https://youtube.com/shorts/mzUZHHFQ8_Y
2026-07-12,2026-07-10T23:04:10Z,2mBCXmqbXqg,"""The size of the test"" — Seneca | Stoicism",345,6,2,https://youtube.com/shorts/2mBCXmqbXqg
2026-07-12,2026-07-10T18:23:52Z,qP2V502RJCk,"""Enough already"" — Marcus Aurelius | Stoicism",138,2,2,https://youtube.com/shorts/qP2V502RJCk
2026-07-12,2026-07-10T14:34:48Z,PBbrjgR-wnw,"""A slave, lamed by his master"" — Epictetus | Stoicism",9,2,2,https://youtube.com/shorts/PBbrjgR-wnw
2026-07-12,2026-07-10T10:33:42Z,eEEaWs3-XZg,"""Prepare quietly"" — Musonius Rufus | Stoicism",124,4,2,https://youtube.com/shorts/eEEaWs3-XZg
2026-07-12,2026-07-09T23:15:12Z,Cv8FJo0yWVw,"""Say less than you know"" — Zeno of Citium | Stoicism",360,9,2,https://youtube.com/shorts/Cv8FJo0yWVw
2026-07-12,2026-07-09T18:51:29Z,f3IALbfKwxE,"""You already know"" — Seneca | Stoicism",575,9,5,https://youtube.com/shorts/f3IALbfKwxE
2026-07-12,2026-07-09T15:00:56Z,6y0_ZCKvEWQ,"""He ruled Rome from a war tent"" — Marcus Aurelius | Stoicism",754,13,2,https://youtube.com/shorts/6y0_ZCKvEWQ
2026-07-12,2026-07-09T10:39:03Z,J_ZjG4Hp_nc,"""Choose the handle"" — Epictetus | Stoicism",364,4,2,https://youtube.com/shorts/J_ZjG4Hp_nc
2026-07-12,2026-07-08T23:12:42Z,wCJl2VW4WRk,"""The one who stayed"" — Musonius Rufus | Stoicism",803,21,2,https://youtube.com/shorts/wCJl2VW4WRk
2026-07-12,2026-07-08T18:20:41Z,4sXyeHDEifE,"""Nothing has happened yet"" — Zeno of Citium | Stoicism",679,12,2,https://youtube.com/shorts/4sXyeHDEifE
2026-07-12,2026-07-12T13:21:18Z,ew5iWfLr8YI,"""He walked away from a fortune"" — Zeno of Citium | Stoicism",0,0,2,https://youtube.com/shorts/ew5iWfLr8YI
2026-07-12,2026-07-12T09:11:01Z,0siQWWd7Ynw,"""Not tomorrow"" — Seneca | Stoicism",64,3,2,https://youtube.com/shorts/0siQWWd7Ynw
2026-07-12,2026-07-11T22:52:30Z,2IC642X4kX0,"""Stop rehearsing. Begin"" — Marcus Aurelius | Stoicism",311,6,3,https://youtube.com/shorts/2IC642X4kX0
2026-07-12,2026-07-11T17:51:24Z,xOkE3-uahz4,"""Do your part"" — Epictetus | Stoicism",165,3,2,https://youtube.com/shorts/xOkE3-uahz4
2026-07-12,2026-07-11T13:29:11Z,DwJ38dEWVxk,"""Banished twice to a barren rock"" — Musonius Rufus | Stoicism",132,5,2,https://youtube.com/shorts/DwJ38dEWVxk
2026-07-12,2026-07-11T08:55:58Z,mzUZHHFQ8_Y,"""Name the fear"" — Zeno of Citium | Stoicism",224,8,3,https://youtube.com/shorts/mzUZHHFQ8_Y
2026-07-12,2026-07-10T23:04:10Z,2mBCXmqbXqg,"""The size of the test"" — Seneca | Stoicism",360,6,2,https://youtube.com/shorts/2mBCXmqbXqg
2026-07-12,2026-07-10T18:23:52Z,qP2V502RJCk,"""Enough already"" — Marcus Aurelius | Stoicism",142,2,2,https://youtube.com/shorts/qP2V502RJCk
2026-07-12,2026-07-10T14:34:48Z,PBbrjgR-wnw,"""A slave, lamed by his master"" — Epictetus | Stoicism",9,2,2,https://youtube.com/shorts/PBbrjgR-wnw
2026-07-12,2026-07-10T10:33:42Z,eEEaWs3-XZg,"""Prepare quietly"" — Musonius Rufus | Stoicism",127,4,2,https://youtube.com/shorts/eEEaWs3-XZg
2026-07-12,2026-07-09T23:15:12Z,Cv8FJo0yWVw,"""Say less than you know"" — Zeno of Citium | Stoicism",360,9,2,https://youtube.com/shorts/Cv8FJo0yWVw
2026-07-12,2026-07-09T18:51:29Z,f3IALbfKwxE,"""You already know"" — Seneca | Stoicism",576,9,5,https://youtube.com/shorts/f3IALbfKwxE
2026-07-12,2026-07-09T15:00:56Z,6y0_ZCKvEWQ,"""He ruled Rome from a war tent"" — Marcus Aurelius | Stoicism",754,13,2,https://youtube.com/shorts/6y0_ZCKvEWQ
2026-07-12,2026-07-09T10:39:03Z,J_ZjG4Hp_nc,"""Choose the handle"" — Epictetus | Stoicism",364,4,2,https://youtube.com/shorts/J_ZjG4Hp_nc
2026-07-12,2026-07-08T23:12:42Z,wCJl2VW4WRk,"""The one who stayed"" — Musonius Rufus | Stoicism",805,21,2,https://youtube.com/shorts/wCJl2VW4WRk
2026-07-12,2026-07-12T13:21:51Z,ew5iWfLr8YI,"""He walked away from a fortune"" — Zeno of Citium | Stoicism",68,1,2,https://youtube.com/shorts/ew5iWfLr8YI
2026-07-12,2026-07-12T09:11:01Z,0siQWWd7Ynw,"""Not tomorrow"" — Seneca | Stoicism",82,4,2,https://youtube.com/shorts/0siQWWd7Ynw
2026-07-12,2026-07-11T22:52:30Z,2IC642X4kX0,"""Stop rehearsing. Begin"" — Marcus Aurelius | Stoicism",357,7,3,https://youtube.com/shorts/2IC642X4kX0
2026-07-12,2026-07-11T17:51:24Z,xOkE3-uahz4,"""Do your part"" — Epictetus | Stoicism",176,3,2,https://youtube.com/shorts/xOkE3-uahz4
2026-07-12,2026-07-11T13:29:11Z,DwJ38dEWVxk,"""Banished twice to a barren rock"" — Musonius Rufus | Stoicism",151,6,2,https://youtube.com/shorts/DwJ38dEWVxk
2026-07-12,2026-07-11T08:55:58Z,mzUZHHFQ8_Y,"""Name the fear"" — Zeno of Citium | Stoicism",261,9,4,https://youtube.com/shorts/mzUZHHFQ8_Y
2026-07-12,2026-07-10T23:04:10Z,2mBCXmqbXqg,"""The size of the test"" — Seneca | Stoicism",377,6,2,https://youtube.com/shorts/2mBCXmqbXqg
2026-07-12,2026-07-10T18:23:52Z,qP2V502RJCk,"""Enough already"" — Marcus Aurelius | Stoicism",145,2,2,https://youtube.com/shorts/qP2V502RJCk
2026-07-12,2026-07-10T14:34:48Z,PBbrjgR-wnw,"""A slave, lamed by his master"" — Epictetus | Stoicism",10,2,2,https://youtube.com/shorts/PBbrjgR-wnw
2026-07-12,2026-07-10T10:33:42Z,eEEaWs3-XZg,"""Prepare quietly"" — Musonius Rufus | Stoicism",127,4,2,https://youtube.com/shorts/eEEaWs3-XZg
2026-07-12,2026-07-09T23:15:12Z,Cv8FJo0yWVw,"""Say less than you know"" — Zeno of Citium | Stoicism",361,9,2,https://youtube.com/shorts/Cv8FJo0yWVw
2026-07-12,2026-07-09T18:51:29Z,f3IALbfKwxE,"""You already know"" — Seneca | Stoicism",577,9,5,https://youtube.com/shorts/f3IALbfKwxE
2026-07-12,2026-07-09T15:00:56Z,6y0_ZCKvEWQ,"""He ruled Rome from a war tent"" — Marcus Aurelius | Stoicism",789,13,2,https://youtube.com/shorts/6y0_ZCKvEWQ
2026-07-12,2026-07-09T10:39:03Z,J_ZjG4Hp_nc,"""Choose the handle"" — Epictetus | Stoicism",365,4,2,https://youtube.com/shorts/J_ZjG4Hp_nc
2026-07-12,2026-07-08T23:12:42Z,wCJl2VW4WRk,"""The one who stayed"" — Musonius Rufus | Stoicism",807,21,2,https://youtube.com/shorts/wCJl2VW4WRk
2026-07-12,2026-07-12T18:08:55Z,HAKUq9F2KwU,"While we wait to live, life passes. Nothing is ours, Lucilius, except  | Seneca",11,0,0,https://youtube.com/shorts/HAKUq9F2KwU
2026-07-12,2026-07-12T13:21:51Z,ew5iWfLr8YI,"""He walked away from a fortune"" — Zeno of Citium | Stoicism",82,1,2,https://youtube.com/shorts/ew5iWfLr8YI
2026-07-12,2026-07-12T09:11:01Z,0siQWWd7Ynw,"""Not tomorrow"" — Seneca | Stoicism",81,4,2,https://youtube.com/shorts/0siQWWd7Ynw
2026-07-12,2026-07-11T22:52:30Z,2IC642X4kX0,"""Stop rehearsing. Begin"" — Marcus Aurelius | Stoicism",414,7,3,https://youtube.com/shorts/2IC642X4kX0
2026-07-12,2026-07-11T17:51:24Z,xOkE3-uahz4,"""Do your part"" — Epictetus | Stoicism",192,3,2,https://youtube.com/shorts/xOkE3-uahz4
2026-07-12,2026-07-11T13:29:11Z,DwJ38dEWVxk,"""Banished twice to a barren rock"" — Musonius Rufus | Stoicism",150,6,2,https://youtube.com/shorts/DwJ38dEWVxk
2026-07-12,2026-07-11T08:55:58Z,mzUZHHFQ8_Y,"""Name the fear"" — Zeno of Citium | Stoicism",246,9,4,https://youtube.com/shorts/mzUZHHFQ8_Y
2026-07-12,2026-07-10T23:04:10Z,2mBCXmqbXqg,"""The size of the test"" — Seneca | Stoicism",377,6,2,https://youtube.com/shorts/2mBCXmqbXqg
2026-07-12,2026-07-10T18:23:52Z,qP2V502RJCk,"""Enough already"" — Marcus Aurelius | Stoicism",145,2,2,https://youtube.com/shorts/qP2V502RJCk
2026-07-12,2026-07-10T14:34:48Z,PBbrjgR-wnw,"""A slave, lamed by his master"" — Epictetus | Stoicism",10,2,2,https://youtube.com/shorts/PBbrjgR-wnw
2026-07-12,2026-07-10T10:33:42Z,eEEaWs3-XZg,"""Prepare quietly"" — Musonius Rufus | Stoicism",127,4,2,https://youtube.com/shorts/eEEaWs3-XZg
2026-07-12,2026-07-09T23:15:12Z,Cv8FJo0yWVw,"""Say less than you know"" — Zeno of Citium | Stoicism",361,9,2,https://youtube.com/shorts/Cv8FJo0yWVw
2026-07-12,2026-07-09T18:51:29Z,f3IALbfKwxE,"""You already know"" — Seneca | Stoicism",578,9,5,https://youtube.com/shorts/f3IALbfKwxE
2026-07-12,2026-07-09T15:00:56Z,6y0_ZCKvEWQ,"""He ruled Rome from a war tent"" — Marcus Aurelius | Stoicism",797,14,2,https://youtube.com/shorts/6y0_ZCKvEWQ
2026-07-12,2026-07-09T10:39:03Z,J_ZjG4Hp_nc,"""Choose the handle"" — Epictetus | Stoicism",365,4,2,https://youtube.com/shorts/J_ZjG4Hp_nc
2026-07-13,2026-07-13T10:35:24Z,lRC70RVPGBo,"""Fortune owes you nothing"" — Musonius Rufus | Stoicism",0,0,2,https://youtube.com/shorts/lRC70RVPGBo
2026-07-13,2026-07-12T22:52:57Z,RszD-3PpTEQ,"""Let it be enough"" — Musonius Rufus | Stoicism",231,3,2,https://youtube.com/shorts/RszD-3PpTEQ
2026-07-13,2026-07-12T18:08:55Z,HAKUq9F2KwU,"While we wait to live, life passes. Nothing is ours, Lucilius, except  | Seneca",198,3,0,https://youtube.com/shorts/HAKUq9F2KwU
2026-07-13,2026-07-12T13:21:51Z,ew5iWfLr8YI,"""He walked away from a fortune"" — Zeno of Citium | Stoicism",191,6,2,https://youtube.com/shorts/ew5iWfLr8YI
2026-07-13,2026-07-12T09:11:01Z,0siQWWd7Ynw,"""Not tomorrow"" — Seneca | Stoicism",174,6,2,https://youtube.com/shorts/0siQWWd7Ynw
2026-07-13,2026-07-11T22:52:30Z,2IC642X4kX0,"""Stop rehearsing. Begin"" — Marcus Aurelius | Stoicism",512,9,3,https://youtube.com/shorts/2IC642X4kX0
2026-07-13,2026-07-11T17:51:24Z,xOkE3-uahz4,"""Do your part"" — Epictetus | Stoicism",219,3,2,https://youtube.com/shorts/xOkE3-uahz4
2026-07-13,2026-07-11T13:29:11Z,DwJ38dEWVxk,"""Banished twice to a barren rock"" — Musonius Rufus | Stoicism",194,6,2,https://youtube.com/shorts/DwJ38dEWVxk
2026-07-13,2026-07-11T08:55:58Z,mzUZHHFQ8_Y,"""Name the fear"" — Zeno of Citium | Stoicism",290,9,4,https://youtube.com/shorts/mzUZHHFQ8_Y
2026-07-13,2026-07-10T23:04:10Z,2mBCXmqbXqg,"""The size of the test"" — Seneca | Stoicism",393,6,2,https://youtube.com/shorts/2mBCXmqbXqg
2026-07-13,2026-07-10T18:23:52Z,qP2V502RJCk,"""Enough already"" — Marcus Aurelius | Stoicism",145,2,2,https://youtube.com/shorts/qP2V502RJCk
2026-07-13,2026-07-10T14:34:48Z,PBbrjgR-wnw,"""A slave, lamed by his master"" — Epictetus | Stoicism",11,2,2,https://youtube.com/shorts/PBbrjgR-wnw
2026-07-13,2026-07-10T10:33:42Z,eEEaWs3-XZg,"""Prepare quietly"" — Musonius Rufus | Stoicism",127,4,2,https://youtube.com/shorts/eEEaWs3-XZg
2026-07-13,2026-07-09T23:15:12Z,Cv8FJo0yWVw,"""Say less than you know"" — Zeno of Citium | Stoicism",365,9,2,https://youtube.com/shorts/Cv8FJo0yWVw
2026-07-13,2026-07-09T18:51:29Z,f3IALbfKwxE,"""You already know"" — Seneca | Stoicism",591,9,5,https://youtube.com/shorts/f3IALbfKwxE
2026-07-13,2026-07-13T14:55:49Z,AHjrJ456WwM,"""Count them"" — Epictetus | Stoicism",0,0,2,https://youtube.com/shorts/AHjrJ456WwM
2026-07-13,2026-07-13T10:35:24Z,lRC70RVPGBo,"""Fortune owes you nothing"" — Musonius Rufus | Stoicism",65,3,2,https://youtube.com/shorts/lRC70RVPGBo
2026-07-13,2026-07-12T22:52:57Z,RszD-3PpTEQ,"""Let it be enough"" — Musonius Rufus | Stoicism",267,4,2,https://youtube.com/shorts/RszD-3PpTEQ
2026-07-13,2026-07-12T18:08:55Z,HAKUq9F2KwU,"While we wait to live, life passes. Nothing is ours, Lucilius, except  | Seneca",239,3,0,https://youtube.com/shorts/HAKUq9F2KwU
2026-07-13,2026-07-12T13:21:51Z,ew5iWfLr8YI,"""He walked away from a fortune"" — Zeno of Citium | Stoicism",257,7,2,https://youtube.com/shorts/ew5iWfLr8YI
2026-07-13,2026-07-12T09:11:01Z,0siQWWd7Ynw,"""Not tomorrow"" — Seneca | Stoicism",189,8,2,https://youtube.com/shorts/0siQWWd7Ynw
2026-07-13,2026-07-11T22:52:30Z,2IC642X4kX0,"""Stop rehearsing. Begin"" — Marcus Aurelius | Stoicism",521,9,3,https://youtube.com/shorts/2IC642X4kX0
2026-07-13,2026-07-11T17:51:24Z,xOkE3-uahz4,"""Do your part"" — Epictetus | Stoicism",222,3,2,https://youtube.com/shorts/xOkE3-uahz4
2026-07-13,2026-07-11T13:29:11Z,DwJ38dEWVxk,"""Banished twice to a barren rock"" — Musonius Rufus | Stoicism",194,6,2,https://youtube.com/shorts/DwJ38dEWVxk
2026-07-13,2026-07-11T08:55:58Z,mzUZHHFQ8_Y,"""Name the fear"" — Zeno of Citium | Stoicism",290,9,4,https://youtube.com/shorts/mzUZHHFQ8_Y
2026-07-13,2026-07-10T23:04:10Z,2mBCXmqbXqg,"""The size of the test"" — Seneca | Stoicism",393,6,2,https://youtube.com/shorts/2mBCXmqbXqg
2026-07-13,2026-07-10T18:23:52Z,qP2V502RJCk,"""Enough already"" — Marcus Aurelius | Stoicism",145,2,2,https://youtube.com/shorts/qP2V502RJCk
2026-07-13,2026-07-10T14:34:48Z,PBbrjgR-wnw,"""A slave, lamed by his master"" — Epictetus | Stoicism",11,2,2,https://youtube.com/shorts/PBbrjgR-wnw
2026-07-13,2026-07-10T10:33:42Z,eEEaWs3-XZg,"""Prepare quietly"" — Musonius Rufus | Stoicism",127,4,2,https://youtube.com/shorts/eEEaWs3-XZg
2026-07-13,2026-07-09T23:15:12Z,Cv8FJo0yWVw,"""Say less than you know"" — Zeno of Citium | Stoicism",365,9,2,https://youtube.com/shorts/Cv8FJo0yWVw
2026-07-13,2026-07-13T14:56:31Z,AHjrJ456WwM,"""Count them"" — Epictetus | Stoicism",13,0,2,https://youtube.com/shorts/AHjrJ456WwM
2026-07-13,2026-07-13T10:35:24Z,lRC70RVPGBo,"""Fortune owes you nothing"" — Musonius Rufus | Stoicism",87,3,2,https://youtube.com/shorts/lRC70RVPGBo
2026-07-13,2026-07-12T22:52:57Z,RszD-3PpTEQ,"""Let it be enough"" — Musonius Rufus | Stoicism",295,4,2,https://youtube.com/shorts/RszD-3PpTEQ
2026-07-13,2026-07-12T18:08:55Z,HAKUq9F2KwU,"While we wait to live, life passes. Nothing is ours, Lucilius, except  | Seneca",302,3,0,https://youtube.com/shorts/HAKUq9F2KwU
2026-07-13,2026-07-12T13:21:51Z,ew5iWfLr8YI,"""He walked away from a fortune"" — Zeno of Citium | Stoicism",303,7,2,https://youtube.com/shorts/ew5iWfLr8YI
2026-07-13,2026-07-12T09:11:01Z,0siQWWd7Ynw,"""Not tomorrow"" — Seneca | Stoicism",207,9,2,https://youtube.com/shorts/0siQWWd7Ynw
2026-07-13,2026-07-11T22:52:30Z,2IC642X4kX0,"""Stop rehearsing. Begin"" — Marcus Aurelius | Stoicism",523,9,3,https://youtube.com/shorts/2IC642X4kX0
2026-07-13,2026-07-11T17:51:24Z,xOkE3-uahz4,"""Do your part"" — Epictetus | Stoicism",217,3,2,https://youtube.com/shorts/xOkE3-uahz4
2026-07-13,2026-07-11T13:29:11Z,DwJ38dEWVxk,"""Banished twice to a barren rock"" — Musonius Rufus | Stoicism",196,6,2,https://youtube.com/shorts/DwJ38dEWVxk
2026-07-13,2026-07-11T08:55:58Z,mzUZHHFQ8_Y,"""Name the fear"" — Zeno of Citium | Stoicism",290,9,4,https://youtube.com/shorts/mzUZHHFQ8_Y
2026-07-13,2026-07-10T23:04:10Z,2mBCXmqbXqg,"""The size of the test"" — Seneca | Stoicism",393,6,2,https://youtube.com/shorts/2mBCXmqbXqg
2026-07-13,2026-07-10T18:23:52Z,qP2V502RJCk,"""Enough already"" — Marcus Aurelius | Stoicism",145,2,2,https://youtube.com/shorts/qP2V502RJCk
2026-07-13,2026-07-10T14:34:48Z,PBbrjgR-wnw,"""A slave, lamed by his master"" — Epictetus | Stoicism",11,2,2,https://youtube.com/shorts/PBbrjgR-wnw
2026-07-13,2026-07-10T10:33:42Z,eEEaWs3-XZg,"""Prepare quietly"" — Musonius Rufus | Stoicism",127,4,2,https://youtube.com/shorts/eEEaWs3-XZg
2026-07-13,2026-07-09T23:15:12Z,Cv8FJo0yWVw,"""Say less than you know"" — Zeno of Citium | Stoicism",365,9,2,https://youtube.com/shorts/Cv8FJo0yWVw
2026-07-13,2026-07-13T18:51:00Z,bAw2UjROqqE,"""He ruled Rome from a war tent"" — Marcus Aurelius | Stoicism",16,0,2,https://youtube.com/shorts/bAw2UjROqqE
2026-07-13,2026-07-13T18:37:57Z,RLrmFHIcpik,"""He ruled Rome and wanted less"" — Marcus Aurelius | Stoicism",10,1,2,https://youtube.com/shorts/RLrmFHIcpik
2026-07-13,2026-07-13T14:56:31Z,AHjrJ456WwM,"""Count them"" — Epictetus | Stoicism",96,0,2,https://youtube.com/shorts/AHjrJ456WwM
2026-07-13,2026-07-13T10:35:24Z,lRC70RVPGBo,"""Fortune owes you nothing"" — Musonius Rufus | Stoicism",92,4,2,https://youtube.com/shorts/lRC70RVPGBo
2026-07-13,2026-07-12T22:52:57Z,RszD-3PpTEQ,"""Let it be enough"" — Musonius Rufus | Stoicism",305,4,2,https://youtube.com/shorts/RszD-3PpTEQ
2026-07-13,2026-07-12T18:08:55Z,HAKUq9F2KwU,"While we wait to live, life passes. Nothing is ours, Lucilius, except  | Seneca",322,3,0,https://youtube.com/shorts/HAKUq9F2KwU
2026-07-13,2026-07-12T13:21:51Z,ew5iWfLr8YI,"""He walked away from a fortune"" — Zeno of Citium | Stoicism",307,7,2,https://youtube.com/shorts/ew5iWfLr8YI
2026-07-13,2026-07-12T09:11:01Z,0siQWWd7Ynw,"""Not tomorrow"" — Seneca | Stoicism",207,9,2,https://youtube.com/shorts/0siQWWd7Ynw
2026-07-13,2026-07-11T22:52:30Z,2IC642X4kX0,"""Stop rehearsing. Begin"" — Marcus Aurelius | Stoicism",530,9,3,https://youtube.com/shorts/2IC642X4kX0
2026-07-13,2026-07-11T17:51:24Z,xOkE3-uahz4,"""Do your part"" — Epictetus | Stoicism",217,3,2,https://youtube.com/shorts/xOkE3-uahz4
2026-07-13,2026-07-11T13:29:11Z,DwJ38dEWVxk,"""Banished twice to a barren rock"" — Musonius Rufus | Stoicism",196,6,2,https://youtube.com/shorts/DwJ38dEWVxk
2026-07-13,2026-07-11T08:55:58Z,mzUZHHFQ8_Y,"""Name the fear"" — Zeno of Citium | Stoicism",290,9,4,https://youtube.com/shorts/mzUZHHFQ8_Y
2026-07-13,2026-07-10T23:04:10Z,2mBCXmqbXqg,"""The size of the test"" — Seneca | Stoicism",393,6,2,https://youtube.com/shorts/2mBCXmqbXqg
2026-07-13,2026-07-10T18:23:52Z,qP2V502RJCk,"""Enough already"" — Marcus Aurelius | Stoicism",145,2,2,https://youtube.com/shorts/qP2V502RJCk
2026-07-13,2026-07-10T14:34:48Z,PBbrjgR-wnw,"""A slave, lamed by his master"" — Epictetus | Stoicism",11,2,2,https://youtube.com/shorts/PBbrjgR-wnw
2026-07-13,2026-07-13T23:02:24Z,VqIpZoIBJMY,"""Stay unmoved"" — Zeno of Citium | Stoicism",0,0,2,https://youtube.com/shorts/VqIpZoIBJMY
2026-07-13,2026-07-13T18:51:00Z,bAw2UjROqqE,"""He ruled Rome from a war tent"" — Marcus Aurelius | Stoicism",36,1,2,https://youtube.com/shorts/bAw2UjROqqE
2026-07-13,2026-07-13T18:37:57Z,RLrmFHIcpik,"""He ruled Rome and wanted less"" — Marcus Aurelius | Stoicism",44,4,2,https://youtube.com/shorts/RLrmFHIcpik
2026-07-13,2026-07-13T14:56:31Z,AHjrJ456WwM,"""Count them"" — Epictetus | Stoicism",116,1,2,https://youtube.com/shorts/AHjrJ456WwM
2026-07-13,2026-07-13T10:35:24Z,lRC70RVPGBo,"""Fortune owes you nothing"" — Musonius Rufus | Stoicism",115,6,2,https://youtube.com/shorts/lRC70RVPGBo
2026-07-13,2026-07-12T22:52:57Z,RszD-3PpTEQ,"""Let it be enough"" — Musonius Rufus | Stoicism",324,4,2,https://youtube.com/shorts/RszD-3PpTEQ
2026-07-13,2026-07-12T18:08:55Z,HAKUq9F2KwU,"While we wait to live, life passes. Nothing is ours, Lucilius, except  | Seneca",342,4,0,https://youtube.com/shorts/HAKUq9F2KwU
2026-07-13,2026-07-12T13:21:51Z,ew5iWfLr8YI,"""He walked away from a fortune"" — Zeno of Citium | Stoicism",339,8,2,https://youtube.com/shorts/ew5iWfLr8YI
2026-07-13,2026-07-12T09:11:01Z,0siQWWd7Ynw,"""Not tomorrow"" — Seneca | Stoicism",224,10,2,https://youtube.com/shorts/0siQWWd7Ynw
2026-07-13,2026-07-11T22:52:30Z,2IC642X4kX0,"""Stop rehearsing. Begin"" — Marcus Aurelius | Stoicism",546,9,3,https://youtube.com/shorts/2IC642X4kX0
2026-07-13,2026-07-11T17:51:24Z,xOkE3-uahz4,"""Do your part"" — Epictetus | Stoicism",221,3,2,https://youtube.com/shorts/xOkE3-uahz4
2026-07-13,2026-07-11T13:29:11Z,DwJ38dEWVxk,"""Banished twice to a barren rock"" — Musonius Rufus | Stoicism",196,6,2,https://youtube.com/shorts/DwJ38dEWVxk
2026-07-13,2026-07-11T08:55:58Z,mzUZHHFQ8_Y,"""Name the fear"" — Zeno of Citium | Stoicism",290,9,4,https://youtube.com/shorts/mzUZHHFQ8_Y
2026-07-13,2026-07-10T23:04:10Z,2mBCXmqbXqg,"""The size of the test"" — Seneca | Stoicism",393,6,2,https://youtube.com/shorts/2mBCXmqbXqg
2026-07-13,2026-07-10T18:23:52Z,qP2V502RJCk,"""Enough already"" — Marcus Aurelius | Stoicism",144,2,2,https://youtube.com/shorts/qP2V502RJCk
2026-07-14,2026-07-14T09:14:51Z,eWgxH4SzSaU,"""The threat that never came"" — Seneca | Stoicism",0,0,2,https://youtube.com/shorts/eWgxH4SzSaU
2026-07-14,2026-07-13T23:02:49Z,VqIpZoIBJMY,"""Stay unmoved"" — Zeno of Citium | Stoicism",189,3,2,https://youtube.com/shorts/VqIpZoIBJMY
2026-07-14,2026-07-13T18:51:00Z,bAw2UjROqqE,"""He ruled Rome from a war tent"" — Marcus Aurelius | Stoicism",62,1,2,https://youtube.com/shorts/bAw2UjROqqE
2026-07-14,2026-07-13T18:37:57Z,RLrmFHIcpik,"""He ruled Rome and wanted less"" — Marcus Aurelius | Stoicism",117,5,2,https://youtube.com/shorts/RLrmFHIcpik
2026-07-14,2026-07-13T14:56:31Z,AHjrJ456WwM,"""Count them"" — Epictetus | Stoicism",210,2,2,https://youtube.com/shorts/AHjrJ456WwM
2026-07-14,2026-07-13T10:35:24Z,lRC70RVPGBo,"""Fortune owes you nothing"" — Musonius Rufus | Stoicism",140,7,2,https://youtube.com/shorts/lRC70RVPGBo
2026-07-14,2026-07-12T22:52:57Z,RszD-3PpTEQ,"""Let it be enough"" — Musonius Rufus | Stoicism",413,5,2,https://youtube.com/shorts/RszD-3PpTEQ
2026-07-14,2026-07-12T18:08:55Z,HAKUq9F2KwU,"While we wait to live, life passes. Nothing is ours, Lucilius, except  | Seneca",408,6,0,https://youtube.com/shorts/HAKUq9F2KwU
2026-07-14,2026-07-12T13:21:51Z,ew5iWfLr8YI,"""He walked away from a fortune"" — Zeno of Citium | Stoicism",353,8,2,https://youtube.com/shorts/ew5iWfLr8YI
2026-07-14,2026-07-12T09:11:01Z,0siQWWd7Ynw,"""Not tomorrow"" — Seneca | Stoicism",253,10,2,https://youtube.com/shorts/0siQWWd7Ynw
2026-07-14,2026-07-11T22:52:30Z,2IC642X4kX0,"""Stop rehearsing. Begin"" — Marcus Aurelius | Stoicism",557,9,3,https://youtube.com/shorts/2IC642X4kX0
2026-07-14,2026-07-11T17:51:24Z,xOkE3-uahz4,"""Do your part"" — Epictetus | Stoicism",221,3,2,https://youtube.com/shorts/xOkE3-uahz4
2026-07-14,2026-07-11T13:29:11Z,DwJ38dEWVxk,"""Banished twice to a barren rock"" — Musonius Rufus | Stoicism",196,6,2,https://youtube.com/shorts/DwJ38dEWVxk
2026-07-14,2026-07-11T08:55:58Z,mzUZHHFQ8_Y,"""Name the fear"" — Zeno of Citium | Stoicism",290,9,4,https://youtube.com/shorts/mzUZHHFQ8_Y
2026-07-14,2026-07-10T23:04:10Z,2mBCXmqbXqg,"""The size of the test"" — Seneca | Stoicism",392,6,2,https://youtube.com/shorts/2mBCXmqbXqg
2026-07-14,2026-07-14T13:35:51Z,nv_n83Id4Jo,"""Give first"" — Musonius Rufus | Stoicism",0,0,2,https://youtube.com/shorts/nv_n83Id4Jo
2026-07-14,2026-07-14T09:15:18Z,eWgxH4SzSaU,"""The threat that never came"" — Seneca | Stoicism",16,1,2,https://youtube.com/shorts/eWgxH4SzSaU
2026-07-14,2026-07-13T23:02:49Z,VqIpZoIBJMY,"""Stay unmoved"" — Zeno of Citium | Stoicism",210,3,2,https://youtube.com/shorts/VqIpZoIBJMY
2026-07-14,2026-07-13T18:51:00Z,bAw2UjROqqE,"""He ruled Rome from a war tent"" — Marcus Aurelius | Stoicism",65,1,2,https://youtube.com/shorts/bAw2UjROqqE
2026-07-14,2026-07-13T18:37:57Z,RLrmFHIcpik,"""He ruled Rome and wanted less"" — Marcus Aurelius | Stoicism",137,5,2,https://youtube.com/shorts/RLrmFHIcpik
2026-07-14,2026-07-13T14:56:31Z,AHjrJ456WwM,"""Count them"" — Epictetus | Stoicism",359,3,2,https://youtube.com/shorts/AHjrJ456WwM
2026-07-14,2026-07-13T10:35:24Z,lRC70RVPGBo,"""Fortune owes you nothing"" — Musonius Rufus | Stoicism",165,7,2,https://youtube.com/shorts/lRC70RVPGBo
2026-07-14,2026-07-12T22:52:57Z,RszD-3PpTEQ,"""Let it be enough"" — Musonius Rufus | Stoicism",422,5,2,https://youtube.com/shorts/RszD-3PpTEQ
2026-07-14,2026-07-12T18:08:55Z,HAKUq9F2KwU,"While we wait to live, life passes. Nothing is ours, Lucilius, except  | Seneca",410,6,0,https://youtube.com/shorts/HAKUq9F2KwU
2026-07-14,2026-07-12T13:21:51Z,ew5iWfLr8YI,"""He walked away from a fortune"" — Zeno of Citium | Stoicism",353,8,2,https://youtube.com/shorts/ew5iWfLr8YI
2026-07-14,2026-07-12T09:11:01Z,0siQWWd7Ynw,"""Not tomorrow"" — Seneca | Stoicism",253,10,2,https://youtube.com/shorts/0siQWWd7Ynw
2026-07-14,2026-07-11T22:52:30Z,2IC642X4kX0,"""Stop rehearsing. Begin"" — Marcus Aurelius | Stoicism",557,9,3,https://youtube.com/shorts/2IC642X4kX0
2026-07-14,2026-07-11T17:51:24Z,xOkE3-uahz4,"""Do your part"" — Epictetus | Stoicism",221,3,2,https://youtube.com/shorts/xOkE3-uahz4
2026-07-14,2026-07-11T13:29:11Z,DwJ38dEWVxk,"""Banished twice to a barren rock"" — Musonius Rufus | Stoicism",196,6,2,https://youtube.com/shorts/DwJ38dEWVxk
2026-07-14,2026-07-11T08:55:58Z,mzUZHHFQ8_Y,"""Name the fear"" — Zeno of Citium | Stoicism",290,9,4,https://youtube.com/shorts/mzUZHHFQ8_Y
2026-07-14,2026-07-14T18:10:12Z,yG9eXSRluro,"""Born a slave. He shaped emperors"" — Epictetus | Stoicism",0,0,2,https://youtube.com/shorts/yG9eXSRluro
2026-07-14,2026-07-14T13:36:45Z,nv_n83Id4Jo,"""Give first"" — Musonius Rufus | Stoicism",27,3,2,https://youtube.com/shorts/nv_n83Id4Jo
2026-07-14,2026-07-14T09:15:18Z,eWgxH4SzSaU,"""The threat that never came"" — Seneca | Stoicism",42,3,2,https://youtube.com/shorts/eWgxH4SzSaU
2026-07-14,2026-07-13T23:02:49Z,VqIpZoIBJMY,"""Stay unmoved"" — Zeno of Citium | Stoicism",230,5,2,https://youtube.com/shorts/VqIpZoIBJMY
2026-07-14,2026-07-13T18:51:00Z,bAw2UjROqqE,"""He ruled Rome from a war tent"" — Marcus Aurelius | Stoicism",67,1,2,https://youtube.com/shorts/bAw2UjROqqE
2026-07-14,2026-07-13T18:37:57Z,RLrmFHIcpik,"""He ruled Rome and wanted less"" — Marcus Aurelius | Stoicism",166,6,2,https://youtube.com/shorts/RLrmFHIcpik
2026-07-14,2026-07-13T14:56:31Z,AHjrJ456WwM,"""Count them"" — Epictetus | Stoicism",461,3,2,https://youtube.com/shorts/AHjrJ456WwM
2026-07-14,2026-07-13T10:35:24Z,lRC70RVPGBo,"""Fortune owes you nothing"" — Musonius Rufus | Stoicism",179,9,2,https://youtube.com/shorts/lRC70RVPGBo
2026-07-14,2026-07-12T22:52:57Z,RszD-3PpTEQ,"""Let it be enough"" — Musonius Rufus | Stoicism",428,5,2,https://youtube.com/shorts/RszD-3PpTEQ
2026-07-14,2026-07-12T18:08:55Z,HAKUq9F2KwU,"While we wait to live, life passes. Nothing is ours, Lucilius, except  | Seneca",416,6,0,https://youtube.com/shorts/HAKUq9F2KwU
2026-07-14,2026-07-12T13:21:51Z,ew5iWfLr8YI,"""He walked away from a fortune"" — Zeno of Citium | Stoicism",355,8,2,https://youtube.com/shorts/ew5iWfLr8YI
2026-07-14,2026-07-12T09:11:01Z,0siQWWd7Ynw,"""Not tomorrow"" — Seneca | Stoicism",253,10,2,https://youtube.com/shorts/0siQWWd7Ynw
2026-07-14,2026-07-11T22:52:30Z,2IC642X4kX0,"""Stop rehearsing. Begin"" — Marcus Aurelius | Stoicism",558,9,3,https://youtube.com/shorts/2IC642X4kX0
2026-07-14,2026-07-11T17:51:24Z,xOkE3-uahz4,"""Do your part"" — Epictetus | Stoicism",221,3,2,https://youtube.com/shorts/xOkE3-uahz4
2026-07-14,2026-07-11T13:29:11Z,DwJ38dEWVxk,"""Banished twice to a barren rock"" — Musonius Rufus | Stoicism",196,6,2,https://youtube.com/shorts/DwJ38dEWVxk
2026-07-14,2026-07-14T18:10:35Z,yG9eXSRluro,"""Born a slave. He shaped emperors"" — Epictetus | Stoicism",5,0,2,https://youtube.com/shorts/yG9eXSRluro
2026-07-14,2026-07-14T13:36:45Z,nv_n83Id4Jo,"""Give first"" — Musonius Rufus | Stoicism",35,3,3,https://youtube.com/shorts/nv_n83Id4Jo
2026-07-14,2026-07-14T09:15:18Z,eWgxH4SzSaU,"""The threat that never came"" — Seneca | Stoicism",42,3,2,https://youtube.com/shorts/eWgxH4SzSaU
2026-07-14,2026-07-13T23:02:49Z,VqIpZoIBJMY,"""Stay unmoved"" — Zeno of Citium | Stoicism",239,6,3,https://youtube.com/shorts/VqIpZoIBJMY
2026-07-14,2026-07-13T18:51:00Z,bAw2UjROqqE,"""He ruled Rome from a war tent"" — Marcus Aurelius | Stoicism",67,1,2,https://youtube.com/shorts/bAw2UjROqqE
2026-07-14,2026-07-13T18:37:57Z,RLrmFHIcpik,"""He ruled Rome and wanted less"" — Marcus Aurelius | Stoicism",178,7,2,https://youtube.com/shorts/RLrmFHIcpik
2026-07-14,2026-07-13T14:56:31Z,AHjrJ456WwM,"""Count them"" — Epictetus | Stoicism",519,3,2,https://youtube.com/shorts/AHjrJ456WwM
2026-07-14,2026-07-13T10:35:24Z,lRC70RVPGBo,"""Fortune owes you nothing"" — Musonius Rufus | Stoicism",183,11,2,https://youtube.com/shorts/lRC70RVPGBo
2026-07-14,2026-07-12T22:52:57Z,RszD-3PpTEQ,"""Let it be enough"" — Musonius Rufus | Stoicism",432,5,2,https://youtube.com/shorts/RszD-3PpTEQ
2026-07-14,2026-07-12T18:08:55Z,HAKUq9F2KwU,"While we wait to live, life passes. Nothing is ours, Lucilius, except  | Seneca",427,6,0,https://youtube.com/shorts/HAKUq9F2KwU
2026-07-14,2026-07-12T13:21:51Z,ew5iWfLr8YI,"""He walked away from a fortune"" — Zeno of Citium | Stoicism",355,8,2,https://youtube.com/shorts/ew5iWfLr8YI
2026-07-14,2026-07-12T09:11:01Z,0siQWWd7Ynw,"""Not tomorrow"" — Seneca | Stoicism",253,10,2,https://youtube.com/shorts/0siQWWd7Ynw
2026-07-14,2026-07-11T22:52:30Z,2IC642X4kX0,"""Stop rehearsing. Begin"" — Marcus Aurelius | Stoicism",558,9,3,https://youtube.com/shorts/2IC642X4kX0
2026-07-14,2026-07-11T17:51:24Z,xOkE3-uahz4,"""Do your part"" — Epictetus | Stoicism",221,3,2,https://youtube.com/shorts/xOkE3-uahz4
2026-07-14,2026-07-11T13:29:11Z,DwJ38dEWVxk,"""Banished twice to a barren rock"" — Musonius Rufus | Stoicism",196,6,2,https://youtube.com/shorts/DwJ38dEWVxk
2026-07-14,2026-07-14T23:02:13Z,L4fASbEONtg,"""Do the work now"" — Marcus Aurelius | Stoicism",0,0,2,https://youtube.com/shorts/L4fASbEONtg
2026-07-14,2026-07-14T18:10:35Z,yG9eXSRluro,"""Born a slave. He shaped emperors"" — Epictetus | Stoicism",26,2,2,https://youtube.com/shorts/yG9eXSRluro
2026-07-14,2026-07-14T13:36:45Z,nv_n83Id4Jo,"""Give first"" — Musonius Rufus | Stoicism",38,4,3,https://youtube.com/shorts/nv_n83Id4Jo
2026-07-14,2026-07-14T09:15:18Z,eWgxH4SzSaU,"""The threat that never came"" — Seneca | Stoicism",175,4,2,https://youtube.com/shorts/eWgxH4SzSaU
2026-07-14,2026-07-13T23:02:49Z,VqIpZoIBJMY,"""Stay unmoved"" — Zeno of Citium | Stoicism",239,6,3,https://youtube.com/shorts/VqIpZoIBJMY
2026-07-14,2026-07-13T18:51:00Z,bAw2UjROqqE,"""He ruled Rome from a war tent"" — Marcus Aurelius | Stoicism",70,2,2,https://youtube.com/shorts/bAw2UjROqqE
2026-07-14,2026-07-13T18:37:57Z,RLrmFHIcpik,"""He ruled Rome and wanted less"" — Marcus Aurelius | Stoicism",179,7,2,https://youtube.com/shorts/RLrmFHIcpik
2026-07-14,2026-07-13T14:56:31Z,AHjrJ456WwM,"""Count them"" — Epictetus | Stoicism",558,3,2,https://youtube.com/shorts/AHjrJ456WwM
2026-07-14,2026-07-13T10:35:24Z,lRC70RVPGBo,"""Fortune owes you nothing"" — Musonius Rufus | Stoicism",184,11,2,https://youtube.com/shorts/lRC70RVPGBo
2026-07-14,2026-07-12T22:52:57Z,RszD-3PpTEQ,"""Let it be enough"" — Musonius Rufus | Stoicism",432,5,2,https://youtube.com/shorts/RszD-3PpTEQ
2026-07-14,2026-07-12T18:08:55Z,HAKUq9F2KwU,"While we wait to live, life passes. Nothing is ours, Lucilius, except  | Seneca",427,6,0,https://youtube.com/shorts/HAKUq9F2KwU
2026-07-14,2026-07-12T13:21:51Z,ew5iWfLr8YI,"""He walked away from a fortune"" — Zeno of Citium | Stoicism",355,8,2,https://youtube.com/shorts/ew5iWfLr8YI
2026-07-14,2026-07-12T09:11:01Z,0siQWWd7Ynw,"""Not tomorrow"" — Seneca | Stoicism",253,10,2,https://youtube.com/shorts/0siQWWd7Ynw
2026-07-14,2026-07-11T22:52:30Z,2IC642X4kX0,"""Stop rehearsing. Begin"" — Marcus Aurelius | Stoicism",558,9,3,https://youtube.com/shorts/2IC642X4kX0
2026-07-14,2026-07-11T17:51:24Z,xOkE3-uahz4,"""Do your part"" — Epictetus | Stoicism",221,3,2,https://youtube.com/shorts/xOkE3-uahz4
2026-07-15,2026-07-14T23:02:40Z,L4fASbEONtg,"""Do the work now"" — Marcus Aurelius | Stoicism",1,1,2,https://youtube.com/shorts/L4fASbEONtg
2026-07-15,2026-07-14T18:10:35Z,yG9eXSRluro,"""Born a slave. He shaped emperors"" — Epictetus | Stoicism",36,3,2,https://youtube.com/shorts/yG9eXSRluro
2026-07-15,2026-07-14T13:36:45Z,nv_n83Id4Jo,"""Give first"" — Musonius Rufus | Stoicism",49,4,3,https://youtube.com/shorts/nv_n83Id4Jo
2026-07-15,2026-07-14T09:15:18Z,eWgxH4SzSaU,"""The threat that never came"" — Seneca | Stoicism",198,5,2,https://youtube.com/shorts/eWgxH4SzSaU
2026-07-15,2026-07-13T23:02:49Z,VqIpZoIBJMY,"""Stay unmoved"" — Zeno of Citium | Stoicism",244,6,4,https://youtube.com/shorts/VqIpZoIBJMY
2026-07-15,2026-07-13T18:51:00Z,bAw2UjROqqE,"""He ruled Rome from a war tent"" — Marcus Aurelius | Stoicism",76,2,2,https://youtube.com/shorts/bAw2UjROqqE
2026-07-15,2026-07-13T18:37:57Z,RLrmFHIcpik,"""He ruled Rome and wanted less"" — Marcus Aurelius | Stoicism",187,7,2,https://youtube.com/shorts/RLrmFHIcpik
2026-07-15,2026-07-13T14:56:31Z,AHjrJ456WwM,"""Count them"" — Epictetus | Stoicism",587,3,2,https://youtube.com/shorts/AHjrJ456WwM
2026-07-15,2026-07-13T10:35:24Z,lRC70RVPGBo,"""Fortune owes you nothing"" — Musonius Rufus | Stoicism",199,11,2,https://youtube.com/shorts/lRC70RVPGBo
2026-07-15,2026-07-12T22:52:57Z,RszD-3PpTEQ,"""Let it be enough"" — Musonius Rufus | Stoicism",432,5,2,https://youtube.com/shorts/RszD-3PpTEQ
2026-07-15,2026-07-12T18:08:55Z,HAKUq9F2KwU,"While we wait to live, life passes. Nothing is ours, Lucilius, except  | Seneca",427,6,0,https://youtube.com/shorts/HAKUq9F2KwU
2026-07-15,2026-07-12T13:21:51Z,ew5iWfLr8YI,"""He walked away from a fortune"" — Zeno of Citium | Stoicism",355,8,2,https://youtube.com/shorts/ew5iWfLr8YI
2026-07-15,2026-07-12T09:11:01Z,0siQWWd7Ynw,"""Not tomorrow"" — Seneca | Stoicism",253,10,2,https://youtube.com/shorts/0siQWWd7Ynw
2026-07-15,2026-07-11T22:52:30Z,2IC642X4kX0,"""Stop rehearsing. Begin"" — Marcus Aurelius | Stoicism",558,9,3,https://youtube.com/shorts/2IC642X4kX0
2026-07-15,2026-07-11T17:51:24Z,xOkE3-uahz4,"""Do your part"" — Epictetus | Stoicism",221,3,2,https://youtube.com/shorts/xOkE3-uahz4
2026-07-15,2026-07-15T01:12:28Z,EsgvRkZsB-o,"""Your part ends someday"" — Zeno of Citium | Stoicism",0,0,2,https://youtube.com/shorts/EsgvRkZsB-o
2026-07-15,2026-07-14T23:02:40Z,L4fASbEONtg,"""Do the work now"" — Marcus Aurelius | Stoicism",0,1,2,https://youtube.com/shorts/L4fASbEONtg
2026-07-15,2026-07-14T18:10:35Z,yG9eXSRluro,"""Born a slave. He shaped emperors"" — Epictetus | Stoicism",40,4,2,https://youtube.com/shorts/yG9eXSRluro
2026-07-15,2026-07-14T13:36:45Z,nv_n83Id4Jo,"""Give first"" — Musonius Rufus | Stoicism",56,5,3,https://youtube.com/shorts/nv_n83Id4Jo
2026-07-15,2026-07-14T09:15:18Z,eWgxH4SzSaU,"""The threat that never came"" — Seneca | Stoicism",211,6,2,https://youtube.com/shorts/eWgxH4SzSaU
2026-07-15,2026-07-13T23:02:49Z,VqIpZoIBJMY,"""Stay unmoved"" — Zeno of Citium | Stoicism",246,6,4,https://youtube.com/shorts/VqIpZoIBJMY
2026-07-15,2026-07-13T18:51:00Z,bAw2UjROqqE,"""He ruled Rome from a war tent"" — Marcus Aurelius | Stoicism",74,2,2,https://youtube.com/shorts/bAw2UjROqqE
2026-07-15,2026-07-13T18:37:57Z,RLrmFHIcpik,"""He ruled Rome and wanted less"" — Marcus Aurelius | Stoicism",187,7,2,https://youtube.com/shorts/RLrmFHIcpik
2026-07-15,2026-07-13T14:56:31Z,AHjrJ456WwM,"""Count them"" — Epictetus | Stoicism",594,3,2,https://youtube.com/shorts/AHjrJ456WwM
2026-07-15,2026-07-13T10:35:24Z,lRC70RVPGBo,"""Fortune owes you nothing"" — Musonius Rufus | Stoicism",196,11,2,https://youtube.com/shorts/lRC70RVPGBo
2026-07-15,2026-07-12T22:52:57Z,RszD-3PpTEQ,"""Let it be enough"" — Musonius Rufus | Stoicism",432,5,2,https://youtube.com/shorts/RszD-3PpTEQ
2026-07-15,2026-07-12T18:08:55Z,HAKUq9F2KwU,"While we wait to live, life passes. Nothing is ours, Lucilius, except  | Seneca",427,6,0,https://youtube.com/shorts/HAKUq9F2KwU
2026-07-15,2026-07-12T13:21:51Z,ew5iWfLr8YI,"""He walked away from a fortune"" — Zeno of Citium | Stoicism",355,8,2,https://youtube.com/shorts/ew5iWfLr8YI
2026-07-15,2026-07-12T09:11:01Z,0siQWWd7Ynw,"""Not tomorrow"" — Seneca | Stoicism",253,10,2,https://youtube.com/shorts/0siQWWd7Ynw
2026-07-15,2026-07-11T22:52:30Z,2IC642X4kX0,"""Stop rehearsing. Begin"" — Marcus Aurelius | Stoicism",558,9,3,https://youtube.com/shorts/2IC642X4kX0
2026-07-15,2026-07-15T01:12:54Z,EsgvRkZsB-o,"""Your part ends someday"" — Zeno of Citium | Stoicism",1,0,2,https://youtube.com/shorts/EsgvRkZsB-o
2026-07-15,2026-07-14T23:02:40Z,L4fASbEONtg,"""Do the work now"" — Marcus Aurelius | Stoicism",1,1,2,https://youtube.com/shorts/L4fASbEONtg
2026-07-15,2026-07-14T18:10:35Z,yG9eXSRluro,"""Born a slave. He shaped emperors"" — Epictetus | Stoicism",44,5,2,https://youtube.com/shorts/yG9eXSRluro
2026-07-15,2026-07-14T13:36:45Z,nv_n83Id4Jo,"""Give first"" — Musonius Rufus | Stoicism",56,5,3,https://youtube.com/shorts/nv_n83Id4Jo
2026-07-15,2026-07-14T09:15:18Z,eWgxH4SzSaU,"""The threat that never came"" — Seneca | Stoicism",213,6,2,https://youtube.com/shorts/eWgxH4SzSaU
2026-07-15,2026-07-13T23:02:49Z,VqIpZoIBJMY,"""Stay unmoved"" — Zeno of Citium | Stoicism",244,6,4,https://youtube.com/shorts/VqIpZoIBJMY
2026-07-15,2026-07-13T18:51:00Z,bAw2UjROqqE,"""He ruled Rome from a war tent"" — Marcus Aurelius | Stoicism",76,2,2,https://youtube.com/shorts/bAw2UjROqqE
2026-07-15,2026-07-13T18:37:57Z,RLrmFHIcpik,"""He ruled Rome and wanted less"" — Marcus Aurelius | Stoicism",187,7,2,https://youtube.com/shorts/RLrmFHIcpik
2026-07-15,2026-07-13T14:56:31Z,AHjrJ456WwM,"""Count them"" — Epictetus | Stoicism",637,3,2,https://youtube.com/shorts/AHjrJ456WwM
2026-07-15,2026-07-13T10:35:24Z,lRC70RVPGBo,"""Fortune owes you nothing"" — Musonius Rufus | Stoicism",199,11,2,https://youtube.com/shorts/lRC70RVPGBo
2026-07-15,2026-07-12T22:52:57Z,RszD-3PpTEQ,"""Let it be enough"" — Musonius Rufus | Stoicism",432,5,2,https://youtube.com/shorts/RszD-3PpTEQ
2026-07-15,2026-07-12T18:08:55Z,HAKUq9F2KwU,"While we wait to live, life passes. Nothing is ours, Lucilius, except  | Seneca",427,6,0,https://youtube.com/shorts/HAKUq9F2KwU
2026-07-15,2026-07-12T13:21:51Z,ew5iWfLr8YI,"""He walked away from a fortune"" — Zeno of Citium | Stoicism",355,8,2,https://youtube.com/shorts/ew5iWfLr8YI
2026-07-15,2026-07-12T09:11:01Z,0siQWWd7Ynw,"""Not tomorrow"" — Seneca | Stoicism",253,10,2,https://youtube.com/shorts/0siQWWd7Ynw
2026-07-15,2026-07-11T22:52:30Z,2IC642X4kX0,"""Stop rehearsing. Begin"" — Marcus Aurelius | Stoicism",558,9,3,https://youtube.com/shorts/2IC642X4kX0
2026-07-15,2026-07-15T01:56:28Z,UWhKhyad4w8,"""Set it down"" — Seneca | Stoicism",0,0,2,https://youtube.com/shorts/UWhKhyad4w8
2026-07-15,2026-07-15T01:12:54Z,EsgvRkZsB-o,"""Your part ends someday"" — Zeno of Citium | Stoicism",7,2,3,https://youtube.com/shorts/EsgvRkZsB-o
2026-07-15,2026-07-14T23:02:40Z,L4fASbEONtg,"""Do the work now"" — Marcus Aurelius | Stoicism",0,0,2,https://youtube.com/shorts/L4fASbEONtg
2026-07-15,2026-07-14T18:10:35Z,yG9eXSRluro,"""Born a slave. He shaped emperors"" — Epictetus | Stoicism",44,6,2,https://youtube.com/shorts/yG9eXSRluro
2026-07-15,2026-07-14T13:36:45Z,nv_n83Id4Jo,"""Give first"" — Musonius Rufus | Stoicism",56,5,3,https://youtube.com/shorts/nv_n83Id4Jo
2026-07-15,2026-07-14T09:15:18Z,eWgxH4SzSaU,"""The threat that never came"" — Seneca | Stoicism",213,6,2,https://youtube.com/shorts/eWgxH4SzSaU
2026-07-15,2026-07-13T23:02:49Z,VqIpZoIBJMY,"""Stay unmoved"" — Zeno of Citium | Stoicism",244,6,4,https://youtube.com/shorts/VqIpZoIBJMY
2026-07-15,2026-07-13T18:51:00Z,bAw2UjROqqE,"""He ruled Rome from a war tent"" — Marcus Aurelius | Stoicism",75,2,2,https://youtube.com/shorts/bAw2UjROqqE
2026-07-15,2026-07-13T18:37:57Z,RLrmFHIcpik,"""He ruled Rome and wanted less"" — Marcus Aurelius | Stoicism",193,7,2,https://youtube.com/shorts/RLrmFHIcpik
2026-07-15,2026-07-13T14:56:31Z,AHjrJ456WwM,"""Count them"" — Epictetus | Stoicism",638,3,2,https://youtube.com/shorts/AHjrJ456WwM
2026-07-15,2026-07-13T10:35:24Z,lRC70RVPGBo,"""Fortune owes you nothing"" — Musonius Rufus | Stoicism",207,11,2,https://youtube.com/shorts/lRC70RVPGBo
2026-07-15,2026-07-12T22:52:57Z,RszD-3PpTEQ,"""Let it be enough"" — Musonius Rufus | Stoicism",432,5,2,https://youtube.com/shorts/RszD-3PpTEQ
2026-07-15,2026-07-12T18:08:55Z,HAKUq9F2KwU,"While we wait to live, life passes. Nothing is ours, Lucilius, except  | Seneca",427,6,0,https://youtube.com/shorts/HAKUq9F2KwU
2026-07-15,2026-07-12T13:21:51Z,ew5iWfLr8YI,"""He walked away from a fortune"" — Zeno of Citium | Stoicism",355,8,2,https://youtube.com/shorts/ew5iWfLr8YI
2026-07-15,2026-07-12T09:11:01Z,0siQWWd7Ynw,"""Not tomorrow"" — Seneca | Stoicism",253,10,2,https://youtube.com/shorts/0siQWWd7Ynw
2026-07-15,2026-07-15T05:20:04Z,Jpa-8IhmsgE,"""Let it be"" — Musonius Rufus | Stoicism",0,0,2,https://youtube.com/shorts/Jpa-8IhmsgE
2026-07-15,2026-07-15T01:57:19Z,UWhKhyad4w8,"""Set it down"" — Seneca | Stoicism",9,0,2,https://youtube.com/shorts/UWhKhyad4w8
2026-07-15,2026-07-15T01:12:54Z,EsgvRkZsB-o,"""Your part ends someday"" — Zeno of Citium | Stoicism",58,5,3,https://youtube.com/shorts/EsgvRkZsB-o
2026-07-15,2026-07-14T23:02:40Z,L4fASbEONtg,"""Do the work now"" — Marcus Aurelius | Stoicism",29,2,2,https://youtube.com/shorts/L4fASbEONtg
2026-07-15,2026-07-14T18:10:35Z,yG9eXSRluro,"""Born a slave. He shaped emperors"" — Epictetus | Stoicism",44,6,2,https://youtube.com/shorts/yG9eXSRluro
2026-07-15,2026-07-14T13:36:45Z,nv_n83Id4Jo,"""Give first"" — Musonius Rufus | Stoicism",68,5,3,https://youtube.com/shorts/nv_n83Id4Jo
2026-07-15,2026-07-14T09:15:18Z,eWgxH4SzSaU,"""The threat that never came"" — Seneca | Stoicism",250,6,2,https://youtube.com/shorts/eWgxH4SzSaU
2026-07-15,2026-07-13T23:02:49Z,VqIpZoIBJMY,"""Stay unmoved"" — Zeno of Citium | Stoicism",259,6,4,https://youtube.com/shorts/VqIpZoIBJMY
2026-07-15,2026-07-13T18:51:00Z,bAw2UjROqqE,"""He ruled Rome from a war tent"" — Marcus Aurelius | Stoicism",81,2,2,https://youtube.com/shorts/bAw2UjROqqE
2026-07-15,2026-07-13T18:37:57Z,RLrmFHIcpik,"""He ruled Rome and wanted less"" — Marcus Aurelius | Stoicism",200,7,2,https://youtube.com/shorts/RLrmFHIcpik
2026-07-15,2026-07-13T14:56:31Z,AHjrJ456WwM,"""Count them"" — Epictetus | Stoicism",649,3,2,https://youtube.com/shorts/AHjrJ456WwM
2026-07-15,2026-07-13T10:35:24Z,lRC70RVPGBo,"""Fortune owes you nothing"" — Musonius Rufus | Stoicism",207,11,2,https://youtube.com/shorts/lRC70RVPGBo
2026-07-15,2026-07-12T22:52:57Z,RszD-3PpTEQ,"""Let it be enough"" — Musonius Rufus | Stoicism",432,5,2,https://youtube.com/shorts/RszD-3PpTEQ
2026-07-15,2026-07-12T18:08:55Z,HAKUq9F2KwU,"While we wait to live, life passes. Nothing is ours, Lucilius, except  | Seneca",427,6,0,https://youtube.com/shorts/HAKUq9F2KwU
2026-07-15,2026-07-12T13:21:51Z,ew5iWfLr8YI,"""He walked away from a fortune"" — Zeno of Citium | Stoicism",355,8,2,https://youtube.com/shorts/ew5iWfLr8YI
2026-07-15,2026-07-15T09:19:51Z,D3V1bO2Bnns,"""Nobody made you angry"" — Epictetus | Stoicism",0,0,2,https://youtube.com/shorts/D3V1bO2Bnns
2026-07-15,2026-07-15T05:20:25Z,Jpa-8IhmsgE,"""Let it be"" — Musonius Rufus | Stoicism",11,1,2,https://youtube.com/shorts/Jpa-8IhmsgE
2026-07-15,2026-07-15T01:57:19Z,UWhKhyad4w8,"""Set it down"" — Seneca | Stoicism",24,0,2,https://youtube.com/shorts/UWhKhyad4w8
2026-07-15,2026-07-15T01:12:54Z,EsgvRkZsB-o,"""Your part ends someday"" — Zeno of Citium | Stoicism",92,6,3,https://youtube.com/shorts/EsgvRkZsB-o
2026-07-15,2026-07-14T23:02:40Z,L4fASbEONtg,"""Do the work now"" — Marcus Aurelius | Stoicism",56,2,2,https://youtube.com/shorts/L4fASbEONtg
2026-07-15,2026-07-14T18:10:35Z,yG9eXSRluro,"""Born a slave. He shaped emperors"" — Epictetus | Stoicism",74,6,2,https://youtube.com/shorts/yG9eXSRluro
2026-07-15,2026-07-14T13:36:45Z,nv_n83Id4Jo,"""Give first"" — Musonius Rufus | Stoicism",77,5,3,https://youtube.com/shorts/nv_n83Id4Jo
2026-07-15,2026-07-14T09:15:18Z,eWgxH4SzSaU,"""The threat that never came"" — Seneca | Stoicism",285,8,2,https://youtube.com/shorts/eWgxH4SzSaU
2026-07-15,2026-07-13T23:02:49Z,VqIpZoIBJMY,"""Stay unmoved"" — Zeno of Citium | Stoicism",259,6,4,https://youtube.com/shorts/VqIpZoIBJMY
2026-07-15,2026-07-13T18:51:00Z,bAw2UjROqqE,"""He ruled Rome from a war tent"" — Marcus Aurelius | Stoicism",81,2,2,https://youtube.com/shorts/bAw2UjROqqE
2026-07-15,2026-07-13T18:37:57Z,RLrmFHIcpik,"""He ruled Rome and wanted less"" — Marcus Aurelius | Stoicism",203,8,2,https://youtube.com/shorts/RLrmFHIcpik
2026-07-15,2026-07-13T14:56:31Z,AHjrJ456WwM,"""Count them"" — Epictetus | Stoicism",670,3,2,https://youtube.com/shorts/AHjrJ456WwM
2026-07-15,2026-07-13T10:35:24Z,lRC70RVPGBo,"""Fortune owes you nothing"" — Musonius Rufus | Stoicism",210,11,2,https://youtube.com/shorts/lRC70RVPGBo
2026-07-15,2026-07-12T22:52:57Z,RszD-3PpTEQ,"""Let it be enough"" — Musonius Rufus | Stoicism",432,5,2,https://youtube.com/shorts/RszD-3PpTEQ
2026-07-15,2026-07-12T18:08:55Z,HAKUq9F2KwU,"While we wait to live, life passes. Nothing is ours, Lucilius, except  | Seneca",427,6,0,https://youtube.com/shorts/HAKUq9F2KwU
2026-07-15,2026-07-15T13:46:11Z,CmixQ4F7Tx4,"""He ruled Rome from a war tent"" — Marcus Aurelius | Stoicism",0,0,2,https://youtube.com/shorts/CmixQ4F7Tx4
2026-07-15,2026-07-15T09:20:32Z,D3V1bO2Bnns,"""Nobody made you angry"" — Epictetus | Stoicism",20,0,2,https://youtube.com/shorts/D3V1bO2Bnns
2026-07-15,2026-07-15T05:20:25Z,Jpa-8IhmsgE,"""Let it be"" — Musonius Rufus | Stoicism",21,1,2,https://youtube.com/shorts/Jpa-8IhmsgE
2026-07-15,2026-07-15T01:57:19Z,UWhKhyad4w8,"""Set it down"" — Seneca | Stoicism",44,1,2,https://youtube.com/shorts/UWhKhyad4w8
2026-07-15,2026-07-15T01:12:54Z,EsgvRkZsB-o,"""Your part ends someday"" — Zeno of Citium | Stoicism",119,6,3,https://youtube.com/shorts/EsgvRkZsB-o
2026-07-15,2026-07-14T23:02:40Z,L4fASbEONtg,"""Do the work now"" — Marcus Aurelius | Stoicism",68,2,2,https://youtube.com/shorts/L4fASbEONtg
2026-07-15,2026-07-14T18:10:35Z,yG9eXSRluro,"""Born a slave. He shaped emperors"" — Epictetus | Stoicism",89,8,2,https://youtube.com/shorts/yG9eXSRluro
2026-07-15,2026-07-14T13:36:45Z,nv_n83Id4Jo,"""Give first"" — Musonius Rufus | Stoicism",87,5,3,https://youtube.com/shorts/nv_n83Id4Jo
2026-07-15,2026-07-14T09:15:18Z,eWgxH4SzSaU,"""The threat that never came"" — Seneca | Stoicism",315,8,2,https://youtube.com/shorts/eWgxH4SzSaU
2026-07-15,2026-07-13T23:02:49Z,VqIpZoIBJMY,"""Stay unmoved"" — Zeno of Citium | Stoicism",264,6,4,https://youtube.com/shorts/VqIpZoIBJMY
2026-07-15,2026-07-13T18:51:00Z,bAw2UjROqqE,"""He ruled Rome from a war tent"" — Marcus Aurelius | Stoicism",83,2,2,https://youtube.com/shorts/bAw2UjROqqE
2026-07-15,2026-07-13T18:37:57Z,RLrmFHIcpik,"""He ruled Rome and wanted less"" — Marcus Aurelius | Stoicism",208,8,2,https://youtube.com/shorts/RLrmFHIcpik
2026-07-15,2026-07-13T14:56:31Z,AHjrJ456WwM,"""Count them"" — Epictetus | Stoicism",672,3,2,https://youtube.com/shorts/AHjrJ456WwM
2026-07-15,2026-07-13T10:35:24Z,lRC70RVPGBo,"""Fortune owes you nothing"" — Musonius Rufus | Stoicism",211,11,2,https://youtube.com/shorts/lRC70RVPGBo
2026-07-15,2026-07-12T22:52:57Z,RszD-3PpTEQ,"""Let it be enough"" — Musonius Rufus | Stoicism",432,5,2,https://youtube.com/shorts/RszD-3PpTEQ
2026-07-15,2026-07-15T16:34:11Z,whTirDiit2E,"""POV: You just got passed over again"" — Zeno of Citium | Stoicism",0,0,2,https://youtube.com/shorts/whTirDiit2E
2026-07-15,2026-07-15T13:46:35Z,CmixQ4F7Tx4,"""He ruled Rome from a war tent"" — Marcus Aurelius | Stoicism",0,0,2,https://youtube.com/shorts/CmixQ4F7Tx4
2026-07-15,2026-07-15T09:20:32Z,D3V1bO2Bnns,"""Nobody made you angry"" — Epictetus | Stoicism",39,0,2,https://youtube.com/shorts/D3V1bO2Bnns
2026-07-15,2026-07-15T05:20:25Z,Jpa-8IhmsgE,"""Let it be"" — Musonius Rufus | Stoicism",27,2,2,https://youtube.com/shorts/Jpa-8IhmsgE
2026-07-15,2026-07-15T01:57:19Z,UWhKhyad4w8,"""Set it down"" — Seneca | Stoicism",47,1,2,https://youtube.com/shorts/UWhKhyad4w8
2026-07-15,2026-07-15T01:12:54Z,EsgvRkZsB-o,"""Your part ends someday"" — Zeno of Citium | Stoicism",129,7,3,https://youtube.com/shorts/EsgvRkZsB-o
2026-07-15,2026-07-14T23:02:40Z,L4fASbEONtg,"""Do the work now"" — Marcus Aurelius | Stoicism",79,2,2,https://youtube.com/shorts/L4fASbEONtg
2026-07-15,2026-07-14T18:10:35Z,yG9eXSRluro,"""Born a slave. He shaped emperors"" — Epictetus | Stoicism",89,8,2,https://youtube.com/shorts/yG9eXSRluro
2026-07-15,2026-07-14T13:36:45Z,nv_n83Id4Jo,"""Give first"" — Musonius Rufus | Stoicism",87,5,3,https://youtube.com/shorts/nv_n83Id4Jo
2026-07-15,2026-07-14T09:15:18Z,eWgxH4SzSaU,"""The threat that never came"" — Seneca | Stoicism",315,8,2,https://youtube.com/shorts/eWgxH4SzSaU
2026-07-15,2026-07-13T23:02:49Z,VqIpZoIBJMY,"""Stay unmoved"" — Zeno of Citium | Stoicism",264,6,4,https://youtube.com/shorts/VqIpZoIBJMY
2026-07-15,2026-07-13T18:51:00Z,bAw2UjROqqE,"""He ruled Rome from a war tent"" — Marcus Aurelius | Stoicism",83,2,2,https://youtube.com/shorts/bAw2UjROqqE
2026-07-15,2026-07-13T18:37:57Z,RLrmFHIcpik,"""He ruled Rome and wanted less"" — Marcus Aurelius | Stoicism",210,8,2,https://youtube.com/shorts/RLrmFHIcpik
2026-07-15,2026-07-13T14:56:31Z,AHjrJ456WwM,"""Count them"" — Epictetus | Stoicism",671,3,2,https://youtube.com/shorts/AHjrJ456WwM
2026-07-15,2026-07-13T10:35:24Z,lRC70RVPGBo,"""Fortune owes you nothing"" — Musonius Rufus | Stoicism",211,11,2,https://youtube.com/shorts/lRC70RVPGBo
2026-07-15,2026-07-15T16:34:57Z,whTirDiit2E,"""POV: You just got passed over again"" — Zeno of Citium | Stoicism",3,0,2,https://youtube.com/shorts/whTirDiit2E
2026-07-15,2026-07-15T13:46:35Z,CmixQ4F7Tx4,"""He ruled Rome from a war tent"" — Marcus Aurelius | Stoicism",4,1,2,https://youtube.com/shorts/CmixQ4F7Tx4
2026-07-15,2026-07-15T09:20:32Z,D3V1bO2Bnns,"""Nobody made you angry"" — Epictetus | Stoicism",69,0,2,https://youtube.com/shorts/D3V1bO2Bnns
2026-07-15,2026-07-15T05:20:25Z,Jpa-8IhmsgE,"""Let it be"" — Musonius Rufus | Stoicism",27,2,2,https://youtube.com/shorts/Jpa-8IhmsgE
2026-07-15,2026-07-15T01:57:19Z,UWhKhyad4w8,"""Set it down"" — Seneca | Stoicism",47,1,2,https://youtube.com/shorts/UWhKhyad4w8
2026-07-15,2026-07-15T01:12:54Z,EsgvRkZsB-o,"""Your part ends someday"" — Zeno of Citium | Stoicism",129,7,3,https://youtube.com/shorts/EsgvRkZsB-o
2026-07-15,2026-07-14T23:02:40Z,L4fASbEONtg,"""Do the work now"" — Marcus Aurelius | Stoicism",79,2,2,https://youtube.com/shorts/L4fASbEONtg
2026-07-15,2026-07-14T18:10:35Z,yG9eXSRluro,"""Born a slave. He shaped emperors"" — Epictetus | Stoicism",105,8,2,https://youtube.com/shorts/yG9eXSRluro
2026-07-15,2026-07-14T13:36:45Z,nv_n83Id4Jo,"""Give first"" — Musonius Rufus | Stoicism",91,5,3,https://youtube.com/shorts/nv_n83Id4Jo
2026-07-15,2026-07-14T09:15:18Z,eWgxH4SzSaU,"""The threat that never came"" — Seneca | Stoicism",315,8,2,https://youtube.com/shorts/eWgxH4SzSaU
2026-07-15,2026-07-13T23:02:49Z,VqIpZoIBJMY,"""Stay unmoved"" — Zeno of Citium | Stoicism",269,6,4,https://youtube.com/shorts/VqIpZoIBJMY
2026-07-15,2026-07-13T18:51:00Z,bAw2UjROqqE,"""He ruled Rome from a war tent"" — Marcus Aurelius | Stoicism",85,2,2,https://youtube.com/shorts/bAw2UjROqqE
2026-07-15,2026-07-13T18:37:57Z,RLrmFHIcpik,"""He ruled Rome and wanted less"" — Marcus Aurelius | Stoicism",215,8,2,https://youtube.com/shorts/RLrmFHIcpik
2026-07-15,2026-07-13T14:56:31Z,AHjrJ456WwM,"""Count them"" — Epictetus | Stoicism",671,3,2,https://youtube.com/shorts/AHjrJ456WwM
2026-07-15,2026-07-13T10:35:24Z,lRC70RVPGBo,"""Fortune owes you nothing"" — Musonius Rufus | Stoicism",211,11,2,https://youtube.com/shorts/lRC70RVPGBo
2026-07-15,2026-07-15T16:34:57Z,whTirDiit2E,"""POV: You just got passed over again"" — Zeno of Citium | Stoicism",13,1,2,https://youtube.com/shorts/whTirDiit2E
2026-07-15,2026-07-15T13:46:35Z,CmixQ4F7Tx4,"""He ruled Rome from a war tent"" — Marcus Aurelius | Stoicism",8,2,2,https://youtube.com/shorts/CmixQ4F7Tx4
2026-07-15,2026-07-15T09:20:32Z,D3V1bO2Bnns,"""Nobody made you angry"" — Epictetus | Stoicism",84,0,2,https://youtube.com/shorts/D3V1bO2Bnns
2026-07-15,2026-07-15T05:20:25Z,Jpa-8IhmsgE,"""Let it be"" — Musonius Rufus | Stoicism",33,2,2,https://youtube.com/shorts/Jpa-8IhmsgE
2026-07-15,2026-07-15T01:57:19Z,UWhKhyad4w8,"""Set it down"" — Seneca | Stoicism",61,2,2,https://youtube.com/shorts/UWhKhyad4w8
2026-07-15,2026-07-15T01:12:54Z,EsgvRkZsB-o,"""Your part ends someday"" — Zeno of Citium | Stoicism",150,7,3,https://youtube.com/shorts/EsgvRkZsB-o
2026-07-15,2026-07-14T23:02:40Z,L4fASbEONtg,"""Do the work now"" — Marcus Aurelius | Stoicism",88,2,2,https://youtube.com/shorts/L4fASbEONtg
2026-07-15,2026-07-14T18:10:35Z,yG9eXSRluro,"""Born a slave. He shaped emperors"" — Epictetus | Stoicism",118,9,2,https://youtube.com/shorts/yG9eXSRluro
2026-07-15,2026-07-14T13:36:45Z,nv_n83Id4Jo,"""Give first"" — Musonius Rufus | Stoicism",92,5,3,https://youtube.com/shorts/nv_n83Id4Jo
2026-07-15,2026-07-14T09:15:18Z,eWgxH4SzSaU,"""The threat that never came"" — Seneca | Stoicism",327,8,2,https://youtube.com/shorts/eWgxH4SzSaU
2026-07-15,2026-07-13T23:02:49Z,VqIpZoIBJMY,"""Stay unmoved"" — Zeno of Citium | Stoicism",271,6,4,https://youtube.com/shorts/VqIpZoIBJMY
2026-07-15,2026-07-13T18:51:00Z,bAw2UjROqqE,"""He ruled Rome from a war tent"" — Marcus Aurelius | Stoicism",85,2,2,https://youtube.com/shorts/bAw2UjROqqE
2026-07-15,2026-07-13T18:37:57Z,RLrmFHIcpik,"""He ruled Rome and wanted less"" — Marcus Aurelius | Stoicism",220,8,2,https://youtube.com/shorts/RLrmFHIcpik
2026-07-15,2026-07-13T14:56:31Z,AHjrJ456WwM,"""Count them"" — Epictetus | Stoicism",672,3,2,https://youtube.com/shorts/AHjrJ456WwM
2026-07-15,2026-07-13T10:35:24Z,lRC70RVPGBo,"""Fortune owes you nothing"" — Musonius Rufus | Stoicism",209,11,2,https://youtube.com/shorts/lRC70RVPGBo
2026-07-15,2026-07-15T16:34:57Z,whTirDiit2E,"""POV: You just got passed over again"" — Zeno of Citium | Stoicism",23,0,2,https://youtube.com/shorts/whTirDiit2E
2026-07-15,2026-07-15T13:46:35Z,CmixQ4F7Tx4,"""He ruled Rome from a war tent"" — Marcus Aurelius | Stoicism",11,2,2,https://youtube.com/shorts/CmixQ4F7Tx4
2026-07-15,2026-07-15T09:20:32Z,D3V1bO2Bnns,"""Nobody made you angry"" — Epictetus | Stoicism",138,0,2,https://youtube.com/shorts/D3V1bO2Bnns
2026-07-15,2026-07-15T05:20:25Z,Jpa-8IhmsgE,"""Let it be"" — Musonius Rufus | Stoicism",45,3,2,https://youtube.com/shorts/Jpa-8IhmsgE
2026-07-15,2026-07-15T01:57:19Z,UWhKhyad4w8,"""Set it down"" — Seneca | Stoicism",78,2,3,https://youtube.com/shorts/UWhKhyad4w8
2026-07-15,2026-07-15T01:12:54Z,EsgvRkZsB-o,"""Your part ends someday"" — Zeno of Citium | Stoicism",157,7,3,https://youtube.com/shorts/EsgvRkZsB-o
2026-07-15,2026-07-14T23:02:40Z,L4fASbEONtg,"""Do the work now"" — Marcus Aurelius | Stoicism",94,2,2,https://youtube.com/shorts/L4fASbEONtg
2026-07-15,2026-07-14T18:10:35Z,yG9eXSRluro,"""Born a slave. He shaped emperors"" — Epictetus | Stoicism",127,9,2,https://youtube.com/shorts/yG9eXSRluro
2026-07-15,2026-07-14T13:36:45Z,nv_n83Id4Jo,"""Give first"" — Musonius Rufus | Stoicism",99,5,3,https://youtube.com/shorts/nv_n83Id4Jo
2026-07-15,2026-07-14T09:15:18Z,eWgxH4SzSaU,"""The threat that never came"" — Seneca | Stoicism",331,8,2,https://youtube.com/shorts/eWgxH4SzSaU
2026-07-15,2026-07-13T23:02:49Z,VqIpZoIBJMY,"""Stay unmoved"" — Zeno of Citium | Stoicism",273,6,4,https://youtube.com/shorts/VqIpZoIBJMY
2026-07-15,2026-07-13T18:51:00Z,bAw2UjROqqE,"""He ruled Rome from a war tent"" — Marcus Aurelius | Stoicism",85,2,2,https://youtube.com/shorts/bAw2UjROqqE
2026-07-15,2026-07-13T18:37:57Z,RLrmFHIcpik,"""He ruled Rome and wanted less"" — Marcus Aurelius | Stoicism",220,8,2,https://youtube.com/shorts/RLrmFHIcpik
2026-07-15,2026-07-13T14:56:31Z,AHjrJ456WwM,"""Count them"" — Epictetus | Stoicism",672,3,2,https://youtube.com/shorts/AHjrJ456WwM
2026-07-15,2026-07-13T10:35:24Z,lRC70RVPGBo,"""Fortune owes you nothing"" — Musonius Rufus | Stoicism",209,11,2,https://youtube.com/shorts/lRC70RVPGBo
2026-07-16,2026-07-16T05:23:13Z,16byegZ-7ug,"""Rule 9: Name the fear"" — Seneca | Stoicism",0,0,2,https://youtube.com/shorts/16byegZ-7ug
2026-07-16,2026-07-15T16:34:57Z,whTirDiit2E,"""POV: You just got passed over again"" — Zeno of Citium | Stoicism",43,0,2,https://youtube.com/shorts/whTirDiit2E
2026-07-16,2026-07-15T13:46:35Z,CmixQ4F7Tx4,"""He ruled Rome from a war tent"" — Marcus Aurelius | Stoicism",25,2,2,https://youtube.com/shorts/CmixQ4F7Tx4
2026-07-16,2026-07-15T09:20:32Z,D3V1bO2Bnns,"""Nobody made you angry"" — Epictetus | Stoicism",202,2,2,https://youtube.com/shorts/D3V1bO2Bnns
2026-07-16,2026-07-15T05:20:25Z,Jpa-8IhmsgE,"""Let it be"" — Musonius Rufus | Stoicism",111,5,2,https://youtube.com/shorts/Jpa-8IhmsgE
2026-07-16,2026-07-15T01:57:19Z,UWhKhyad4w8,"""Set it down"" — Seneca | Stoicism",98,2,3,https://youtube.com/shorts/UWhKhyad4w8
2026-07-16,2026-07-15T01:12:54Z,EsgvRkZsB-o,"""Your part ends someday"" — Zeno of Citium | Stoicism",170,8,3,https://youtube.com/shorts/EsgvRkZsB-o
2026-07-16,2026-07-14T23:02:40Z,L4fASbEONtg,"""Do the work now"" — Marcus Aurelius | Stoicism",110,2,2,https://youtube.com/shorts/L4fASbEONtg
2026-07-16,2026-07-14T18:10:35Z,yG9eXSRluro,"""Born a slave. He shaped emperors"" — Epictetus | Stoicism",131,9,2,https://youtube.com/shorts/yG9eXSRluro
2026-07-16,2026-07-14T13:36:45Z,nv_n83Id4Jo,"""Give first"" — Musonius Rufus | Stoicism",102,5,3,https://youtube.com/shorts/nv_n83Id4Jo
2026-07-16,2026-07-14T09:15:18Z,eWgxH4SzSaU,"""The threat that never came"" — Seneca | Stoicism",344,8,2,https://youtube.com/shorts/eWgxH4SzSaU
2026-07-16,2026-07-13T23:02:49Z,VqIpZoIBJMY,"""Stay unmoved"" — Zeno of Citium | Stoicism",275,6,4,https://youtube.com/shorts/VqIpZoIBJMY
2026-07-16,2026-07-13T18:51:00Z,bAw2UjROqqE,"""He ruled Rome from a war tent"" — Marcus Aurelius | Stoicism",85,2,2,https://youtube.com/shorts/bAw2UjROqqE
2026-07-16,2026-07-13T18:37:57Z,RLrmFHIcpik,"""He ruled Rome and wanted less"" — Marcus Aurelius | Stoicism",220,8,2,https://youtube.com/shorts/RLrmFHIcpik
2026-07-16,2026-07-13T14:56:31Z,AHjrJ456WwM,"""Count them"" — Epictetus | Stoicism",672,3,2,https://youtube.com/shorts/AHjrJ456WwM
2026-07-16,2026-07-16T09:29:00Z,UJvuUh_-8p8,"""The 24-hour honesty test"" — Musonius Rufus | Stoicism",0,0,2,https://youtube.com/shorts/UJvuUh_-8p8
2026-07-16,2026-07-16T05:23:31Z,16byegZ-7ug,"""Rule 9: Name the fear"" — Seneca | Stoicism",16,0,2,https://youtube.com/shorts/16byegZ-7ug
2026-07-16,2026-07-15T16:34:57Z,whTirDiit2E,"""POV: You just got passed over again"" — Zeno of Citium | Stoicism",48,0,2,https://youtube.com/shorts/whTirDiit2E
2026-07-16,2026-07-15T13:46:35Z,CmixQ4F7Tx4,"""He ruled Rome from a war tent"" — Marcus Aurelius | Stoicism",25,2,2,https://youtube.com/shorts/CmixQ4F7Tx4
2026-07-16,2026-07-15T09:20:32Z,D3V1bO2Bnns,"""Nobody made you angry"" — Epictetus | Stoicism",253,3,2,https://youtube.com/shorts/D3V1bO2Bnns
2026-07-16,2026-07-15T05:20:25Z,Jpa-8IhmsgE,"""Let it be"" — Musonius Rufus | Stoicism",111,5,2,https://youtube.com/shorts/Jpa-8IhmsgE
2026-07-16,2026-07-15T01:57:19Z,UWhKhyad4w8,"""Set it down"" — Seneca | Stoicism",110,2,3,https://youtube.com/shorts/UWhKhyad4w8
2026-07-16,2026-07-15T01:12:54Z,EsgvRkZsB-o,"""Your part ends someday"" — Zeno of Citium | Stoicism",171,8,3,https://youtube.com/shorts/EsgvRkZsB-o
2026-07-16,2026-07-14T23:02:40Z,L4fASbEONtg,"""Do the work now"" — Marcus Aurelius | Stoicism",117,2,2,https://youtube.com/shorts/L4fASbEONtg
2026-07-16,2026-07-14T18:10:35Z,yG9eXSRluro,"""Born a slave. He shaped emperors"" — Epictetus | Stoicism",141,10,2,https://youtube.com/shorts/yG9eXSRluro
2026-07-16,2026-07-14T13:36:45Z,nv_n83Id4Jo,"""Give first"" — Musonius Rufus | Stoicism",109,6,3,https://youtube.com/shorts/nv_n83Id4Jo
2026-07-16,2026-07-14T09:15:18Z,eWgxH4SzSaU,"""The threat that never came"" — Seneca | Stoicism",350,8,2,https://youtube.com/shorts/eWgxH4SzSaU
2026-07-16,2026-07-13T23:02:49Z,VqIpZoIBJMY,"""Stay unmoved"" — Zeno of Citium | Stoicism",275,6,4,https://youtube.com/shorts/VqIpZoIBJMY
2026-07-16,2026-07-13T18:51:00Z,bAw2UjROqqE,"""He ruled Rome from a war tent"" — Marcus Aurelius | Stoicism",85,2,2,https://youtube.com/shorts/bAw2UjROqqE
2026-07-16,2026-07-13T18:37:57Z,RLrmFHIcpik,"""He ruled Rome and wanted less"" — Marcus Aurelius | Stoicism",221,8,2,https://youtube.com/shorts/RLrmFHIcpik
2026-07-16,2026-07-16T09:29:26Z,UJvuUh_-8p8,"""The 24-hour honesty test"" — Musonius Rufus | Stoicism",16,1,2,https://youtube.com/shorts/UJvuUh_-8p8
2026-07-16,2026-07-16T05:23:31Z,16byegZ-7ug,"""Rule 9: Name the fear"" — Seneca | Stoicism",126,3,2,https://youtube.com/shorts/16byegZ-7ug
2026-07-16,2026-07-15T16:34:57Z,whTirDiit2E,"""POV: You just got passed over again"" — Zeno of Citium | Stoicism",50,0,2,https://youtube.com/shorts/whTirDiit2E
2026-07-16,2026-07-15T13:46:35Z,CmixQ4F7Tx4,"""He ruled Rome from a war tent"" — Marcus Aurelius | Stoicism",41,2,2,https://youtube.com/shorts/CmixQ4F7Tx4
2026-07-16,2026-07-15T09:20:32Z,D3V1bO2Bnns,"""Nobody made you angry"" — Epictetus | Stoicism",264,3,2,https://youtube.com/shorts/D3V1bO2Bnns
2026-07-16,2026-07-15T05:20:25Z,Jpa-8IhmsgE,"""Let it be"" — Musonius Rufus | Stoicism",150,5,2,https://youtube.com/shorts/Jpa-8IhmsgE
2026-07-16,2026-07-15T01:57:19Z,UWhKhyad4w8,"""Set it down"" — Seneca | Stoicism",124,2,3,https://youtube.com/shorts/UWhKhyad4w8
2026-07-16,2026-07-15T01:12:54Z,EsgvRkZsB-o,"""Your part ends someday"" — Zeno of Citium | Stoicism",185,8,3,https://youtube.com/shorts/EsgvRkZsB-o
2026-07-16,2026-07-14T23:02:40Z,L4fASbEONtg,"""Do the work now"" — Marcus Aurelius | Stoicism",117,2,2,https://youtube.com/shorts/L4fASbEONtg
2026-07-16,2026-07-14T18:10:35Z,yG9eXSRluro,"""Born a slave. He shaped emperors"" — Epictetus | Stoicism",149,11,2,https://youtube.com/shorts/yG9eXSRluro
2026-07-16,2026-07-14T13:36:45Z,nv_n83Id4Jo,"""Give first"" — Musonius Rufus | Stoicism",114,6,3,https://youtube.com/shorts/nv_n83Id4Jo
2026-07-16,2026-07-14T09:15:18Z,eWgxH4SzSaU,"""The threat that never came"" — Seneca | Stoicism",353,8,2,https://youtube.com/shorts/eWgxH4SzSaU
2026-07-16,2026-07-13T23:02:49Z,VqIpZoIBJMY,"""Stay unmoved"" — Zeno of Citium | Stoicism",275,6,4,https://youtube.com/shorts/VqIpZoIBJMY
2026-07-16,2026-07-13T18:51:00Z,bAw2UjROqqE,"""He ruled Rome from a war tent"" — Marcus Aurelius | Stoicism",85,2,2,https://youtube.com/shorts/bAw2UjROqqE
2026-07-16,2026-07-13T18:37:57Z,RLrmFHIcpik,"""He ruled Rome and wanted less"" — Marcus Aurelius | Stoicism",221,8,2,https://youtube.com/shorts/RLrmFHIcpik
2026-07-16,2026-07-16T16:23:17Z,CDwr2M1YUqg,"""Let it break on you"" — Marcus Aurelius | Stoicism",0,0,2,https://youtube.com/shorts/CDwr2M1YUqg
2026-07-16,2026-07-16T13:50:07Z,aQqDXNi1oMo,"""Decide, then act"" — Epictetus | Stoicism",2,0,2,https://youtube.com/shorts/aQqDXNi1oMo
2026-07-16,2026-07-16T09:29:26Z,UJvuUh_-8p8,"""The 24-hour honesty test"" — Musonius Rufus | Stoicism",16,1,2,https://youtube.com/shorts/UJvuUh_-8p8
2026-07-16,2026-07-16T05:23:31Z,16byegZ-7ug,"""Rule 9: Name the fear"" — Seneca | Stoicism",202,4,2,https://youtube.com/shorts/16byegZ-7ug
2026-07-16,2026-07-15T16:34:57Z,whTirDiit2E,"""POV: You just got passed over again"" — Zeno of Citium | Stoicism",55,0,2,https://youtube.com/shorts/whTirDiit2E
2026-07-16,2026-07-15T13:46:35Z,CmixQ4F7Tx4,"""He ruled Rome from a war tent"" — Marcus Aurelius | Stoicism",41,2,2,https://youtube.com/shorts/CmixQ4F7Tx4
2026-07-16,2026-07-15T09:20:32Z,D3V1bO2Bnns,"""Nobody made you angry"" — Epictetus | Stoicism",271,3,2,https://youtube.com/shorts/D3V1bO2Bnns
2026-07-16,2026-07-15T05:20:25Z,Jpa-8IhmsgE,"""Let it be"" — Musonius Rufus | Stoicism",163,6,2,https://youtube.com/shorts/Jpa-8IhmsgE
2026-07-16,2026-07-15T01:57:19Z,UWhKhyad4w8,"""Set it down"" — Seneca | Stoicism",124,2,3,https://youtube.com/shorts/UWhKhyad4w8
2026-07-16,2026-07-15T01:12:54Z,EsgvRkZsB-o,"""Your part ends someday"" — Zeno of Citium | Stoicism",192,8,3,https://youtube.com/shorts/EsgvRkZsB-o
2026-07-16,2026-07-14T23:02:40Z,L4fASbEONtg,"""Do the work now"" — Marcus Aurelius | Stoicism",123,2,2,https://youtube.com/shorts/L4fASbEONtg
2026-07-16,2026-07-14T18:10:35Z,yG9eXSRluro,"""Born a slave. He shaped emperors"" — Epictetus | Stoicism",176,11,2,https://youtube.com/shorts/yG9eXSRluro
2026-07-16,2026-07-14T13:36:45Z,nv_n83Id4Jo,"""Give first"" — Musonius Rufus | Stoicism",115,6,3,https://youtube.com/shorts/nv_n83Id4Jo
2026-07-16,2026-07-14T09:15:18Z,eWgxH4SzSaU,"""The threat that never came"" — Seneca | Stoicism",353,8,2,https://youtube.com/shorts/eWgxH4SzSaU
2026-07-16,2026-07-13T23:02:49Z,VqIpZoIBJMY,"""Stay unmoved"" — Zeno of Citium | Stoicism",276,6,4,https://youtube.com/shorts/VqIpZoIBJMY
2026-07-16,2026-07-16T18:08:27Z,z3XKngtU2lI,"""Founder of Stoicism. His last day"" — Zeno of Citium | Stoicism",0,0,2,https://youtube.com/shorts/z3XKngtU2lI
2026-07-16,2026-07-16T16:23:56Z,CDwr2M1YUqg,"""Let it break on you"" — Marcus Aurelius | Stoicism",9,0,2,https://youtube.com/shorts/CDwr2M1YUqg
2026-07-16,2026-07-16T13:50:07Z,aQqDXNi1oMo,"""Decide, then act"" — Epictetus | Stoicism",15,0,2,https://youtube.com/shorts/aQqDXNi1oMo
2026-07-16,2026-07-16T09:29:26Z,UJvuUh_-8p8,"""The 24-hour honesty test"" — Musonius Rufus | Stoicism",21,1,2,https://youtube.com/shorts/UJvuUh_-8p8
2026-07-16,2026-07-16T05:23:31Z,16byegZ-7ug,"""Rule 9: Name the fear"" — Seneca | Stoicism",257,4,2,https://youtube.com/shorts/16byegZ-7ug
2026-07-16,2026-07-15T16:34:57Z,whTirDiit2E,"""POV: You just got passed over again"" — Zeno of Citium | Stoicism",57,0,2,https://youtube.com/shorts/whTirDiit2E
2026-07-16,2026-07-15T13:46:35Z,CmixQ4F7Tx4,"""He ruled Rome from a war tent"" — Marcus Aurelius | Stoicism",45,2,2,https://youtube.com/shorts/CmixQ4F7Tx4
2026-07-16,2026-07-15T09:20:32Z,D3V1bO2Bnns,"""Nobody made you angry"" — Epictetus | Stoicism",274,3,2,https://youtube.com/shorts/D3V1bO2Bnns
2026-07-16,2026-07-15T05:20:25Z,Jpa-8IhmsgE,"""Let it be"" — Musonius Rufus | Stoicism",180,6,2,https://youtube.com/shorts/Jpa-8IhmsgE
2026-07-16,2026-07-15T01:57:19Z,UWhKhyad4w8,"""Set it down"" — Seneca | Stoicism",126,2,3,https://youtube.com/shorts/UWhKhyad4w8
2026-07-16,2026-07-15T01:12:54Z,EsgvRkZsB-o,"""Your part ends someday"" — Zeno of Citium | Stoicism",200,8,3,https://youtube.com/shorts/EsgvRkZsB-o
2026-07-16,2026-07-14T23:02:40Z,L4fASbEONtg,"""Do the work now"" — Marcus Aurelius | Stoicism",125,2,2,https://youtube.com/shorts/L4fASbEONtg
2026-07-16,2026-07-14T18:10:35Z,yG9eXSRluro,"""Born a slave. He shaped emperors"" — Epictetus | Stoicism",174,11,2,https://youtube.com/shorts/yG9eXSRluro
2026-07-16,2026-07-14T13:36:45Z,nv_n83Id4Jo,"""Give first"" — Musonius Rufus | Stoicism",116,6,3,https://youtube.com/shorts/nv_n83Id4Jo
2026-07-16,2026-07-14T09:15:18Z,eWgxH4SzSaU,"""The threat that never came"" — Seneca | Stoicism",353,8,2,https://youtube.com/shorts/eWgxH4SzSaU
2026-07-16,2026-07-16T18:08:47Z,z3XKngtU2lI,"""Founder of Stoicism. His last day"" — Zeno of Citium | Stoicism",5,0,2,https://youtube.com/shorts/z3XKngtU2lI
2026-07-16,2026-07-16T16:23:56Z,CDwr2M1YUqg,"""Let it break on you"" — Marcus Aurelius | Stoicism",9,0,2,https://youtube.com/shorts/CDwr2M1YUqg
2026-07-16,2026-07-16T13:50:07Z,aQqDXNi1oMo,"""Decide, then act"" — Epictetus | Stoicism",15,0,2,https://youtube.com/shorts/aQqDXNi1oMo
2026-07-16,2026-07-16T09:29:26Z,UJvuUh_-8p8,"""The 24-hour honesty test"" — Musonius Rufus | Stoicism",21,1,2,https://youtube.com/shorts/UJvuUh_-8p8
2026-07-16,2026-07-16T05:23:31Z,16byegZ-7ug,"""Rule 9: Name the fear"" — Seneca | Stoicism",316,5,2,https://youtube.com/shorts/16byegZ-7ug
2026-07-16,2026-07-15T16:34:57Z,whTirDiit2E,"""POV: You just got passed over again"" — Zeno of Citium | Stoicism",57,0,2,https://youtube.com/shorts/whTirDiit2E
2026-07-16,2026-07-15T13:46:35Z,CmixQ4F7Tx4,"""He ruled Rome from a war tent"" — Marcus Aurelius | Stoicism",47,2,2,https://youtube.com/shorts/CmixQ4F7Tx4
2026-07-16,2026-07-15T09:20:32Z,D3V1bO2Bnns,"""Nobody made you angry"" — Epictetus | Stoicism",274,3,2,https://youtube.com/shorts/D3V1bO2Bnns
2026-07-16,2026-07-15T05:20:25Z,Jpa-8IhmsgE,"""Let it be"" — Musonius Rufus | Stoicism",183,6,2,https://youtube.com/shorts/Jpa-8IhmsgE
2026-07-16,2026-07-15T01:57:19Z,UWhKhyad4w8,"""Set it down"" — Seneca | Stoicism",123,2,3,https://youtube.com/shorts/UWhKhyad4w8
2026-07-16,2026-07-15T01:12:54Z,EsgvRkZsB-o,"""Your part ends someday"" — Zeno of Citium | Stoicism",200,8,3,https://youtube.com/shorts/EsgvRkZsB-o
2026-07-16,2026-07-14T23:02:40Z,L4fASbEONtg,"""Do the work now"" — Marcus Aurelius | Stoicism",125,2,2,https://youtube.com/shorts/L4fASbEONtg
2026-07-16,2026-07-14T18:10:35Z,yG9eXSRluro,"""Born a slave. He shaped emperors"" — Epictetus | Stoicism",174,11,2,https://youtube.com/shorts/yG9eXSRluro
2026-07-16,2026-07-14T13:36:45Z,nv_n83Id4Jo,"""Give first"" — Musonius Rufus | Stoicism",116,6,3,https://youtube.com/shorts/nv_n83Id4Jo
2026-07-16,2026-07-14T09:15:18Z,eWgxH4SzSaU,"""The threat that never came"" — Seneca | Stoicism",353,8,2,https://youtube.com/shorts/eWgxH4SzSaU
2026-07-16,2026-07-16T23:16:10Z,LXdnsXkSqrY,"""POV: You just refreshed your own post"" — Seneca | Stoicism",0,0,2,https://youtube.com/shorts/LXdnsXkSqrY
2026-07-16,2026-07-16T18:08:47Z,z3XKngtU2lI,"""Founder of Stoicism. His last day"" — Zeno of Citium | Stoicism",25,2,2,https://youtube.com/shorts/z3XKngtU2lI
2026-07-16,2026-07-16T16:23:56Z,CDwr2M1YUqg,"""Let it break on you"" — Marcus Aurelius | Stoicism",28,1,2,https://youtube.com/shorts/CDwr2M1YUqg
2026-07-16,2026-07-16T13:50:07Z,aQqDXNi1oMo,"""Decide, then act"" — Epictetus | Stoicism",17,0,2,https://youtube.com/shorts/aQqDXNi1oMo
2026-07-16,2026-07-16T09:29:26Z,UJvuUh_-8p8,"""The 24-hour honesty test"" — Musonius Rufus | Stoicism",34,2,2,https://youtube.com/shorts/UJvuUh_-8p8
2026-07-16,2026-07-16T05:23:31Z,16byegZ-7ug,"""Rule 9: Name the fear"" — Seneca | Stoicism",436,5,2,https://youtube.com/shorts/16byegZ-7ug
2026-07-16,2026-07-15T16:34:57Z,whTirDiit2E,"""POV: You just got passed over again"" — Zeno of Citium | Stoicism",59,0,2,https://youtube.com/shorts/whTirDiit2E
2026-07-16,2026-07-15T13:46:35Z,CmixQ4F7Tx4,"""He ruled Rome from a war tent"" — Marcus Aurelius | Stoicism",49,3,2,https://youtube.com/shorts/CmixQ4F7Tx4
2026-07-16,2026-07-15T09:20:32Z,D3V1bO2Bnns,"""Nobody made you angry"" — Epictetus | Stoicism",281,3,2,https://youtube.com/shorts/D3V1bO2Bnns
2026-07-16,2026-07-15T05:20:25Z,Jpa-8IhmsgE,"""Let it be"" — Musonius Rufus | Stoicism",185,7,2,https://youtube.com/shorts/Jpa-8IhmsgE
2026-07-16,2026-07-15T01:57:19Z,UWhKhyad4w8,"""Set it down"" — Seneca | Stoicism",123,3,3,https://youtube.com/shorts/UWhKhyad4w8
2026-07-16,2026-07-15T01:12:54Z,EsgvRkZsB-o,"""Your part ends someday"" — Zeno of Citium | Stoicism",205,8,3,https://youtube.com/shorts/EsgvRkZsB-o
2026-07-16,2026-07-14T23:02:40Z,L4fASbEONtg,"""Do the work now"" — Marcus Aurelius | Stoicism",127,2,2,https://youtube.com/shorts/L4fASbEONtg
2026-07-16,2026-07-14T18:10:35Z,yG9eXSRluro,"""Born a slave. He shaped emperors"" — Epictetus | Stoicism",181,11,2,https://youtube.com/shorts/yG9eXSRluro
2026-07-16,2026-07-14T13:36:45Z,nv_n83Id4Jo,"""Give first"" — Musonius Rufus | Stoicism",116,6,3,https://youtube.com/shorts/nv_n83Id4Jo
2026-07-16,2026-07-16T23:16:39Z,LXdnsXkSqrY,"""POV: You just refreshed your own post"" — Seneca | Stoicism",13,0,2,https://youtube.com/shorts/LXdnsXkSqrY
2026-07-16,2026-07-16T18:08:47Z,z3XKngtU2lI,"""Founder of Stoicism. His last day"" — Zeno of Citium | Stoicism",27,3,2,https://youtube.com/shorts/z3XKngtU2lI
2026-07-16,2026-07-16T16:23:56Z,CDwr2M1YUqg,"""Let it break on you"" — Marcus Aurelius | Stoicism",33,2,2,https://youtube.com/shorts/CDwr2M1YUqg
2026-07-16,2026-07-16T13:50:07Z,aQqDXNi1oMo,"""Decide, then act"" — Epictetus | Stoicism",19,0,2,https://youtube.com/shorts/aQqDXNi1oMo
2026-07-16,2026-07-16T09:29:26Z,UJvuUh_-8p8,"""The 24-hour honesty test"" — Musonius Rufus | Stoicism",34,2,2,https://youtube.com/shorts/UJvuUh_-8p8
2026-07-16,2026-07-16T05:23:31Z,16byegZ-7ug,"""Rule 9: Name the fear"" — Seneca | Stoicism",445,5,2,https://youtube.com/shorts/16byegZ-7ug
2026-07-16,2026-07-15T16:34:57Z,whTirDiit2E,"""POV: You just got passed over again"" — Zeno of Citium | Stoicism",62,0,2,https://youtube.com/shorts/whTirDiit2E
2026-07-16,2026-07-15T13:46:35Z,CmixQ4F7Tx4,"""He ruled Rome from a war tent"" — Marcus Aurelius | Stoicism",49,3,2,https://youtube.com/shorts/CmixQ4F7Tx4
2026-07-16,2026-07-15T09:20:32Z,D3V1bO2Bnns,"""Nobody made you angry"" — Epictetus | Stoicism",278,3,2,https://youtube.com/shorts/D3V1bO2Bnns
2026-07-16,2026-07-15T05:20:25Z,Jpa-8IhmsgE,"""Let it be"" — Musonius Rufus | Stoicism",185,7,2,https://youtube.com/shorts/Jpa-8IhmsgE
2026-07-16,2026-07-15T01:57:19Z,UWhKhyad4w8,"""Set it down"" — Seneca | Stoicism",123,3,3,https://youtube.com/shorts/UWhKhyad4w8
2026-07-16,2026-07-15T01:12:54Z,EsgvRkZsB-o,"""Your part ends someday"" — Zeno of Citium | Stoicism",205,8,3,https://youtube.com/shorts/EsgvRkZsB-o
2026-07-16,2026-07-14T23:02:40Z,L4fASbEONtg,"""Do the work now"" — Marcus Aurelius | Stoicism",127,2,2,https://youtube.com/shorts/L4fASbEONtg
2026-07-16,2026-07-14T18:10:35Z,yG9eXSRluro,"""Born a slave. He shaped emperors"" — Epictetus | Stoicism",181,11,2,https://youtube.com/shorts/yG9eXSRluro
2026-07-16,2026-07-14T13:36:45Z,nv_n83Id4Jo,"""Give first"" — Musonius Rufus | Stoicism",116,6,3,https://youtube.com/shorts/nv_n83Id4Jo
2026-07-17,2026-07-16T23:16:39Z,LXdnsXkSqrY,"""POV: You just refreshed your own post"" — Seneca | Stoicism",37,0,2,https://youtube.com/shorts/LXdnsXkSqrY
2026-07-17,2026-07-16T18:08:47Z,z3XKngtU2lI,"""Founder of Stoicism. His last day"" — Zeno of Citium | Stoicism",44,1,2,https://youtube.com/shorts/z3XKngtU2lI
2026-07-17,2026-07-16T16:23:56Z,CDwr2M1YUqg,"""Let it break on you"" — Marcus Aurelius | Stoicism",42,1,2,https://youtube.com/shorts/CDwr2M1YUqg
2026-07-17,2026-07-16T13:50:07Z,aQqDXNi1oMo,"""Decide, then act"" — Epictetus | Stoicism",25,0,2,https://youtube.com/shorts/aQqDXNi1oMo
2026-07-17,2026-07-16T09:29:26Z,UJvuUh_-8p8,"""The 24-hour honesty test"" — Musonius Rufus | Stoicism",42,1,2,https://youtube.com/shorts/UJvuUh_-8p8
2026-07-17,2026-07-16T05:23:31Z,16byegZ-7ug,"""Rule 9: Name the fear"" — Seneca | Stoicism",555,6,2,https://youtube.com/shorts/16byegZ-7ug
2026-07-17,2026-07-15T16:34:57Z,whTirDiit2E,"""POV: You just got passed over again"" — Zeno of Citium | Stoicism",65,0,2,https://youtube.com/shorts/whTirDiit2E
2026-07-17,2026-07-15T13:46:35Z,CmixQ4F7Tx4,"""He ruled Rome from a war tent"" — Marcus Aurelius | Stoicism",56,2,2,https://youtube.com/shorts/CmixQ4F7Tx4
2026-07-17,2026-07-15T09:20:32Z,D3V1bO2Bnns,"""Nobody made you angry"" — Epictetus | Stoicism",284,3,2,https://youtube.com/shorts/D3V1bO2Bnns
2026-07-17,2026-07-15T05:20:25Z,Jpa-8IhmsgE,"""Let it be"" — Musonius Rufus | Stoicism",189,6,2,https://youtube.com/shorts/Jpa-8IhmsgE
2026-07-17,2026-07-15T01:57:19Z,UWhKhyad4w8,"""Set it down"" — Seneca | Stoicism",125,2,3,https://youtube.com/shorts/UWhKhyad4w8
2026-07-17,2026-07-15T01:12:54Z,EsgvRkZsB-o,"""Your part ends someday"" — Zeno of Citium | Stoicism",209,8,3,https://youtube.com/shorts/EsgvRkZsB-o
2026-07-17,2026-07-14T23:02:40Z,L4fASbEONtg,"""Do the work now"" — Marcus Aurelius | Stoicism",127,2,2,https://youtube.com/shorts/L4fASbEONtg
2026-07-17,2026-07-14T18:10:35Z,yG9eXSRluro,"""Born a slave. He shaped emperors"" — Epictetus | Stoicism",181,11,2,https://youtube.com/shorts/yG9eXSRluro
2026-07-17,2026-07-14T13:36:45Z,nv_n83Id4Jo,"""Give first"" — Musonius Rufus | Stoicism",117,6,3,https://youtube.com/shorts/nv_n83Id4Jo
2026-07-17,2026-07-17T09:33:36Z,bSY_1nAqkCQ,"""The 24-hour no-flare test"" — Epictetus | Stoicism",0,0,2,https://youtube.com/shorts/bSY_1nAqkCQ
2026-07-17,2026-07-17T05:26:56Z,izZTG7wjApc,"""Rule 9: Want nothing you can't command"" — Musonius Rufus | Stoicism",15,0,2,https://youtube.com/shorts/izZTG7wjApc
2026-07-17,2026-07-16T23:16:39Z,LXdnsXkSqrY,"""POV: You just refreshed your own post"" — Seneca | Stoicism",63,1,2,https://youtube.com/shorts/LXdnsXkSqrY
2026-07-17,2026-07-16T18:08:47Z,z3XKngtU2lI,"""Founder of Stoicism. His last day"" — Zeno of Citium | Stoicism",67,1,2,https://youtube.com/shorts/z3XKngtU2lI
2026-07-17,2026-07-16T16:23:56Z,CDwr2M1YUqg,"""Let it break on you"" — Marcus Aurelius | Stoicism",58,1,2,https://youtube.com/shorts/CDwr2M1YUqg
2026-07-17,2026-07-16T13:50:07Z,aQqDXNi1oMo,"""Decide, then act"" — Epictetus | Stoicism",35,1,2,https://youtube.com/shorts/aQqDXNi1oMo
2026-07-17,2026-07-16T09:29:26Z,UJvuUh_-8p8,"""The 24-hour honesty test"" — Musonius Rufus | Stoicism",53,1,2,https://youtube.com/shorts/UJvuUh_-8p8
2026-07-17,2026-07-16T05:23:31Z,16byegZ-7ug,"""Rule 9: Name the fear"" — Seneca | Stoicism",630,7,2,https://youtube.com/shorts/16byegZ-7ug
2026-07-17,2026-07-15T16:34:57Z,whTirDiit2E,"""POV: You just got passed over again"" — Zeno of Citium | Stoicism",66,0,2,https://youtube.com/shorts/whTirDiit2E
2026-07-17,2026-07-15T13:46:35Z,CmixQ4F7Tx4,"""He ruled Rome from a war tent"" — Marcus Aurelius | Stoicism",58,2,2,https://youtube.com/shorts/CmixQ4F7Tx4
2026-07-17,2026-07-15T09:20:32Z,D3V1bO2Bnns,"""Nobody made you angry"" — Epictetus | Stoicism",285,3,2,https://youtube.com/shorts/D3V1bO2Bnns
2026-07-17,2026-07-15T05:20:25Z,Jpa-8IhmsgE,"""Let it be"" — Musonius Rufus | Stoicism",189,6,2,https://youtube.com/shorts/Jpa-8IhmsgE
2026-07-17,2026-07-15T01:57:19Z,UWhKhyad4w8,"""Set it down"" — Seneca | Stoicism",125,2,3,https://youtube.com/shorts/UWhKhyad4w8
2026-07-17,2026-07-15T01:12:54Z,EsgvRkZsB-o,"""Your part ends someday"" — Zeno of Citium | Stoicism",209,8,3,https://youtube.com/shorts/EsgvRkZsB-o
2026-07-17,2026-07-14T23:02:40Z,L4fASbEONtg,"""Do the work now"" — Marcus Aurelius | Stoicism",127,2,2,https://youtube.com/shorts/L4fASbEONtg
2026-07-17,2026-07-17T09:34:06Z,bSY_1nAqkCQ,"""The 24-hour no-flare test"" — Epictetus | Stoicism",7,0,2,https://youtube.com/shorts/bSY_1nAqkCQ
2026-07-17,2026-07-17T05:26:56Z,izZTG7wjApc,"""Rule 9: Want nothing you can't command"" — Musonius Rufus | Stoicism",24,3,2,https://youtube.com/shorts/izZTG7wjApc
2026-07-17,2026-07-16T23:16:39Z,LXdnsXkSqrY,"""POV: You just refreshed your own post"" — Seneca | Stoicism",66,1,2,https://youtube.com/shorts/LXdnsXkSqrY
2026-07-17,2026-07-16T18:08:47Z,z3XKngtU2lI,"""Founder of Stoicism. His last day"" — Zeno of Citium | Stoicism",74,2,2,https://youtube.com/shorts/z3XKngtU2lI
2026-07-17,2026-07-16T16:23:56Z,CDwr2M1YUqg,"""Let it break on you"" — Marcus Aurelius | Stoicism",77,1,2,https://youtube.com/shorts/CDwr2M1YUqg
2026-07-17,2026-07-16T13:50:07Z,aQqDXNi1oMo,"""Decide, then act"" — Epictetus | Stoicism",43,1,2,https://youtube.com/shorts/aQqDXNi1oMo
2026-07-17,2026-07-16T09:29:26Z,UJvuUh_-8p8,"""The 24-hour honesty test"" — Musonius Rufus | Stoicism",55,1,2,https://youtube.com/shorts/UJvuUh_-8p8
2026-07-17,2026-07-16T05:23:31Z,16byegZ-7ug,"""Rule 9: Name the fear"" — Seneca | Stoicism",630,8,2,https://youtube.com/shorts/16byegZ-7ug
2026-07-17,2026-07-15T16:34:57Z,whTirDiit2E,"""POV: You just got passed over again"" — Zeno of Citium | Stoicism",66,0,2,https://youtube.com/shorts/whTirDiit2E
2026-07-17,2026-07-15T13:46:35Z,CmixQ4F7Tx4,"""He ruled Rome from a war tent"" — Marcus Aurelius | Stoicism",61,2,2,https://youtube.com/shorts/CmixQ4F7Tx4
2026-07-17,2026-07-15T09:20:32Z,D3V1bO2Bnns,"""Nobody made you angry"" — Epictetus | Stoicism",290,3,2,https://youtube.com/shorts/D3V1bO2Bnns
2026-07-17,2026-07-15T05:20:25Z,Jpa-8IhmsgE,"""Let it be"" — Musonius Rufus | Stoicism",189,6,2,https://youtube.com/shorts/Jpa-8IhmsgE
2026-07-17,2026-07-15T01:57:19Z,UWhKhyad4w8,"""Set it down"" — Seneca | Stoicism",125,2,3,https://youtube.com/shorts/UWhKhyad4w8
2026-07-17,2026-07-15T01:12:54Z,EsgvRkZsB-o,"""Your part ends someday"" — Zeno of Citium | Stoicism",209,8,3,https://youtube.com/shorts/EsgvRkZsB-o
2026-07-17,2026-07-14T23:02:40Z,L4fASbEONtg,"""Do the work now"" — Marcus Aurelius | Stoicism",127,2,2,https://youtube.com/shorts/L4fASbEONtg
2026-07-17,2026-07-17T16:24:45Z,fST-2ee7zOI,"""Nothing outside can reach it"" — Zeno of Citium | Stoicism",0,0,2,https://youtube.com/shorts/fST-2ee7zOI
2026-07-17,2026-07-17T13:30:34Z,utFtZdNMqvk,"""Look inward"" — Marcus Aurelius | Stoicism",31,0,2,https://youtube.com/shorts/utFtZdNMqvk
2026-07-17,2026-07-17T09:34:06Z,bSY_1nAqkCQ,"""The 24-hour no-flare test"" — Epictetus | Stoicism",7,0,2,https://youtube.com/shorts/bSY_1nAqkCQ
2026-07-17,2026-07-17T05:26:56Z,izZTG7wjApc,"""Rule 9: Want nothing you can't command"" — Musonius Rufus | Stoicism",58,4,2,https://youtube.com/shorts/izZTG7wjApc
2026-07-17,2026-07-16T23:16:39Z,LXdnsXkSqrY,"""POV: You just refreshed your own post"" — Seneca | Stoicism",80,1,2,https://youtube.com/shorts/LXdnsXkSqrY
2026-07-17,2026-07-16T18:08:47Z,z3XKngtU2lI,"""Founder of Stoicism. His last day"" — Zeno of Citium | Stoicism",85,2,2,https://youtube.com/shorts/z3XKngtU2lI
2026-07-17,2026-07-16T16:23:56Z,CDwr2M1YUqg,"""Let it break on you"" — Marcus Aurelius | Stoicism",86,1,2,https://youtube.com/shorts/CDwr2M1YUqg
2026-07-17,2026-07-16T13:50:07Z,aQqDXNi1oMo,"""Decide, then act"" — Epictetus | Stoicism",43,1,2,https://youtube.com/shorts/aQqDXNi1oMo
2026-07-17,2026-07-16T09:29:26Z,UJvuUh_-8p8,"""The 24-hour honesty test"" — Musonius Rufus | Stoicism",59,1,2,https://youtube.com/shorts/UJvuUh_-8p8
2026-07-17,2026-07-16T05:23:31Z,16byegZ-7ug,"""Rule 9: Name the fear"" — Seneca | Stoicism",632,8,2,https://youtube.com/shorts/16byegZ-7ug
2026-07-17,2026-07-15T16:34:57Z,whTirDiit2E,"""POV: You just got passed over again"" — Zeno of Citium | Stoicism",68,0,2,https://youtube.com/shorts/whTirDiit2E
2026-07-17,2026-07-15T13:46:35Z,CmixQ4F7Tx4,"""He ruled Rome from a war tent"" — Marcus Aurelius | Stoicism",61,2,2,https://youtube.com/shorts/CmixQ4F7Tx4
2026-07-17,2026-07-15T09:20:32Z,D3V1bO2Bnns,"""Nobody made you angry"" — Epictetus | Stoicism",290,3,2,https://youtube.com/shorts/D3V1bO2Bnns
2026-07-17,2026-07-15T05:20:25Z,Jpa-8IhmsgE,"""Let it be"" — Musonius Rufus | Stoicism",189,6,2,https://youtube.com/shorts/Jpa-8IhmsgE
2026-07-17,2026-07-15T01:57:19Z,UWhKhyad4w8,"""Set it down"" — Seneca | Stoicism",125,2,3,https://youtube.com/shorts/UWhKhyad4w8
2026-07-17,2026-07-17T18:11:13Z,oRrUNukpLRM,"""Nero handed him a death sentence"" — Seneca | Stoicism",0,0,2,https://youtube.com/shorts/oRrUNukpLRM
2026-07-17,2026-07-17T16:25:13Z,fST-2ee7zOI,"""Nothing outside can reach it"" — Zeno of Citium | Stoicism",15,0,2,https://youtube.com/shorts/fST-2ee7zOI
2026-07-17,2026-07-17T13:30:34Z,utFtZdNMqvk,"""Look inward"" — Marcus Aurelius | Stoicism",33,0,2,https://youtube.com/shorts/utFtZdNMqvk
2026-07-17,2026-07-17T09:34:06Z,bSY_1nAqkCQ,"""The 24-hour no-flare test"" — Epictetus | Stoicism",15,1,2,https://youtube.com/shorts/bSY_1nAqkCQ
2026-07-17,2026-07-17T05:26:56Z,izZTG7wjApc,"""Rule 9: Want nothing you can't command"" — Musonius Rufus | Stoicism",124,5,2,https://youtube.com/shorts/izZTG7wjApc
2026-07-17,2026-07-16T23:16:39Z,LXdnsXkSqrY,"""POV: You just refreshed your own post"" — Seneca | Stoicism",84,1,2,https://youtube.com/shorts/LXdnsXkSqrY
2026-07-17,2026-07-16T18:08:47Z,z3XKngtU2lI,"""Founder of Stoicism. His last day"" — Zeno of Citium | Stoicism",85,2,2,https://youtube.com/shorts/z3XKngtU2lI
2026-07-17,2026-07-16T16:23:56Z,CDwr2M1YUqg,"""Let it break on you"" — Marcus Aurelius | Stoicism",97,1,2,https://youtube.com/shorts/CDwr2M1YUqg
2026-07-17,2026-07-16T13:50:07Z,aQqDXNi1oMo,"""Decide, then act"" — Epictetus | Stoicism",52,1,2,https://youtube.com/shorts/aQqDXNi1oMo
2026-07-17,2026-07-16T09:29:26Z,UJvuUh_-8p8,"""The 24-hour honesty test"" — Musonius Rufus | Stoicism",58,1,2,https://youtube.com/shorts/UJvuUh_-8p8
2026-07-17,2026-07-16T05:23:31Z,16byegZ-7ug,"""Rule 9: Name the fear"" — Seneca | Stoicism",632,8,2,https://youtube.com/shorts/16byegZ-7ug
2026-07-17,2026-07-15T16:34:57Z,whTirDiit2E,"""POV: You just got passed over again"" — Zeno of Citium | Stoicism",68,0,2,https://youtube.com/shorts/whTirDiit2E
2026-07-17,2026-07-15T13:46:35Z,CmixQ4F7Tx4,"""He ruled Rome from a war tent"" — Marcus Aurelius | Stoicism",61,2,2,https://youtube.com/shorts/CmixQ4F7Tx4
2026-07-17,2026-07-15T09:20:32Z,D3V1bO2Bnns,"""Nobody made you angry"" — Epictetus | Stoicism",289,3,2,https://youtube.com/shorts/D3V1bO2Bnns
2026-07-17,2026-07-15T05:20:25Z,Jpa-8IhmsgE,"""Let it be"" — Musonius Rufus | Stoicism",189,6,2,https://youtube.com/shorts/Jpa-8IhmsgE
2026-07-17,2026-07-17T18:11:36Z,oRrUNukpLRM,"""Nero handed him a death sentence"" — Seneca | Stoicism",6,0,2,https://youtube.com/shorts/oRrUNukpLRM
2026-07-17,2026-07-17T16:25:13Z,fST-2ee7zOI,"""Nothing outside can reach it"" — Zeno of Citium | Stoicism",15,0,2,https://youtube.com/shorts/fST-2ee7zOI
2026-07-17,2026-07-17T13:30:34Z,utFtZdNMqvk,"""Look inward"" — Marcus Aurelius | Stoicism",38,0,2,https://youtube.com/shorts/utFtZdNMqvk
2026-07-17,2026-07-17T09:34:06Z,bSY_1nAqkCQ,"""The 24-hour no-flare test"" — Epictetus | Stoicism",15,1,2,https://youtube.com/shorts/bSY_1nAqkCQ
2026-07-17,2026-07-17T05:26:56Z,izZTG7wjApc,"""Rule 9: Want nothing you can't command"" — Musonius Rufus | Stoicism",164,8,2,https://youtube.com/shorts/izZTG7wjApc
2026-07-17,2026-07-16T23:16:39Z,LXdnsXkSqrY,"""POV: You just refreshed your own post"" — Seneca | Stoicism",85,1,2,https://youtube.com/shorts/LXdnsXkSqrY
2026-07-17,2026-07-16T18:08:47Z,z3XKngtU2lI,"""Founder of Stoicism. His last day"" — Zeno of Citium | Stoicism",91,2,2,https://youtube.com/shorts/z3XKngtU2lI
2026-07-17,2026-07-16T16:23:56Z,CDwr2M1YUqg,"""Let it break on you"" — Marcus Aurelius | Stoicism",101,1,2,https://youtube.com/shorts/CDwr2M1YUqg
2026-07-17,2026-07-16T13:50:07Z,aQqDXNi1oMo,"""Decide, then act"" — Epictetus | Stoicism",51,1,2,https://youtube.com/shorts/aQqDXNi1oMo
2026-07-17,2026-07-16T09:29:26Z,UJvuUh_-8p8,"""The 24-hour honesty test"" — Musonius Rufus | Stoicism",59,1,2,https://youtube.com/shorts/UJvuUh_-8p8
2026-07-17,2026-07-16T05:23:31Z,16byegZ-7ug,"""Rule 9: Name the fear"" — Seneca | Stoicism",631,8,2,https://youtube.com/shorts/16byegZ-7ug
2026-07-17,2026-07-15T16:34:57Z,whTirDiit2E,"""POV: You just got passed over again"" — Zeno of Citium | Stoicism",68,0,2,https://youtube.com/shorts/whTirDiit2E
2026-07-17,2026-07-15T13:46:35Z,CmixQ4F7Tx4,"""He ruled Rome from a war tent"" — Marcus Aurelius | Stoicism",61,2,2,https://youtube.com/shorts/CmixQ4F7Tx4
2026-07-17,2026-07-15T09:20:32Z,D3V1bO2Bnns,"""Nobody made you angry"" — Epictetus | Stoicism",289,3,2,https://youtube.com/shorts/D3V1bO2Bnns
2026-07-17,2026-07-15T05:20:25Z,Jpa-8IhmsgE,"""Let it be"" — Musonius Rufus | Stoicism",189,6,2,https://youtube.com/shorts/Jpa-8IhmsgE
2026-07-17,2026-07-17T23:02:23Z,66Mi-VGpBzg,"""POV: You almost lied to keep him"" — Musonius Rufus | Stoicism",0,0,2,https://youtube.com/shorts/66Mi-VGpBzg
2026-07-17,2026-07-17T18:11:36Z,oRrUNukpLRM,"""Nero handed him a death sentence"" — Seneca | Stoicism",8,0,2,https://youtube.com/shorts/oRrUNukpLRM
2026-07-17,2026-07-17T16:25:13Z,fST-2ee7zOI,"""Nothing outside can reach it"" — Zeno of Citium | Stoicism",19,0,2,https://youtube.com/shorts/fST-2ee7zOI
2026-07-17,2026-07-17T13:30:34Z,utFtZdNMqvk,"""Look inward"" — Marcus Aurelius | Stoicism",52,1,2,https://youtube.com/shorts/utFtZdNMqvk
2026-07-17,2026-07-17T09:34:06Z,bSY_1nAqkCQ,"""The 24-hour no-flare test"" — Epictetus | Stoicism",18,1,2,https://youtube.com/shorts/bSY_1nAqkCQ
2026-07-17,2026-07-17T05:26:56Z,izZTG7wjApc,"""Rule 9: Want nothing you can't command"" — Musonius Rufus | Stoicism",215,11,2,https://youtube.com/shorts/izZTG7wjApc
2026-07-17,2026-07-16T23:16:39Z,LXdnsXkSqrY,"""POV: You just refreshed your own post"" — Seneca | Stoicism",90,1,2,https://youtube.com/shorts/LXdnsXkSqrY
2026-07-17,2026-07-16T18:08:47Z,z3XKngtU2lI,"""Founder of Stoicism. His last day"" — Zeno of Citium | Stoicism",92,2,2,https://youtube.com/shorts/z3XKngtU2lI
2026-07-17,2026-07-16T16:23:56Z,CDwr2M1YUqg,"""Let it break on you"" — Marcus Aurelius | Stoicism",115,1,2,https://youtube.com/shorts/CDwr2M1YUqg
2026-07-17,2026-07-16T13:50:07Z,aQqDXNi1oMo,"""Decide, then act"" — Epictetus | Stoicism",53,1,2,https://youtube.com/shorts/aQqDXNi1oMo
2026-07-17,2026-07-16T09:29:26Z,UJvuUh_-8p8,"""The 24-hour honesty test"" — Musonius Rufus | Stoicism",59,1,2,https://youtube.com/shorts/UJvuUh_-8p8
2026-07-17,2026-07-16T05:23:31Z,16byegZ-7ug,"""Rule 9: Name the fear"" — Seneca | Stoicism",631,8,2,https://youtube.com/shorts/16byegZ-7ug
2026-07-17,2026-07-15T16:34:57Z,whTirDiit2E,"""POV: You just got passed over again"" — Zeno of Citium | Stoicism",68,0,2,https://youtube.com/shorts/whTirDiit2E
2026-07-17,2026-07-15T13:46:35Z,CmixQ4F7Tx4,"""He ruled Rome from a war tent"" — Marcus Aurelius | Stoicism",61,2,2,https://youtube.com/shorts/CmixQ4F7Tx4
2026-07-17,2026-07-15T09:20:32Z,D3V1bO2Bnns,"""Nobody made you angry"" — Epictetus | Stoicism",289,3,2,https://youtube.com/shorts/D3V1bO2Bnns
2026-07-18,2026-07-18T05:00:28Z,lZtc5TJ9Hcg,"""Rule 9: Keep your word like it's law"" — Epictetus | Stoicism",0,0,2,https://youtube.com/shorts/lZtc5TJ9Hcg
2026-07-18,2026-07-17T23:02:23Z,66Mi-VGpBzg,"""POV: You almost lied to keep him"" — Musonius Rufus | Stoicism",20,0,2,https://youtube.com/shorts/66Mi-VGpBzg
2026-07-18,2026-07-17T18:11:36Z,oRrUNukpLRM,"""Nero handed him a death sentence"" — Seneca | Stoicism",32,0,2,https://youtube.com/shorts/oRrUNukpLRM
2026-07-18,2026-07-17T16:25:13Z,fST-2ee7zOI,"""Nothing outside can reach it"" — Zeno of Citium | Stoicism",35,0,2,https://youtube.com/shorts/fST-2ee7zOI
2026-07-18,2026-07-17T13:30:34Z,utFtZdNMqvk,"""Look inward"" — Marcus Aurelius | Stoicism",67,1,2,https://youtube.com/shorts/utFtZdNMqvk
2026-07-18,2026-07-17T09:34:06Z,bSY_1nAqkCQ,"""The 24-hour no-flare test"" — Epictetus | Stoicism",28,1,2,https://youtube.com/shorts/bSY_1nAqkCQ
2026-07-18,2026-07-17T05:26:56Z,izZTG7wjApc,"""Rule 9: Want nothing you can't command"" — Musonius Rufus | Stoicism",308,13,2,https://youtube.com/shorts/izZTG7wjApc
2026-07-18,2026-07-16T23:16:39Z,LXdnsXkSqrY,"""POV: You just refreshed your own post"" — Seneca | Stoicism",91,1,2,https://youtube.com/shorts/LXdnsXkSqrY
2026-07-18,2026-07-16T18:08:47Z,z3XKngtU2lI,"""Founder of Stoicism. His last day"" — Zeno of Citium | Stoicism",101,2,2,https://youtube.com/shorts/z3XKngtU2lI
2026-07-18,2026-07-16T16:23:56Z,CDwr2M1YUqg,"""Let it break on you"" — Marcus Aurelius | Stoicism",124,1,2,https://youtube.com/shorts/CDwr2M1YUqg
2026-07-18,2026-07-16T13:50:07Z,aQqDXNi1oMo,"""Decide, then act"" — Epictetus | Stoicism",60,1,2,https://youtube.com/shorts/aQqDXNi1oMo
2026-07-18,2026-07-16T09:29:26Z,UJvuUh_-8p8,"""The 24-hour honesty test"" — Musonius Rufus | Stoicism",60,1,2,https://youtube.com/shorts/UJvuUh_-8p8
2026-07-18,2026-07-16T05:23:31Z,16byegZ-7ug,"""Rule 9: Name the fear"" — Seneca | Stoicism",633,10,2,https://youtube.com/shorts/16byegZ-7ug
2026-07-18,2026-07-15T16:34:57Z,whTirDiit2E,"""POV: You just got passed over again"" — Zeno of Citium | Stoicism",69,0,2,https://youtube.com/shorts/whTirDiit2E
2026-07-18,2026-07-15T13:46:35Z,CmixQ4F7Tx4,"""He ruled Rome from a war tent"" — Marcus Aurelius | Stoicism",62,2,2,https://youtube.com/shorts/CmixQ4F7Tx4
2026-07-18,2026-07-18T09:00:03Z,BtNogrVRUlw,"""Stop rehearsing. Start living"" — Marcus Aurelius | Stoicism",0,0,2,https://youtube.com/shorts/BtNogrVRUlw
2026-07-18,2026-07-18T05:00:28Z,lZtc5TJ9Hcg,"""Rule 9: Keep your word like it's law"" — Epictetus | Stoicism",141,3,2,https://youtube.com/shorts/lZtc5TJ9Hcg
2026-07-18,2026-07-17T23:02:23Z,66Mi-VGpBzg,"""POV: You almost lied to keep him"" — Musonius Rufus | Stoicism",33,0,2,https://youtube.com/shorts/66Mi-VGpBzg
2026-07-18,2026-07-17T18:11:36Z,oRrUNukpLRM,"""Nero handed him a death sentence"" — Seneca | Stoicism",41,0,2,https://youtube.com/shorts/oRrUNukpLRM
2026-07-18,2026-07-17T16:25:13Z,fST-2ee7zOI,"""Nothing outside can reach it"" — Zeno of Citium | Stoicism",44,0,2,https://youtube.com/shorts/fST-2ee7zOI
2026-07-18,2026-07-17T13:30:34Z,utFtZdNMqvk,"""Look inward"" — Marcus Aurelius | Stoicism",79,2,2,https://youtube.com/shorts/utFtZdNMqvk
2026-07-18,2026-07-17T09:34:06Z,bSY_1nAqkCQ,"""The 24-hour no-flare test"" — Epictetus | Stoicism",35,1,2,https://youtube.com/shorts/bSY_1nAqkCQ
2026-07-18,2026-07-17T05:26:56Z,izZTG7wjApc,"""Rule 9: Want nothing you can't command"" — Musonius Rufus | Stoicism",373,15,2,https://youtube.com/shorts/izZTG7wjApc
2026-07-18,2026-07-16T23:16:39Z,LXdnsXkSqrY,"""POV: You just refreshed your own post"" — Seneca | Stoicism",91,1,2,https://youtube.com/shorts/LXdnsXkSqrY
2026-07-18,2026-07-16T18:08:47Z,z3XKngtU2lI,"""Founder of Stoicism. His last day"" — Zeno of Citium | Stoicism",102,2,2,https://youtube.com/shorts/z3XKngtU2lI
2026-07-18,2026-07-16T16:23:56Z,CDwr2M1YUqg,"""Let it break on you"" — Marcus Aurelius | Stoicism",124,1,2,https://youtube.com/shorts/CDwr2M1YUqg
2026-07-18,2026-07-16T13:50:07Z,aQqDXNi1oMo,"""Decide, then act"" — Epictetus | Stoicism",60,1,2,https://youtube.com/shorts/aQqDXNi1oMo
2026-07-18,2026-07-16T09:29:26Z,UJvuUh_-8p8,"""The 24-hour honesty test"" — Musonius Rufus | Stoicism",60,1,2,https://youtube.com/shorts/UJvuUh_-8p8
2026-07-18,2026-07-16T05:23:31Z,16byegZ-7ug,"""Rule 9: Name the fear"" — Seneca | Stoicism",634,10,2,https://youtube.com/shorts/16byegZ-7ug
2026-07-18,2026-07-15T16:34:57Z,whTirDiit2E,"""POV: You just got passed over again"" — Zeno of Citium | Stoicism",69,0,2,https://youtube.com/shorts/whTirDiit2E
2026-07-18,2026-07-18T13:13:01Z,MwljWYP8nXk,"""One road"" — Zeno of Citium | Stoicism",0,0,2,https://youtube.com/shorts/MwljWYP8nXk
2026-07-18,2026-07-18T09:00:03Z,BtNogrVRUlw,"""Stop rehearsing. Start living"" — Marcus Aurelius | Stoicism",10,1,2,https://youtube.com/shorts/BtNogrVRUlw
2026-07-18,2026-07-18T05:00:28Z,lZtc5TJ9Hcg,"""Rule 9: Keep your word like it's law"" — Epictetus | Stoicism",193,3,2,https://youtube.com/shorts/lZtc5TJ9Hcg
2026-07-18,2026-07-17T23:02:23Z,66Mi-VGpBzg,"""POV: You almost lied to keep him"" — Musonius Rufus | Stoicism",51,0,2,https://youtube.com/shorts/66Mi-VGpBzg
2026-07-18,2026-07-17T18:11:36Z,oRrUNukpLRM,"""Nero handed him a death sentence"" — Seneca | Stoicism",49,0,2,https://youtube.com/shorts/oRrUNukpLRM
2026-07-18,2026-07-17T16:25:13Z,fST-2ee7zOI,"""Nothing outside can reach it"" — Zeno of Citium | Stoicism",51,0,2,https://youtube.com/shorts/fST-2ee7zOI
2026-07-18,2026-07-17T13:30:34Z,utFtZdNMqvk,"""Look inward"" — Marcus Aurelius | Stoicism",105,4,2,https://youtube.com/shorts/utFtZdNMqvk
2026-07-18,2026-07-17T09:34:06Z,bSY_1nAqkCQ,"""The 24-hour no-flare test"" — Epictetus | Stoicism",37,1,2,https://youtube.com/shorts/bSY_1nAqkCQ
2026-07-18,2026-07-17T05:26:56Z,izZTG7wjApc,"""Rule 9: Want nothing you can't command"" — Musonius Rufus | Stoicism",464,19,2,https://youtube.com/shorts/izZTG7wjApc
2026-07-18,2026-07-16T23:16:39Z,LXdnsXkSqrY,"""POV: You just refreshed your own post"" — Seneca | Stoicism",93,1,2,https://youtube.com/shorts/LXdnsXkSqrY
2026-07-18,2026-07-16T18:08:47Z,z3XKngtU2lI,"""Founder of Stoicism. His last day"" — Zeno of Citium | Stoicism",104,2,2,https://youtube.com/shorts/z3XKngtU2lI
2026-07-18,2026-07-16T16:23:56Z,CDwr2M1YUqg,"""Let it break on you"" — Marcus Aurelius | Stoicism",126,1,2,https://youtube.com/shorts/CDwr2M1YUqg
2026-07-18,2026-07-16T13:50:07Z,aQqDXNi1oMo,"""Decide, then act"" — Epictetus | Stoicism",60,1,2,https://youtube.com/shorts/aQqDXNi1oMo
2026-07-18,2026-07-16T09:29:26Z,UJvuUh_-8p8,"""The 24-hour honesty test"" — Musonius Rufus | Stoicism",60,1,2,https://youtube.com/shorts/UJvuUh_-8p8
2026-07-18,2026-07-16T05:23:31Z,16byegZ-7ug,"""Rule 9: Name the fear"" — Seneca | Stoicism",634,10,2,https://youtube.com/shorts/16byegZ-7ug
2026-07-18,2026-07-18T17:58:34Z,rVB5RYm10gU,"""Nero sent him one final order"" — Seneca | Stoicism",0,0,2,https://youtube.com/shorts/rVB5RYm10gU
2026-07-18,2026-07-18T13:13:01Z,MwljWYP8nXk,"""One road"" — Zeno of Citium | Stoicism",24,2,2,https://youtube.com/shorts/MwljWYP8nXk
2026-07-18,2026-07-18T09:00:03Z,BtNogrVRUlw,"""Stop rehearsing. Start living"" — Marcus Aurelius | Stoicism",60,3,2,https://youtube.com/shorts/BtNogrVRUlw
2026-07-18,2026-07-18T05:00:28Z,lZtc5TJ9Hcg,"""Rule 9: Keep your word like it's law"" — Epictetus | Stoicism",234,8,2,https://youtube.com/shorts/lZtc5TJ9Hcg
2026-07-18,2026-07-17T23:02:23Z,66Mi-VGpBzg,"""POV: You almost lied to keep him"" — Musonius Rufus | Stoicism",61,0,2,https://youtube.com/shorts/66Mi-VGpBzg
2026-07-18,2026-07-17T18:11:36Z,oRrUNukpLRM,"""Nero handed him a death sentence"" — Seneca | Stoicism",61,0,2,https://youtube.com/shorts/oRrUNukpLRM
2026-07-18,2026-07-17T16:25:13Z,fST-2ee7zOI,"""Nothing outside can reach it"" — Zeno of Citium | Stoicism",64,0,2,https://youtube.com/shorts/fST-2ee7zOI
2026-07-18,2026-07-17T13:30:34Z,utFtZdNMqvk,"""Look inward"" — Marcus Aurelius | Stoicism",127,4,2,https://youtube.com/shorts/utFtZdNMqvk
2026-07-18,2026-07-17T09:34:06Z,bSY_1nAqkCQ,"""The 24-hour no-flare test"" — Epictetus | Stoicism",39,1,2,https://youtube.com/shorts/bSY_1nAqkCQ
2026-07-18,2026-07-17T05:26:56Z,izZTG7wjApc,"""Rule 9: Want nothing you can't command"" — Musonius Rufus | Stoicism",528,19,2,https://youtube.com/shorts/izZTG7wjApc
2026-07-18,2026-07-16T23:16:39Z,LXdnsXkSqrY,"""POV: You just refreshed your own post"" — Seneca | Stoicism",94,1,2,https://youtube.com/shorts/LXdnsXkSqrY
2026-07-18,2026-07-16T18:08:47Z,z3XKngtU2lI,"""Founder of Stoicism. His last day"" — Zeno of Citium | Stoicism",104,2,2,https://youtube.com/shorts/z3XKngtU2lI
2026-07-18,2026-07-16T16:23:56Z,CDwr2M1YUqg,"""Let it break on you"" — Marcus Aurelius | Stoicism",128,1,2,https://youtube.com/shorts/CDwr2M1YUqg
2026-07-18,2026-07-16T13:50:07Z,aQqDXNi1oMo,"""Decide, then act"" — Epictetus | Stoicism",61,1,2,https://youtube.com/shorts/aQqDXNi1oMo
2026-07-18,2026-07-16T09:29:26Z,UJvuUh_-8p8,"""The 24-hour honesty test"" — Musonius Rufus | Stoicism",60,1,2,https://youtube.com/shorts/UJvuUh_-8p8
2026-07-18,2026-07-18T17:58:34Z,rVB5RYm10gU,"""Nero sent him one final order"" — Seneca | Stoicism",12,1,3,https://youtube.com/shorts/rVB5RYm10gU
2026-07-18,2026-07-18T13:13:01Z,MwljWYP8nXk,"""One road"" — Zeno of Citium | Stoicism",25,2,2,https://youtube.com/shorts/MwljWYP8nXk
2026-07-18,2026-07-18T09:00:03Z,BtNogrVRUlw,"""Stop rehearsing. Start living"" — Marcus Aurelius | Stoicism",57,3,2,https://youtube.com/shorts/BtNogrVRUlw
2026-07-18,2026-07-18T05:00:28Z,lZtc5TJ9Hcg,"""Rule 9: Keep your word like it's law"" — Epictetus | Stoicism",260,10,2,https://youtube.com/shorts/lZtc5TJ9Hcg
2026-07-18,2026-07-17T23:02:23Z,66Mi-VGpBzg,"""POV: You almost lied to keep him"" — Musonius Rufus | Stoicism",63,0,2,https://youtube.com/shorts/66Mi-VGpBzg
2026-07-18,2026-07-17T18:11:36Z,oRrUNukpLRM,"""Nero handed him a death sentence"" — Seneca | Stoicism",60,0,2,https://youtube.com/shorts/oRrUNukpLRM
2026-07-18,2026-07-17T16:25:13Z,fST-2ee7zOI,"""Nothing outside can reach it"" — Zeno of Citium | Stoicism",65,1,2,https://youtube.com/shorts/fST-2ee7zOI
2026-07-18,2026-07-17T13:30:34Z,utFtZdNMqvk,"""Look inward"" — Marcus Aurelius | Stoicism",127,4,2,https://youtube.com/shorts/utFtZdNMqvk
2026-07-18,2026-07-17T09:34:06Z,bSY_1nAqkCQ,"""The 24-hour no-flare test"" — Epictetus | Stoicism",39,2,2,https://youtube.com/shorts/bSY_1nAqkCQ
2026-07-18,2026-07-17T05:26:56Z,izZTG7wjApc,"""Rule 9: Want nothing you can't command"" — Musonius Rufus | Stoicism",560,20,2,https://youtube.com/shorts/izZTG7wjApc
2026-07-18,2026-07-16T23:16:39Z,LXdnsXkSqrY,"""POV: You just refreshed your own post"" — Seneca | Stoicism",94,1,2,https://youtube.com/shorts/LXdnsXkSqrY
2026-07-18,2026-07-16T18:08:47Z,z3XKngtU2lI,"""Founder of Stoicism. His last day"" — Zeno of Citium | Stoicism",104,2,2,https://youtube.com/shorts/z3XKngtU2lI
2026-07-18,2026-07-16T16:23:56Z,CDwr2M1YUqg,"""Let it break on you"" — Marcus Aurelius | Stoicism",129,1,2,https://youtube.com/shorts/CDwr2M1YUqg
2026-07-18,2026-07-16T13:50:07Z,aQqDXNi1oMo,"""Decide, then act"" — Epictetus | Stoicism",61,1,2,https://youtube.com/shorts/aQqDXNi1oMo
2026-07-18,2026-07-16T09:29:26Z,UJvuUh_-8p8,"""The 24-hour honesty test"" — Musonius Rufus | Stoicism",60,1,2,https://youtube.com/shorts/UJvuUh_-8p8
2026-07-18,2026-07-18T17:58:34Z,rVB5RYm10gU,"""Nero sent him one final order"" — Seneca | Stoicism",12,1,3,https://youtube.com/shorts/rVB5RYm10gU
2026-07-18,2026-07-18T13:13:01Z,MwljWYP8nXk,"""One road"" — Zeno of Citium | Stoicism",39,2,2,https://youtube.com/shorts/MwljWYP8nXk
2026-07-18,2026-07-18T09:00:03Z,BtNogrVRUlw,"""Stop rehearsing. Start living"" — Marcus Aurelius | Stoicism",82,3,2,https://youtube.com/shorts/BtNogrVRUlw
2026-07-18,2026-07-18T05:00:28Z,lZtc5TJ9Hcg,"""Rule 9: Keep your word like it's law"" — Epictetus | Stoicism",291,12,2,https://youtube.com/shorts/lZtc5TJ9Hcg
2026-07-18,2026-07-17T23:02:23Z,66Mi-VGpBzg,"""POV: You almost lied to keep him"" — Musonius Rufus | Stoicism",63,0,2,https://youtube.com/shorts/66Mi-VGpBzg
2026-07-18,2026-07-17T18:11:36Z,oRrUNukpLRM,"""Nero handed him a death sentence"" — Seneca | Stoicism",61,0,2,https://youtube.com/shorts/oRrUNukpLRM
2026-07-18,2026-07-17T16:25:13Z,fST-2ee7zOI,"""Nothing outside can reach it"" — Zeno of Citium | Stoicism",68,1,2,https://youtube.com/shorts/fST-2ee7zOI
2026-07-18,2026-07-17T13:30:34Z,utFtZdNMqvk,"""Look inward"" — Marcus Aurelius | Stoicism",134,4,2,https://youtube.com/shorts/utFtZdNMqvk
2026-07-18,2026-07-17T09:34:06Z,bSY_1nAqkCQ,"""The 24-hour no-flare test"" — Epictetus | Stoicism",40,2,2,https://youtube.com/shorts/bSY_1nAqkCQ
2026-07-18,2026-07-17T05:26:56Z,izZTG7wjApc,"""Rule 9: Want nothing you can't command"" — Musonius Rufus | Stoicism",562,20,2,https://youtube.com/shorts/izZTG7wjApc
2026-07-18,2026-07-16T23:16:39Z,LXdnsXkSqrY,"""POV: You just refreshed your own post"" — Seneca | Stoicism",94,1,2,https://youtube.com/shorts/LXdnsXkSqrY
2026-07-18,2026-07-16T18:08:47Z,z3XKngtU2lI,"""Founder of Stoicism. His last day"" — Zeno of Citium | Stoicism",105,2,2,https://youtube.com/shorts/z3XKngtU2lI
2026-07-18,2026-07-16T16:23:56Z,CDwr2M1YUqg,"""Let it break on you"" — Marcus Aurelius | Stoicism",129,1,2,https://youtube.com/shorts/CDwr2M1YUqg
2026-07-18,2026-07-16T13:50:07Z,aQqDXNi1oMo,"""Decide, then act"" — Epictetus | Stoicism",61,1,2,https://youtube.com/shorts/aQqDXNi1oMo
2026-07-18,2026-07-16T09:29:26Z,UJvuUh_-8p8,"""The 24-hour honesty test"" — Musonius Rufus | Stoicism",60,1,2,https://youtube.com/shorts/UJvuUh_-8p8
2026-07-19,2026-07-19T09:12:24Z,hOqmlHpWstA,"""Rule 9: Train it, don't just know it"" — Musonius Rufus | Stoicism",0,0,2,https://youtube.com/shorts/hOqmlHpWstA
2026-07-19,2026-07-18T17:58:34Z,rVB5RYm10gU,"""Nero sent him one final order"" — Seneca | Stoicism",32,2,4,https://youtube.com/shorts/rVB5RYm10gU
2026-07-19,2026-07-18T13:13:01Z,MwljWYP8nXk,"""One road"" — Zeno of Citium | Stoicism",44,2,2,https://youtube.com/shorts/MwljWYP8nXk
2026-07-19,2026-07-18T09:00:03Z,BtNogrVRUlw,"""Stop rehearsing. Start living"" — Marcus Aurelius | Stoicism",126,5,2,https://youtube.com/shorts/BtNogrVRUlw
2026-07-19,2026-07-18T05:00:28Z,lZtc5TJ9Hcg,"""Rule 9: Keep your word like it's law"" — Epictetus | Stoicism",352,15,2,https://youtube.com/shorts/lZtc5TJ9Hcg
2026-07-19,2026-07-17T23:02:23Z,66Mi-VGpBzg,"""POV: You almost lied to keep him"" — Musonius Rufus | Stoicism",79,0,2,https://youtube.com/shorts/66Mi-VGpBzg
2026-07-19,2026-07-17T18:11:36Z,oRrUNukpLRM,"""Nero handed him a death sentence"" — Seneca | Stoicism",74,0,2,https://youtube.com/shorts/oRrUNukpLRM
2026-07-19,2026-07-17T16:25:13Z,fST-2ee7zOI,"""Nothing outside can reach it"" — Zeno of Citium | Stoicism",76,1,2,https://youtube.com/shorts/fST-2ee7zOI
2026-07-19,2026-07-17T13:30:34Z,utFtZdNMqvk,"""Look inward"" — Marcus Aurelius | Stoicism",148,5,2,https://youtube.com/shorts/utFtZdNMqvk
2026-07-19,2026-07-17T09:34:06Z,bSY_1nAqkCQ,"""The 24-hour no-flare test"" — Epictetus | Stoicism",40,2,2,https://youtube.com/shorts/bSY_1nAqkCQ
2026-07-19,2026-07-17T05:26:56Z,izZTG7wjApc,"""Rule 9: Want nothing you can't command"" — Musonius Rufus | Stoicism",558,20,2,https://youtube.com/shorts/izZTG7wjApc
2026-07-19,2026-07-16T23:16:39Z,LXdnsXkSqrY,"""POV: You just refreshed your own post"" — Seneca | Stoicism",95,1,2,https://youtube.com/shorts/LXdnsXkSqrY
2026-07-19,2026-07-16T18:08:47Z,z3XKngtU2lI,"""Founder of Stoicism. His last day"" — Zeno of Citium | Stoicism",105,2,2,https://youtube.com/shorts/z3XKngtU2lI
2026-07-19,2026-07-16T16:23:56Z,CDwr2M1YUqg,"""Let it break on you"" — Marcus Aurelius | Stoicism",128,1,2,https://youtube.com/shorts/CDwr2M1YUqg
2026-07-19,2026-07-16T13:50:07Z,aQqDXNi1oMo,"""Decide, then act"" — Epictetus | Stoicism",60,1,2,https://youtube.com/shorts/aQqDXNi1oMo
2026-07-19,2026-07-19T13:21:32Z,_lo62w8PF4Q,"""Notice who holds the leash"" — Epictetus | Stoicism",0,0,2,https://youtube.com/shorts/_lo62w8PF4Q
2026-07-19,2026-07-19T09:12:24Z,hOqmlHpWstA,"""Rule 9: Train it, don't just know it"" — Musonius Rufus | Stoicism",198,2,2,https://youtube.com/shorts/hOqmlHpWstA
2026-07-19,2026-07-18T17:58:34Z,rVB5RYm10gU,"""Nero sent him one final order"" — Seneca | Stoicism",39,2,4,https://youtube.com/shorts/rVB5RYm10gU
2026-07-19,2026-07-18T13:13:01Z,MwljWYP8nXk,"""One road"" — Zeno of Citium | Stoicism",56,3,2,https://youtube.com/shorts/MwljWYP8nXk
2026-07-19,2026-07-18T09:00:03Z,BtNogrVRUlw,"""Stop rehearsing. Start living"" — Marcus Aurelius | Stoicism",133,6,2,https://youtube.com/shorts/BtNogrVRUlw
2026-07-19,2026-07-18T05:00:28Z,lZtc5TJ9Hcg,"""Rule 9: Keep your word like it's law"" — Epictetus | Stoicism",370,15,2,https://youtube.com/shorts/lZtc5TJ9Hcg
2026-07-19,2026-07-17T23:02:23Z,66Mi-VGpBzg,"""POV: You almost lied to keep him"" — Musonius Rufus | Stoicism",81,0,2,https://youtube.com/shorts/66Mi-VGpBzg
2026-07-19,2026-07-17T18:11:36Z,oRrUNukpLRM,"""Nero handed him a death sentence"" — Seneca | Stoicism",78,0,2,https://youtube.com/shorts/oRrUNukpLRM
2026-07-19,2026-07-17T16:25:13Z,fST-2ee7zOI,"""Nothing outside can reach it"" — Zeno of Citium | Stoicism",77,1,2,https://youtube.com/shorts/fST-2ee7zOI
2026-07-19,2026-07-17T13:30:34Z,utFtZdNMqvk,"""Look inward"" — Marcus Aurelius | Stoicism",148,5,2,https://youtube.com/shorts/utFtZdNMqvk
2026-07-19,2026-07-17T09:34:06Z,bSY_1nAqkCQ,"""The 24-hour no-flare test"" — Epictetus | Stoicism",40,2,2,https://youtube.com/shorts/bSY_1nAqkCQ
2026-07-19,2026-07-17T05:26:56Z,izZTG7wjApc,"""Rule 9: Want nothing you can't command"" — Musonius Rufus | Stoicism",558,20,2,https://youtube.com/shorts/izZTG7wjApc
2026-07-19,2026-07-16T23:16:39Z,LXdnsXkSqrY,"""POV: You just refreshed your own post"" — Seneca | Stoicism",95,1,2,https://youtube.com/shorts/LXdnsXkSqrY
2026-07-19,2026-07-16T18:08:47Z,z3XKngtU2lI,"""Founder of Stoicism. His last day"" — Zeno of Citium | Stoicism",105,2,2,https://youtube.com/shorts/z3XKngtU2lI
2026-07-19,2026-07-16T16:23:56Z,CDwr2M1YUqg,"""Let it break on you"" — Marcus Aurelius | Stoicism",128,1,2,https://youtube.com/shorts/CDwr2M1YUqg
2026-07-19,2026-07-19T17:53:16Z,DT7c3C1_OYY,"""Want less"" — Marcus Aurelius | Stoicism",0,0,2,https://youtube.com/shorts/DT7c3C1_OYY
2026-07-19,2026-07-19T13:21:32Z,_lo62w8PF4Q,"""Notice who holds the leash"" — Epictetus | Stoicism",133,1,2,https://youtube.com/shorts/_lo62w8PF4Q
2026-07-19,2026-07-19T09:12:24Z,hOqmlHpWstA,"""Rule 9: Train it, don't just know it"" — Musonius Rufus | Stoicism",283,3,2,https://youtube.com/shorts/hOqmlHpWstA
2026-07-19,2026-07-18T17:58:34Z,rVB5RYm10gU,"""Nero sent him one final order"" — Seneca | Stoicism",51,2,4,https://youtube.com/shorts/rVB5RYm10gU
2026-07-19,2026-07-18T13:13:01Z,MwljWYP8nXk,"""One road"" — Zeno of Citium | Stoicism",76,3,2,https://youtube.com/shorts/MwljWYP8nXk
2026-07-19,2026-07-18T09:00:03Z,BtNogrVRUlw,"""Stop rehearsing. Start living"" — Marcus Aurelius | Stoicism",142,6,2,https://youtube.com/shorts/BtNogrVRUlw
2026-07-19,2026-07-18T05:00:28Z,lZtc5TJ9Hcg,"""Rule 9: Keep your word like it's law"" — Epictetus | Stoicism",376,15,2,https://youtube.com/shorts/lZtc5TJ9Hcg
2026-07-19,2026-07-17T23:02:23Z,66Mi-VGpBzg,"""POV: You almost lied to keep him"" — Musonius Rufus | Stoicism",81,0,2,https://youtube.com/shorts/66Mi-VGpBzg
2026-07-19,2026-07-17T18:11:36Z,oRrUNukpLRM,"""Nero handed him a death sentence"" — Seneca | Stoicism",79,1,2,https://youtube.com/shorts/oRrUNukpLRM
2026-07-19,2026-07-17T16:25:13Z,fST-2ee7zOI,"""Nothing outside can reach it"" — Zeno of Citium | Stoicism",78,1,2,https://youtube.com/shorts/fST-2ee7zOI
2026-07-19,2026-07-17T13:30:34Z,utFtZdNMqvk,"""Look inward"" — Marcus Aurelius | Stoicism",148,5,2,https://youtube.com/shorts/utFtZdNMqvk
2026-07-19,2026-07-17T09:34:06Z,bSY_1nAqkCQ,"""The 24-hour no-flare test"" — Epictetus | Stoicism",40,2,2,https://youtube.com/shorts/bSY_1nAqkCQ
2026-07-19,2026-07-17T05:26:56Z,izZTG7wjApc,"""Rule 9: Want nothing you can't command"" — Musonius Rufus | Stoicism",557,20,2,https://youtube.com/shorts/izZTG7wjApc
2026-07-19,2026-07-16T23:16:39Z,LXdnsXkSqrY,"""POV: You just refreshed your own post"" — Seneca | Stoicism",95,1,2,https://youtube.com/shorts/LXdnsXkSqrY
2026-07-19,2026-07-16T18:08:47Z,z3XKngtU2lI,"""Founder of Stoicism. His last day"" — Zeno of Citium | Stoicism",105,2,2,https://youtube.com/shorts/z3XKngtU2lI
2026-07-19,2026-07-19T17:53:42Z,DT7c3C1_OYY,"""Want less"" — Marcus Aurelius | Stoicism",13,0,2,https://youtube.com/shorts/DT7c3C1_OYY
2026-07-19,2026-07-19T13:21:32Z,_lo62w8PF4Q,"""Notice who holds the leash"" — Epictetus | Stoicism",168,3,2,https://youtube.com/shorts/_lo62w8PF4Q
2026-07-19,2026-07-19T09:12:24Z,hOqmlHpWstA,"""Rule 9: Train it, don't just know it"" — Musonius Rufus | Stoicism",311,4,2,https://youtube.com/shorts/hOqmlHpWstA
2026-07-19,2026-07-18T17:58:34Z,rVB5RYm10gU,"""Nero sent him one final order"" — Seneca | Stoicism",62,2,4,https://youtube.com/shorts/rVB5RYm10gU
2026-07-19,2026-07-18T13:13:01Z,MwljWYP8nXk,"""One road"" — Zeno of Citium | Stoicism",83,3,2,https://youtube.com/shorts/MwljWYP8nXk
2026-07-19,2026-07-18T09:00:03Z,BtNogrVRUlw,"""Stop rehearsing. Start living"" — Marcus Aurelius | Stoicism",158,6,2,https://youtube.com/shorts/BtNogrVRUlw
2026-07-19,2026-07-18T05:00:28Z,lZtc5TJ9Hcg,"""Rule 9: Keep your word like it's law"" — Epictetus | Stoicism",377,15,2,https://youtube.com/shorts/lZtc5TJ9Hcg
2026-07-19,2026-07-17T23:02:23Z,66Mi-VGpBzg,"""POV: You almost lied to keep him"" — Musonius Rufus | Stoicism",82,0,2,https://youtube.com/shorts/66Mi-VGpBzg
2026-07-19,2026-07-17T18:11:36Z,oRrUNukpLRM,"""Nero handed him a death sentence"" — Seneca | Stoicism",79,1,2,https://youtube.com/shorts/oRrUNukpLRM
2026-07-19,2026-07-17T16:25:13Z,fST-2ee7zOI,"""Nothing outside can reach it"" — Zeno of Citium | Stoicism",79,1,2,https://youtube.com/shorts/fST-2ee7zOI
2026-07-19,2026-07-17T13:30:34Z,utFtZdNMqvk,"""Look inward"" — Marcus Aurelius | Stoicism",149,5,2,https://youtube.com/shorts/utFtZdNMqvk
2026-07-19,2026-07-17T09:34:06Z,bSY_1nAqkCQ,"""The 24-hour no-flare test"" — Epictetus | Stoicism",40,2,2,https://youtube.com/shorts/bSY_1nAqkCQ
2026-07-19,2026-07-17T05:26:56Z,izZTG7wjApc,"""Rule 9: Want nothing you can't command"" — Musonius Rufus | Stoicism",557,20,2,https://youtube.com/shorts/izZTG7wjApc
2026-07-19,2026-07-16T23:16:39Z,LXdnsXkSqrY,"""POV: You just refreshed your own post"" — Seneca | Stoicism",95,1,2,https://youtube.com/shorts/LXdnsXkSqrY
2026-07-19,2026-07-16T18:08:47Z,z3XKngtU2lI,"""Founder of Stoicism. His last day"" — Zeno of Citium | Stoicism",105,2,2,https://youtube.com/shorts/z3XKngtU2lI
2026-07-19,2026-07-19T23:03:05Z,iWl_7JmSmwE,"""He lost his entire fortune at sea"" — Zeno of Citium | Stoicism",0,0,2,https://youtube.com/shorts/iWl_7JmSmwE
2026-07-19,2026-07-19T17:53:42Z,DT7c3C1_OYY,"""Want less"" — Marcus Aurelius | Stoicism",52,0,2,https://youtube.com/shorts/DT7c3C1_OYY
2026-07-19,2026-07-19T13:21:32Z,_lo62w8PF4Q,"""Notice who holds the leash"" — Epictetus | Stoicism",199,4,2,https://youtube.com/shorts/_lo62w8PF4Q
2026-07-19,2026-07-19T09:12:24Z,hOqmlHpWstA,"""Rule 9: Train it, don't just know it"" — Musonius Rufus | Stoicism",394,7,2,https://youtube.com/shorts/hOqmlHpWstA
2026-07-19,2026-07-18T17:58:34Z,rVB5RYm10gU,"""Nero sent him one final order"" — Seneca | Stoicism",67,2,4,https://youtube.com/shorts/rVB5RYm10gU
2026-07-19,2026-07-18T13:13:01Z,MwljWYP8nXk,"""One road"" — Zeno of Citium | Stoicism",100,3,2,https://youtube.com/shorts/MwljWYP8nXk
2026-07-19,2026-07-18T09:00:03Z,BtNogrVRUlw,"""Stop rehearsing. Start living"" — Marcus Aurelius | Stoicism",158,6,2,https://youtube.com/shorts/BtNogrVRUlw
2026-07-19,2026-07-18T05:00:28Z,lZtc5TJ9Hcg,"""Rule 9: Keep your word like it's law"" — Epictetus | Stoicism",393,16,2,https://youtube.com/shorts/lZtc5TJ9Hcg
2026-07-19,2026-07-17T23:02:23Z,66Mi-VGpBzg,"""POV: You almost lied to keep him"" — Musonius Rufus | Stoicism",84,0,2,https://youtube.com/shorts/66Mi-VGpBzg
2026-07-19,2026-07-17T18:11:36Z,oRrUNukpLRM,"""Nero handed him a death sentence"" — Seneca | Stoicism",81,1,2,https://youtube.com/shorts/oRrUNukpLRM
2026-07-19,2026-07-17T16:25:13Z,fST-2ee7zOI,"""Nothing outside can reach it"" — Zeno of Citium | Stoicism",79,1,2,https://youtube.com/shorts/fST-2ee7zOI
2026-07-19,2026-07-17T13:30:34Z,utFtZdNMqvk,"""Look inward"" — Marcus Aurelius | Stoicism",149,5,2,https://youtube.com/shorts/utFtZdNMqvk
2026-07-19,2026-07-17T09:34:06Z,bSY_1nAqkCQ,"""The 24-hour no-flare test"" — Epictetus | Stoicism",40,2,2,https://youtube.com/shorts/bSY_1nAqkCQ
2026-07-19,2026-07-17T05:26:56Z,izZTG7wjApc,"""Rule 9: Want nothing you can't command"" — Musonius Rufus | Stoicism",557,20,2,https://youtube.com/shorts/izZTG7wjApc
2026-07-19,2026-07-16T23:16:39Z,LXdnsXkSqrY,"""POV: You just refreshed your own post"" — Seneca | Stoicism",95,1,2,https://youtube.com/shorts/LXdnsXkSqrY
2026-07-20,2026-07-19T23:03:53Z,iWl_7JmSmwE,"""He lost his entire fortune at sea"" — Zeno of Citium | Stoicism",76,0,2,https://youtube.com/shorts/iWl_7JmSmwE
2026-07-20,2026-07-19T17:53:42Z,DT7c3C1_OYY,"""Want less"" — Marcus Aurelius | Stoicism",148,1,2,https://youtube.com/shorts/DT7c3C1_OYY
2026-07-20,2026-07-19T13:21:32Z,_lo62w8PF4Q,"""Notice who holds the leash"" — Epictetus | Stoicism",455,8,2,https://youtube.com/shorts/_lo62w8PF4Q
2026-07-20,2026-07-19T09:12:24Z,hOqmlHpWstA,"""Rule 9: Train it, don't just know it"" — Musonius Rufus | Stoicism",627,8,2,https://youtube.com/shorts/hOqmlHpWstA
2026-07-20,2026-07-18T17:58:34Z,rVB5RYm10gU,"""Nero sent him one final order"" — Seneca | Stoicism",78,2,5,https://youtube.com/shorts/rVB5RYm10gU
2026-07-20,2026-07-18T13:13:01Z,MwljWYP8nXk,"""One road"" — Zeno of Citium | Stoicism",112,3,2,https://youtube.com/shorts/MwljWYP8nXk
2026-07-20,2026-07-18T09:00:03Z,BtNogrVRUlw,"""Stop rehearsing. Start living"" — Marcus Aurelius | Stoicism",169,6,2,https://youtube.com/shorts/BtNogrVRUlw
2026-07-20,2026-07-18T05:00:28Z,lZtc5TJ9Hcg,"""Rule 9: Keep your word like it's law"" — Epictetus | Stoicism",409,16,2,https://youtube.com/shorts/lZtc5TJ9Hcg
2026-07-20,2026-07-17T23:02:23Z,66Mi-VGpBzg,"""POV: You almost lied to keep him"" — Musonius Rufus | Stoicism",84,0,2,https://youtube.com/shorts/66Mi-VGpBzg
2026-07-20,2026-07-17T18:11:36Z,oRrUNukpLRM,"""Nero handed him a death sentence"" — Seneca | Stoicism",81,1,2,https://youtube.com/shorts/oRrUNukpLRM
2026-07-20,2026-07-17T16:25:13Z,fST-2ee7zOI,"""Nothing outside can reach it"" — Zeno of Citium | Stoicism",79,1,2,https://youtube.com/shorts/fST-2ee7zOI
2026-07-20,2026-07-17T13:30:34Z,utFtZdNMqvk,"""Look inward"" — Marcus Aurelius | Stoicism",149,5,2,https://youtube.com/shorts/utFtZdNMqvk
2026-07-20,2026-07-17T09:34:06Z,bSY_1nAqkCQ,"""The 24-hour no-flare test"" — Epictetus | Stoicism",40,2,2,https://youtube.com/shorts/bSY_1nAqkCQ
2026-07-20,2026-07-17T05:26:56Z,izZTG7wjApc,"""Rule 9: Want nothing you can't command"" — Musonius Rufus | Stoicism",559,20,2,https://youtube.com/shorts/izZTG7wjApc
2026-07-20,2026-07-16T23:16:39Z,LXdnsXkSqrY,"""POV: You just refreshed your own post"" — Seneca | Stoicism",95,1,2,https://youtube.com/shorts/LXdnsXkSqrY
2026-07-20,2026-07-20T10:20:42Z,agIaFTXh7Sc,"""Rule 7: Fear only what is present"" — Seneca | Stoicism",0,0,2,https://youtube.com/shorts/agIaFTXh7Sc
2026-07-20,2026-07-19T23:03:53Z,iWl_7JmSmwE,"""He lost his entire fortune at sea"" — Zeno of Citium | Stoicism",102,1,2,https://youtube.com/shorts/iWl_7JmSmwE
2026-07-20,2026-07-19T17:53:42Z,DT7c3C1_OYY,"""Want less"" — Marcus Aurelius | Stoicism",155,1,2,https://youtube.com/shorts/DT7c3C1_OYY
2026-07-20,2026-07-19T13:21:32Z,_lo62w8PF4Q,"""Notice who holds the leash"" — Epictetus | Stoicism",481,8,2,https://youtube.com/shorts/_lo62w8PF4Q
2026-07-20,2026-07-19T09:12:24Z,hOqmlHpWstA,"""Rule 9: Train it, don't just know it"" — Musonius Rufus | Stoicism",627,9,2,https://youtube.com/shorts/hOqmlHpWstA
2026-07-20,2026-07-18T17:58:34Z,rVB5RYm10gU,"""Nero sent him one final order"" — Seneca | Stoicism",81,2,5,https://youtube.com/shorts/rVB5RYm10gU
2026-07-20,2026-07-18T13:13:01Z,MwljWYP8nXk,"""One road"" — Zeno of Citium | Stoicism",112,3,2,https://youtube.com/shorts/MwljWYP8nXk
2026-07-20,2026-07-18T09:00:03Z,BtNogrVRUlw,"""Stop rehearsing. Start living"" — Marcus Aurelius | Stoicism",174,6,2,https://youtube.com/shorts/BtNogrVRUlw
2026-07-20,2026-07-18T05:00:28Z,lZtc5TJ9Hcg,"""Rule 9: Keep your word like it's law"" — Epictetus | Stoicism",409,16,2,https://youtube.com/shorts/lZtc5TJ9Hcg
2026-07-20,2026-07-17T23:02:23Z,66Mi-VGpBzg,"""POV: You almost lied to keep him"" — Musonius Rufus | Stoicism",84,0,2,https://youtube.com/shorts/66Mi-VGpBzg
2026-07-20,2026-07-17T18:11:36Z,oRrUNukpLRM,"""Nero handed him a death sentence"" — Seneca | Stoicism",81,1,2,https://youtube.com/shorts/oRrUNukpLRM
2026-07-20,2026-07-17T16:25:13Z,fST-2ee7zOI,"""Nothing outside can reach it"" — Zeno of Citium | Stoicism",79,1,2,https://youtube.com/shorts/fST-2ee7zOI
2026-07-20,2026-07-17T13:30:34Z,utFtZdNMqvk,"""Look inward"" — Marcus Aurelius | Stoicism",149,5,2,https://youtube.com/shorts/utFtZdNMqvk
2026-07-20,2026-07-17T09:34:06Z,bSY_1nAqkCQ,"""The 24-hour no-flare test"" — Epictetus | Stoicism",41,2,2,https://youtube.com/shorts/bSY_1nAqkCQ
2026-07-20,2026-07-17T05:26:56Z,izZTG7wjApc,"""Rule 9: Want nothing you can't command"" — Musonius Rufus | Stoicism",559,20,2,https://youtube.com/shorts/izZTG7wjApc
2026-07-20,2026-07-20T14:10:38Z,O7KgnV1ZDYk,"""Count them honestly"" — Musonius Rufus | Stoicism",0,0,2,https://youtube.com/shorts/O7KgnV1ZDYk
2026-07-20,2026-07-20T10:21:10Z,agIaFTXh7Sc,"""Rule 7: Fear only what is present"" — Seneca | Stoicism",60,2,2,https://youtube.com/shorts/agIaFTXh7Sc
2026-07-20,2026-07-19T23:03:53Z,iWl_7JmSmwE,"""He lost his entire fortune at sea"" — Zeno of Citium | Stoicism",110,1,2,https://youtube.com/shorts/iWl_7JmSmwE
2026-07-20,2026-07-19T17:53:42Z,DT7c3C1_OYY,"""Want less"" — Marcus Aurelius | Stoicism",168,1,2,https://youtube.com/shorts/DT7c3C1_OYY
2026-07-20,2026-07-19T13:21:32Z,_lo62w8PF4Q,"""Notice who holds the leash"" — Epictetus | Stoicism",545,9,2,https://youtube.com/shorts/_lo62w8PF4Q
2026-07-20,2026-07-19T09:12:24Z,hOqmlHpWstA,"""Rule 9: Train it, don't just know it"" — Musonius Rufus | Stoicism",629,9,2,https://youtube.com/shorts/hOqmlHpWstA
2026-07-20,2026-07-18T17:58:34Z,rVB5RYm10gU,"""Nero sent him one final order"" — Seneca | Stoicism",81,2,5,https://youtube.com/shorts/rVB5RYm10gU
2026-07-20,2026-07-18T13:13:01Z,MwljWYP8nXk,"""One road"" — Zeno of Citium | Stoicism",115,3,2,https://youtube.com/shorts/MwljWYP8nXk
2026-07-20,2026-07-18T09:00:03Z,BtNogrVRUlw,"""Stop rehearsing. Start living"" — Marcus Aurelius | Stoicism",174,6,2,https://youtube.com/shorts/BtNogrVRUlw
2026-07-20,2026-07-18T05:00:28Z,lZtc5TJ9Hcg,"""Rule 9: Keep your word like it's law"" — Epictetus | Stoicism",409,16,2,https://youtube.com/shorts/lZtc5TJ9Hcg
2026-07-20,2026-07-17T23:02:23Z,66Mi-VGpBzg,"""POV: You almost lied to keep him"" — Musonius Rufus | Stoicism",84,0,2,https://youtube.com/shorts/66Mi-VGpBzg
2026-07-20,2026-07-17T18:11:36Z,oRrUNukpLRM,"""Nero handed him a death sentence"" — Seneca | Stoicism",81,1,2,https://youtube.com/shorts/oRrUNukpLRM
2026-07-20,2026-07-17T16:25:13Z,fST-2ee7zOI,"""Nothing outside can reach it"" — Zeno of Citium | Stoicism",79,1,2,https://youtube.com/shorts/fST-2ee7zOI
2026-07-20,2026-07-17T13:30:34Z,utFtZdNMqvk,"""Look inward"" — Marcus Aurelius | Stoicism",149,5,2,https://youtube.com/shorts/utFtZdNMqvk
2026-07-20,2026-07-17T09:34:06Z,bSY_1nAqkCQ,"""The 24-hour no-flare test"" — Epictetus | Stoicism",41,2,2,https://youtube.com/shorts/bSY_1nAqkCQ
2026-07-20,2026-07-20T18:52:29Z,4DI30_vMW4c,"""Just this"" — Epictetus | Stoicism",0,0,2,https://youtube.com/shorts/4DI30_vMW4c
2026-07-20,2026-07-20T14:11:52Z,O7KgnV1ZDYk,"""Count them honestly"" — Musonius Rufus | Stoicism",30,0,2,https://youtube.com/shorts/O7KgnV1ZDYk
2026-07-20,2026-07-20T10:21:10Z,agIaFTXh7Sc,"""Rule 7: Fear only what is present"" — Seneca | Stoicism",95,6,2,https://youtube.com/shorts/agIaFTXh7Sc
2026-07-20,2026-07-19T23:03:53Z,iWl_7JmSmwE,"""He lost his entire fortune at sea"" — Zeno of Citium | Stoicism",129,2,2,https://youtube.com/shorts/iWl_7JmSmwE
2026-07-20,2026-07-19T17:53:42Z,DT7c3C1_OYY,"""Want less"" — Marcus Aurelius | Stoicism",186,1,2,https://youtube.com/shorts/DT7c3C1_OYY
2026-07-20,2026-07-19T13:21:32Z,_lo62w8PF4Q,"""Notice who holds the leash"" — Epictetus | Stoicism",640,10,2,https://youtube.com/shorts/_lo62w8PF4Q
2026-07-20,2026-07-19T09:12:24Z,hOqmlHpWstA,"""Rule 9: Train it, don't just know it"" — Musonius Rufus | Stoicism",626,9,2,https://youtube.com/shorts/hOqmlHpWstA
2026-07-20,2026-07-18T17:58:34Z,rVB5RYm10gU,"""Nero sent him one final order"" — Seneca | Stoicism",87,3,5,https://youtube.com/shorts/rVB5RYm10gU
2026-07-20,2026-07-18T13:13:01Z,MwljWYP8nXk,"""One road"" — Zeno of Citium | Stoicism",114,3,2,https://youtube.com/shorts/MwljWYP8nXk
2026-07-20,2026-07-18T09:00:03Z,BtNogrVRUlw,"""Stop rehearsing. Start living"" — Marcus Aurelius | Stoicism",174,6,2,https://youtube.com/shorts/BtNogrVRUlw
2026-07-20,2026-07-18T05:00:28Z,lZtc5TJ9Hcg,"""Rule 9: Keep your word like it's law"" — Epictetus | Stoicism",410,16,2,https://youtube.com/shorts/lZtc5TJ9Hcg
2026-07-20,2026-07-17T23:02:23Z,66Mi-VGpBzg,"""POV: You almost lied to keep him"" — Musonius Rufus | Stoicism",84,0,2,https://youtube.com/shorts/66Mi-VGpBzg
2026-07-20,2026-07-17T18:11:36Z,oRrUNukpLRM,"""Nero handed him a death sentence"" — Seneca | Stoicism",81,1,2,https://youtube.com/shorts/oRrUNukpLRM
2026-07-20,2026-07-17T16:25:13Z,fST-2ee7zOI,"""Nothing outside can reach it"" — Zeno of Citium | Stoicism",79,1,2,https://youtube.com/shorts/fST-2ee7zOI
2026-07-20,2026-07-17T13:30:34Z,utFtZdNMqvk,"""Look inward"" — Marcus Aurelius | Stoicism",149,5,2,https://youtube.com/shorts/utFtZdNMqvk
2026-07-20,2026-07-20T18:52:53Z,4DI30_vMW4c,"""Just this"" — Epictetus | Stoicism",15,1,2,https://youtube.com/shorts/4DI30_vMW4c
2026-07-20,2026-07-20T14:11:52Z,O7KgnV1ZDYk,"""Count them honestly"" — Musonius Rufus | Stoicism",30,0,2,https://youtube.com/shorts/O7KgnV1ZDYk
2026-07-20,2026-07-20T10:21:10Z,agIaFTXh7Sc,"""Rule 7: Fear only what is present"" — Seneca | Stoicism",95,6,2,https://youtube.com/shorts/agIaFTXh7Sc
2026-07-20,2026-07-19T23:03:53Z,iWl_7JmSmwE,"""He lost his entire fortune at sea"" — Zeno of Citium | Stoicism",129,2,2,https://youtube.com/shorts/iWl_7JmSmwE
2026-07-20,2026-07-19T17:53:42Z,DT7c3C1_OYY,"""Want less"" — Marcus Aurelius | Stoicism",186,1,2,https://youtube.com/shorts/DT7c3C1_OYY
2026-07-20,2026-07-19T13:21:32Z,_lo62w8PF4Q,"""Notice who holds the leash"" — Epictetus | Stoicism",640,10,2,https://youtube.com/shorts/_lo62w8PF4Q
2026-07-20,2026-07-19T09:12:24Z,hOqmlHpWstA,"""Rule 9: Train it, don't just know it"" — Musonius Rufus | Stoicism",626,9,2,https://youtube.com/shorts/hOqmlHpWstA
2026-07-20,2026-07-18T17:58:34Z,rVB5RYm10gU,"""Nero sent him one final order"" — Seneca | Stoicism",87,3,5,https://youtube.com/shorts/rVB5RYm10gU
2026-07-20,2026-07-18T13:13:01Z,MwljWYP8nXk,"""One road"" — Zeno of Citium | Stoicism",114,3,2,https://youtube.com/shorts/MwljWYP8nXk
2026-07-20,2026-07-18T09:00:03Z,BtNogrVRUlw,"""Stop rehearsing. Start living"" — Marcus Aurelius | Stoicism",174,6,2,https://youtube.com/shorts/BtNogrVRUlw
2026-07-20,2026-07-18T05:00:28Z,lZtc5TJ9Hcg,"""Rule 9: Keep your word like it's law"" — Epictetus | Stoicism",410,16,2,https://youtube.com/shorts/lZtc5TJ9Hcg
2026-07-20,2026-07-17T23:02:23Z,66Mi-VGpBzg,"""POV: You almost lied to keep him"" — Musonius Rufus | Stoicism",84,0,2,https://youtube.com/shorts/66Mi-VGpBzg
2026-07-20,2026-07-17T18:11:36Z,oRrUNukpLRM,"""Nero handed him a death sentence"" — Seneca | Stoicism",81,1,2,https://youtube.com/shorts/oRrUNukpLRM
2026-07-20,2026-07-17T16:25:13Z,fST-2ee7zOI,"""Nothing outside can reach it"" — Zeno of Citium | Stoicism",79,1,2,https://youtube.com/shorts/fST-2ee7zOI
2026-07-20,2026-07-17T13:30:34Z,utFtZdNMqvk,"""Look inward"" — Marcus Aurelius | Stoicism",149,5,2,https://youtube.com/shorts/utFtZdNMqvk
2026-07-20,2026-07-20T23:12:15Z,KRx0Ilyp4yw,"""He ruled Rome from a war tent"" — Marcus Aurelius | Stoicism",0,0,2,https://youtube.com/shorts/KRx0Ilyp4yw
2026-07-20,2026-07-20T18:52:53Z,4DI30_vMW4c,"""Just this"" — Epictetus | Stoicism",28,2,2,https://youtube.com/shorts/4DI30_vMW4c
2026-07-20,2026-07-20T14:11:52Z,O7KgnV1ZDYk,"""Count them honestly"" — Musonius Rufus | Stoicism",48,0,2,https://youtube.com/shorts/O7KgnV1ZDYk
2026-07-20,2026-07-20T10:21:10Z,agIaFTXh7Sc,"""Rule 7: Fear only what is present"" — Seneca | Stoicism",133,7,2,https://youtube.com/shorts/agIaFTXh7Sc
2026-07-20,2026-07-19T23:03:53Z,iWl_7JmSmwE,"""He lost his entire fortune at sea"" — Zeno of Citium | Stoicism",136,4,2,https://youtube.com/shorts/iWl_7JmSmwE
2026-07-20,2026-07-19T17:53:42Z,DT7c3C1_OYY,"""Want less"" — Marcus Aurelius | Stoicism",208,1,2,https://youtube.com/shorts/DT7c3C1_OYY
2026-07-20,2026-07-19T13:21:32Z,_lo62w8PF4Q,"""Notice who holds the leash"" — Epictetus | Stoicism",642,10,2,https://youtube.com/shorts/_lo62w8PF4Q
2026-07-20,2026-07-19T09:12:24Z,hOqmlHpWstA,"""Rule 9: Train it, don't just know it"" — Musonius Rufus | Stoicism",626,9,2,https://youtube.com/shorts/hOqmlHpWstA
2026-07-20,2026-07-18T17:58:34Z,rVB5RYm10gU,"""Nero sent him one final order"" — Seneca | Stoicism",90,3,5,https://youtube.com/shorts/rVB5RYm10gU
2026-07-20,2026-07-18T13:13:01Z,MwljWYP8nXk,"""One road"" — Zeno of Citium | Stoicism",114,3,2,https://youtube.com/shorts/MwljWYP8nXk
2026-07-20,2026-07-18T09:00:03Z,BtNogrVRUlw,"""Stop rehearsing. Start living"" — Marcus Aurelius | Stoicism",174,6,2,https://youtube.com/shorts/BtNogrVRUlw
2026-07-20,2026-07-18T05:00:28Z,lZtc5TJ9Hcg,"""Rule 9: Keep your word like it's law"" — Epictetus | Stoicism",410,16,2,https://youtube.com/shorts/lZtc5TJ9Hcg
2026-07-20,2026-07-17T23:02:23Z,66Mi-VGpBzg,"""POV: You almost lied to keep him"" — Musonius Rufus | Stoicism",84,0,2,https://youtube.com/shorts/66Mi-VGpBzg
2026-07-20,2026-07-17T18:11:36Z,oRrUNukpLRM,"""Nero handed him a death sentence"" — Seneca | Stoicism",81,1,2,https://youtube.com/shorts/oRrUNukpLRM
2026-07-20,2026-07-17T16:25:13Z,fST-2ee7zOI,"""Nothing outside can reach it"" — Zeno of Citium | Stoicism",79,1,2,https://youtube.com/shorts/fST-2ee7zOI
2026-07-21,2026-07-21T18:14:46Z,Re7UwpZLpQY,"""This one breath"" — Zeno of Citium | Stoicism",0,0,2,https://youtube.com/shorts/Re7UwpZLpQY
2026-07-21,2026-07-20T23:12:53Z,KRx0Ilyp4yw,"""He ruled Rome from a war tent"" — Marcus Aurelius | Stoicism",51,1,2,https://youtube.com/shorts/KRx0Ilyp4yw
2026-07-21,2026-07-20T18:52:53Z,4DI30_vMW4c,"""Just this"" — Epictetus | Stoicism",103,3,2,https://youtube.com/shorts/4DI30_vMW4c
2026-07-21,2026-07-20T14:11:52Z,O7KgnV1ZDYk,"""Count them honestly"" — Musonius Rufus | Stoicism",91,1,2,https://youtube.com/shorts/O7KgnV1ZDYk
2026-07-21,2026-07-20T10:21:10Z,agIaFTXh7Sc,"""Rule 7: Fear only what is present"" — Seneca | Stoicism",259,9,2,https://youtube.com/shorts/agIaFTXh7Sc
2026-07-21,2026-07-19T23:03:53Z,iWl_7JmSmwE,"""He lost his entire fortune at sea"" — Zeno of Citium | Stoicism",154,4,2,https://youtube.com/shorts/iWl_7JmSmwE
2026-07-21,2026-07-19T17:53:42Z,DT7c3C1_OYY,"""Want less"" — Marcus Aurelius | Stoicism",228,1,2,https://youtube.com/shorts/DT7c3C1_OYY
2026-07-21,2026-07-19T13:21:32Z,_lo62w8PF4Q,"""Notice who holds the leash"" — Epictetus | Stoicism",643,10,2,https://youtube.com/shorts/_lo62w8PF4Q
2026-07-21,2026-07-19T09:12:24Z,hOqmlHpWstA,"""Rule 9: Train it, don't just know it"" — Musonius Rufus | Stoicism",627,9,2,https://youtube.com/shorts/hOqmlHpWstA
2026-07-21,2026-07-18T17:58:34Z,rVB5RYm10gU,"""Nero sent him one final order"" — Seneca | Stoicism",91,3,5,https://youtube.com/shorts/rVB5RYm10gU
2026-07-21,2026-07-18T13:13:01Z,MwljWYP8nXk,"""One road"" — Zeno of Citium | Stoicism",114,3,2,https://youtube.com/shorts/MwljWYP8nXk
2026-07-21,2026-07-18T09:00:03Z,BtNogrVRUlw,"""Stop rehearsing. Start living"" — Marcus Aurelius | Stoicism",174,6,2,https://youtube.com/shorts/BtNogrVRUlw
2026-07-21,2026-07-18T05:00:28Z,lZtc5TJ9Hcg,"""Rule 9: Keep your word like it's law"" — Epictetus | Stoicism",411,17,2,https://youtube.com/shorts/lZtc5TJ9Hcg
2026-07-21,2026-07-17T23:02:23Z,66Mi-VGpBzg,"""POV: You almost lied to keep him"" — Musonius Rufus | Stoicism",87,0,2,https://youtube.com/shorts/66Mi-VGpBzg
2026-07-21,2026-07-17T18:11:36Z,oRrUNukpLRM,"""Nero handed him a death sentence"" — Seneca | Stoicism",82,1,2,https://youtube.com/shorts/oRrUNukpLRM
2026-07-21,2026-07-21T18:15:13Z,Re7UwpZLpQY,"""This one breath"" — Zeno of Citium | Stoicism",21,1,2,https://youtube.com/shorts/Re7UwpZLpQY
2026-07-21,2026-07-20T23:12:53Z,KRx0Ilyp4yw,"""He ruled Rome from a war tent"" — Marcus Aurelius | Stoicism",56,1,2,https://youtube.com/shorts/KRx0Ilyp4yw
2026-07-21,2026-07-20T18:52:53Z,4DI30_vMW4c,"""Just this"" — Epictetus | Stoicism",103,3,2,https://youtube.com/shorts/4DI30_vMW4c
2026-07-21,2026-07-20T14:11:52Z,O7KgnV1ZDYk,"""Count them honestly"" — Musonius Rufus | Stoicism",100,3,2,https://youtube.com/shorts/O7KgnV1ZDYk
2026-07-21,2026-07-20T10:21:10Z,agIaFTXh7Sc,"""Rule 7: Fear only what is present"" — Seneca | Stoicism",271,9,2,https://youtube.com/shorts/agIaFTXh7Sc
2026-07-21,2026-07-19T23:03:53Z,iWl_7JmSmwE,"""He lost his entire fortune at sea"" — Zeno of Citium | Stoicism",155,4,2,https://youtube.com/shorts/iWl_7JmSmwE
2026-07-21,2026-07-19T17:53:42Z,DT7c3C1_OYY,"""Want less"" — Marcus Aurelius | Stoicism",233,1,2,https://youtube.com/shorts/DT7c3C1_OYY
2026-07-21,2026-07-19T13:21:32Z,_lo62w8PF4Q,"""Notice who holds the leash"" — Epictetus | Stoicism",643,10,2,https://youtube.com/shorts/_lo62w8PF4Q
2026-07-21,2026-07-19T09:12:24Z,hOqmlHpWstA,"""Rule 9: Train it, don't just know it"" — Musonius Rufus | Stoicism",627,9,2,https://youtube.com/shorts/hOqmlHpWstA
2026-07-21,2026-07-18T17:58:34Z,rVB5RYm10gU,"""Nero sent him one final order"" — Seneca | Stoicism",91,3,5,https://youtube.com/shorts/rVB5RYm10gU
2026-07-21,2026-07-18T13:13:01Z,MwljWYP8nXk,"""One road"" — Zeno of Citium | Stoicism",114,3,2,https://youtube.com/shorts/MwljWYP8nXk
2026-07-21,2026-07-18T09:00:03Z,BtNogrVRUlw,"""Stop rehearsing. Start living"" — Marcus Aurelius | Stoicism",174,6,2,https://youtube.com/shorts/BtNogrVRUlw
2026-07-21,2026-07-18T05:00:28Z,lZtc5TJ9Hcg,"""Rule 9: Keep your word like it's law"" — Epictetus | Stoicism",411,17,2,https://youtube.com/shorts/lZtc5TJ9Hcg
2026-07-21,2026-07-17T23:02:23Z,66Mi-VGpBzg,"""POV: You almost lied to keep him"" — Musonius Rufus | Stoicism",87,0,2,https://youtube.com/shorts/66Mi-VGpBzg
2026-07-21,2026-07-17T18:11:36Z,oRrUNukpLRM,"""Nero handed him a death sentence"" — Seneca | Stoicism",82,1,2,https://youtube.com/shorts/oRrUNukpLRM
2026-07-22,2026-07-22T18:13:42Z,BYUgo23sGmo,"""Rome's richest advisor lost it all"" — Seneca | Stoicism",0,0,2,https://youtube.com/shorts/BYUgo23sGmo
2026-07-22,2026-07-21T18:15:13Z,Re7UwpZLpQY,"""This one breath"" — Zeno of Citium | Stoicism",209,4,2,https://youtube.com/shorts/Re7UwpZLpQY
2026-07-22,2026-07-20T23:12:53Z,KRx0Ilyp4yw,"""He ruled Rome from a war tent"" — Marcus Aurelius | Stoicism",81,1,2,https://youtube.com/shorts/KRx0Ilyp4yw
2026-07-22,2026-07-20T18:52:53Z,4DI30_vMW4c,"""Just this"" — Epictetus | Stoicism",154,4,2,https://youtube.com/shorts/4DI30_vMW4c
2026-07-22,2026-07-20T14:11:52Z,O7KgnV1ZDYk,"""Count them honestly"" — Musonius Rufus | Stoicism",126,2,2,https://youtube.com/shorts/O7KgnV1ZDYk
2026-07-22,2026-07-20T10:21:10Z,agIaFTXh7Sc,"""Rule 7: Fear only what is present"" — Seneca | Stoicism",294,9,2,https://youtube.com/shorts/agIaFTXh7Sc
2026-07-22,2026-07-19T23:03:53Z,iWl_7JmSmwE,"""He lost his entire fortune at sea"" — Zeno of Citium | Stoicism",158,4,2,https://youtube.com/shorts/iWl_7JmSmwE
2026-07-22,2026-07-19T17:53:42Z,DT7c3C1_OYY,"""Want less"" — Marcus Aurelius | Stoicism",234,1,2,https://youtube.com/shorts/DT7c3C1_OYY
2026-07-22,2026-07-19T13:21:32Z,_lo62w8PF4Q,"""Notice who holds the leash"" — Epictetus | Stoicism",643,10,2,https://youtube.com/shorts/_lo62w8PF4Q
2026-07-22,2026-07-19T09:12:24Z,hOqmlHpWstA,"""Rule 9: Train it, don't just know it"" — Musonius Rufus | Stoicism",630,9,2,https://youtube.com/shorts/hOqmlHpWstA
2026-07-22,2026-07-18T17:58:34Z,rVB5RYm10gU,"""Nero sent him one final order"" — Seneca | Stoicism",91,3,5,https://youtube.com/shorts/rVB5RYm10gU
2026-07-22,2026-07-18T13:13:01Z,MwljWYP8nXk,"""One road"" — Zeno of Citium | Stoicism",114,3,2,https://youtube.com/shorts/MwljWYP8nXk
2026-07-22,2026-07-18T09:00:03Z,BtNogrVRUlw,"""Stop rehearsing. Start living"" — Marcus Aurelius | Stoicism",174,6,2,https://youtube.com/shorts/BtNogrVRUlw
2026-07-22,2026-07-18T05:00:28Z,lZtc5TJ9Hcg,"""Rule 9: Keep your word like it's law"" — Epictetus | Stoicism",412,17,2,https://youtube.com/shorts/lZtc5TJ9Hcg
2026-07-22,2026-07-17T23:02:23Z,66Mi-VGpBzg,"""POV: You almost lied to keep him"" — Musonius Rufus | Stoicism",86,0,2,https://youtube.com/shorts/66Mi-VGpBzg
2026-07-22,2026-07-22T18:14:11Z,BYUgo23sGmo,"""Rome's richest advisor lost it all"" — Seneca | Stoicism",8,0,2,https://youtube.com/shorts/BYUgo23sGmo
2026-07-22,2026-07-21T18:15:13Z,Re7UwpZLpQY,"""This one breath"" — Zeno of Citium | Stoicism",222,4,2,https://youtube.com/shorts/Re7UwpZLpQY
2026-07-22,2026-07-20T23:12:53Z,KRx0Ilyp4yw,"""He ruled Rome from a war tent"" — Marcus Aurelius | Stoicism",84,1,2,https://youtube.com/shorts/KRx0Ilyp4yw
2026-07-22,2026-07-20T18:52:53Z,4DI30_vMW4c,"""Just this"" — Epictetus | Stoicism",154,4,2,https://youtube.com/shorts/4DI30_vMW4c
2026-07-22,2026-07-20T14:11:52Z,O7KgnV1ZDYk,"""Count them honestly"" — Musonius Rufus | Stoicism",126,2,2,https://youtube.com/shorts/O7KgnV1ZDYk
2026-07-22,2026-07-20T10:21:10Z,agIaFTXh7Sc,"""Rule 7: Fear only what is present"" — Seneca | Stoicism",294,9,2,https://youtube.com/shorts/agIaFTXh7Sc
2026-07-22,2026-07-19T23:03:53Z,iWl_7JmSmwE,"""He lost his entire fortune at sea"" — Zeno of Citium | Stoicism",158,4,2,https://youtube.com/shorts/iWl_7JmSmwE
2026-07-22,2026-07-19T17:53:42Z,DT7c3C1_OYY,"""Want less"" — Marcus Aurelius | Stoicism",234,1,2,https://youtube.com/shorts/DT7c3C1_OYY
2026-07-22,2026-07-19T13:21:32Z,_lo62w8PF4Q,"""Notice who holds the leash"" — Epictetus | Stoicism",643,10,2,https://youtube.com/shorts/_lo62w8PF4Q
2026-07-22,2026-07-19T09:12:24Z,hOqmlHpWstA,"""Rule 9: Train it, don't just know it"" — Musonius Rufus | Stoicism",630,9,2,https://youtube.com/shorts/hOqmlHpWstA
2026-07-22,2026-07-18T17:58:34Z,rVB5RYm10gU,"""Nero sent him one final order"" — Seneca | Stoicism",91,3,5,https://youtube.com/shorts/rVB5RYm10gU
2026-07-22,2026-07-18T13:13:01Z,MwljWYP8nXk,"""One road"" — Zeno of Citium | Stoicism",114,3,2,https://youtube.com/shorts/MwljWYP8nXk
2026-07-22,2026-07-18T09:00:03Z,BtNogrVRUlw,"""Stop rehearsing. Start living"" — Marcus Aurelius | Stoicism",174,6,2,https://youtube.com/shorts/BtNogrVRUlw
2026-07-22,2026-07-18T05:00:28Z,lZtc5TJ9Hcg,"""Rule 9: Keep your word like it's law"" — Epictetus | Stoicism",412,17,2,https://youtube.com/shorts/lZtc5TJ9Hcg
2026-07-22,2026-07-17T23:02:23Z,66Mi-VGpBzg,"""POV: You almost lied to keep him"" — Musonius Rufus | Stoicism",86,0,2,https://youtube.com/shorts/66Mi-VGpBzg
2026-07-23,2026-07-23T18:13:56Z,ETHWgu_bQSk,"""Rule 7: Choose the hard thing first"" — Musonius Rufus | Stoicism",0,0,2,https://youtube.com/shorts/ETHWgu_bQSk
2026-07-23,2026-07-22T18:14:11Z,BYUgo23sGmo,"""Rome's richest advisor lost it all"" — Seneca | Stoicism",56,2,2,https://youtube.com/shorts/BYUgo23sGmo
2026-07-23,2026-07-21T18:15:13Z,Re7UwpZLpQY,"""This one breath"" — Zeno of Citium | Stoicism",252,4,2,https://youtube.com/shorts/Re7UwpZLpQY
2026-07-23,2026-07-20T23:12:53Z,KRx0Ilyp4yw,"""He ruled Rome from a war tent"" — Marcus Aurelius | Stoicism",89,1,2,https://youtube.com/shorts/KRx0Ilyp4yw
2026-07-23,2026-07-20T18:52:53Z,4DI30_vMW4c,"""Just this"" — Epictetus | Stoicism",164,4,2,https://youtube.com/shorts/4DI30_vMW4c
2026-07-23,2026-07-20T14:11:52Z,O7KgnV1ZDYk,"""Count them honestly"" — Musonius Rufus | Stoicism",126,2,2,https://youtube.com/shorts/O7KgnV1ZDYk
2026-07-23,2026-07-20T10:21:10Z,agIaFTXh7Sc,"""Rule 7: Fear only what is present"" — Seneca | Stoicism",294,9,2,https://youtube.com/shorts/agIaFTXh7Sc
2026-07-23,2026-07-19T23:03:53Z,iWl_7JmSmwE,"""He lost his entire fortune at sea"" — Zeno of Citium | Stoicism",158,4,2,https://youtube.com/shorts/iWl_7JmSmwE
2026-07-23,2026-07-19T17:53:42Z,DT7c3C1_OYY,"""Want less"" — Marcus Aurelius | Stoicism",234,1,2,https://youtube.com/shorts/DT7c3C1_OYY
2026-07-23,2026-07-19T13:21:32Z,_lo62w8PF4Q,"""Notice who holds the leash"" — Epictetus | Stoicism",641,10,2,https://youtube.com/shorts/_lo62w8PF4Q
2026-07-23,2026-07-19T09:12:24Z,hOqmlHpWstA,"""Rule 9: Train it, don't just know it"" — Musonius Rufus | Stoicism",630,9,2,https://youtube.com/shorts/hOqmlHpWstA
2026-07-23,2026-07-18T17:58:34Z,rVB5RYm10gU,"""Nero sent him one final order"" — Seneca | Stoicism",91,3,5,https://youtube.com/shorts/rVB5RYm10gU
2026-07-23,2026-07-18T13:13:01Z,MwljWYP8nXk,"""One road"" — Zeno of Citium | Stoicism",113,3,2,https://youtube.com/shorts/MwljWYP8nXk
2026-07-23,2026-07-18T09:00:03Z,BtNogrVRUlw,"""Stop rehearsing. Start living"" — Marcus Aurelius | Stoicism",174,6,2,https://youtube.com/shorts/BtNogrVRUlw
2026-07-23,2026-07-18T05:00:28Z,lZtc5TJ9Hcg,"""Rule 9: Keep your word like it's law"" — Epictetus | Stoicism",412,17,2,https://youtube.com/shorts/lZtc5TJ9Hcg
2026-07-23,2026-07-23T18:14:26Z,ETHWgu_bQSk,"""Rule 7: Choose the hard thing first"" — Musonius Rufus | Stoicism",4,1,2,https://youtube.com/shorts/ETHWgu_bQSk
2026-07-23,2026-07-22T18:14:11Z,BYUgo23sGmo,"""Rome's richest advisor lost it all"" — Seneca | Stoicism",83,2,2,https://youtube.com/shorts/BYUgo23sGmo
2026-07-23,2026-07-21T18:15:13Z,Re7UwpZLpQY,"""This one breath"" — Zeno of Citium | Stoicism",254,4,2,https://youtube.com/shorts/Re7UwpZLpQY
2026-07-23,2026-07-20T23:12:53Z,KRx0Ilyp4yw,"""He ruled Rome from a war tent"" — Marcus Aurelius | Stoicism",89,1,2,https://youtube.com/shorts/KRx0Ilyp4yw
2026-07-23,2026-07-20T18:52:53Z,4DI30_vMW4c,"""Just this"" — Epictetus | Stoicism",164,4,2,https://youtube.com/shorts/4DI30_vMW4c
2026-07-23,2026-07-20T14:11:52Z,O7KgnV1ZDYk,"""Count them honestly"" — Musonius Rufus | Stoicism",126,2,2,https://youtube.com/shorts/O7KgnV1ZDYk
2026-07-23,2026-07-20T10:21:10Z,agIaFTXh7Sc,"""Rule 7: Fear only what is present"" — Seneca | Stoicism",294,9,2,https://youtube.com/shorts/agIaFTXh7Sc
2026-07-23,2026-07-19T23:03:53Z,iWl_7JmSmwE,"""He lost his entire fortune at sea"" — Zeno of Citium | Stoicism",158,4,2,https://youtube.com/shorts/iWl_7JmSmwE
2026-07-23,2026-07-19T17:53:42Z,DT7c3C1_OYY,"""Want less"" — Marcus Aurelius | Stoicism",234,1,2,https://youtube.com/shorts/DT7c3C1_OYY
2026-07-23,2026-07-19T13:21:32Z,_lo62w8PF4Q,"""Notice who holds the leash"" — Epictetus | Stoicism",641,10,2,https://youtube.com/shorts/_lo62w8PF4Q
2026-07-23,2026-07-19T09:12:24Z,hOqmlHpWstA,"""Rule 9: Train it, don't just know it"" — Musonius Rufus | Stoicism",630,9,2,https://youtube.com/shorts/hOqmlHpWstA
2026-07-23,2026-07-18T17:58:34Z,rVB5RYm10gU,"""Nero sent him one final order"" — Seneca | Stoicism",91,3,5,https://youtube.com/shorts/rVB5RYm10gU
2026-07-23,2026-07-18T13:13:01Z,MwljWYP8nXk,"""One road"" — Zeno of Citium | Stoicism",113,3,2,https://youtube.com/shorts/MwljWYP8nXk
2026-07-23,2026-07-18T09:00:03Z,BtNogrVRUlw,"""Stop rehearsing. Start living"" — Marcus Aurelius | Stoicism",174,6,2,https://youtube.com/shorts/BtNogrVRUlw
2026-07-23,2026-07-18T05:00:28Z,lZtc5TJ9Hcg,"""Rule 9: Keep your word like it's law"" — Epictetus | Stoicism",412,17,2,https://youtube.com/shorts/lZtc5TJ9Hcg
2026-07-24,2026-07-24T18:24:35Z,900MwzqdebU,"""If someone got under your skin today—"" — Epictetus | Stoicism",0,0,2,https://youtube.com/shorts/900MwzqdebU
2026-07-24,2026-07-23T18:14:26Z,ETHWgu_bQSk,"""Rule 7: Choose the hard thing first"" — Musonius Rufus | Stoicism",34,1,2,https://youtube.com/shorts/ETHWgu_bQSk
2026-07-24,2026-07-22T18:14:11Z,BYUgo23sGmo,"""Rome's richest advisor lost it all"" — Seneca | Stoicism",121,2,2,https://youtube.com/shorts/BYUgo23sGmo
2026-07-24,2026-07-21T18:15:13Z,Re7UwpZLpQY,"""This one breath"" — Zeno of Citium | Stoicism",254,4,2,https://youtube.com/shorts/Re7UwpZLpQY
2026-07-24,2026-07-20T23:12:53Z,KRx0Ilyp4yw,"""He ruled Rome from a war tent"" — Marcus Aurelius | Stoicism",91,1,2,https://youtube.com/shorts/KRx0Ilyp4yw
2026-07-24,2026-07-20T18:52:53Z,4DI30_vMW4c,"""Just this"" — Epictetus | Stoicism",166,4,2,https://youtube.com/shorts/4DI30_vMW4c
2026-07-24,2026-07-20T14:11:52Z,O7KgnV1ZDYk,"""Count them honestly"" — Musonius Rufus | Stoicism",126,2,2,https://youtube.com/shorts/O7KgnV1ZDYk
2026-07-24,2026-07-20T10:21:10Z,agIaFTXh7Sc,"""Rule 7: Fear only what is present"" — Seneca | Stoicism",294,9,2,https://youtube.com/shorts/agIaFTXh7Sc
2026-07-24,2026-07-19T23:03:53Z,iWl_7JmSmwE,"""He lost his entire fortune at sea"" — Zeno of Citium | Stoicism",158,4,2,https://youtube.com/shorts/iWl_7JmSmwE
2026-07-24,2026-07-19T17:53:42Z,DT7c3C1_OYY,"""Want less"" — Marcus Aurelius | Stoicism",234,1,2,https://youtube.com/shorts/DT7c3C1_OYY
2026-07-24,2026-07-19T13:21:32Z,_lo62w8PF4Q,"""Notice who holds the leash"" — Epictetus | Stoicism",641,10,2,https://youtube.com/shorts/_lo62w8PF4Q
2026-07-24,2026-07-19T09:12:24Z,hOqmlHpWstA,"""Rule 9: Train it, don't just know it"" — Musonius Rufus | Stoicism",630,9,2,https://youtube.com/shorts/hOqmlHpWstA
2026-07-24,2026-07-18T17:58:34Z,rVB5RYm10gU,"""Nero sent him one final order"" — Seneca | Stoicism",91,3,5,https://youtube.com/shorts/rVB5RYm10gU
2026-07-24,2026-07-18T13:13:01Z,MwljWYP8nXk,"""One road"" — Zeno of Citium | Stoicism",113,3,2,https://youtube.com/shorts/MwljWYP8nXk
2026-07-24,2026-07-18T09:00:03Z,BtNogrVRUlw,"""Stop rehearsing. Start living"" — Marcus Aurelius | Stoicism",174,6,2,https://youtube.com/shorts/BtNogrVRUlw
2026-07-24,2026-07-24T18:25:17Z,900MwzqdebU,"""If someone got under your skin today—"" — Epictetus | Stoicism",40,1,2,https://youtube.com/shorts/900MwzqdebU
2026-07-24,2026-07-23T18:14:26Z,ETHWgu_bQSk,"""Rule 7: Choose the hard thing first"" — Musonius Rufus | Stoicism",35,1,2,https://youtube.com/shorts/ETHWgu_bQSk
2026-07-24,2026-07-22T18:14:11Z,BYUgo23sGmo,"""Rome's richest advisor lost it all"" — Seneca | Stoicism",121,2,2,https://youtube.com/shorts/BYUgo23sGmo
2026-07-24,2026-07-21T18:15:13Z,Re7UwpZLpQY,"""This one breath"" — Zeno of Citium | Stoicism",254,4,2,https://youtube.com/shorts/Re7UwpZLpQY
2026-07-24,2026-07-20T23:12:53Z,KRx0Ilyp4yw,"""He ruled Rome from a war tent"" — Marcus Aurelius | Stoicism",91,1,2,https://youtube.com/shorts/KRx0Ilyp4yw
2026-07-24,2026-07-20T18:52:53Z,4DI30_vMW4c,"""Just this"" — Epictetus | Stoicism",166,4,2,https://youtube.com/shorts/4DI30_vMW4c
2026-07-24,2026-07-20T14:11:52Z,O7KgnV1ZDYk,"""Count them honestly"" — Musonius Rufus | Stoicism",126,2,2,https://youtube.com/shorts/O7KgnV1ZDYk
2026-07-24,2026-07-20T10:21:10Z,agIaFTXh7Sc,"""Rule 7: Fear only what is present"" — Seneca | Stoicism",294,9,2,https://youtube.com/shorts/agIaFTXh7Sc
2026-07-24,2026-07-19T23:03:53Z,iWl_7JmSmwE,"""He lost his entire fortune at sea"" — Zeno of Citium | Stoicism",158,4,2,https://youtube.com/shorts/iWl_7JmSmwE
2026-07-24,2026-07-19T17:53:42Z,DT7c3C1_OYY,"""Want less"" — Marcus Aurelius | Stoicism",234,1,2,https://youtube.com/shorts/DT7c3C1_OYY
2026-07-24,2026-07-19T13:21:32Z,_lo62w8PF4Q,"""Notice who holds the leash"" — Epictetus | Stoicism",641,10,2,https://youtube.com/shorts/_lo62w8PF4Q
2026-07-24,2026-07-19T09:12:24Z,hOqmlHpWstA,"""Rule 9: Train it, don't just know it"" — Musonius Rufus | Stoicism",630,9,2,https://youtube.com/shorts/hOqmlHpWstA
2026-07-24,2026-07-18T17:58:34Z,rVB5RYm10gU,"""Nero sent him one final order"" — Seneca | Stoicism",91,3,5,https://youtube.com/shorts/rVB5RYm10gU
2026-07-24,2026-07-18T13:13:01Z,MwljWYP8nXk,"""One road"" — Zeno of Citium | Stoicism",113,3,2,https://youtube.com/shorts/MwljWYP8nXk
2026-07-24,2026-07-18T09:00:03Z,BtNogrVRUlw,"""Stop rehearsing. Start living"" — Marcus Aurelius | Stoicism",174,6,2,https://youtube.com/shorts/BtNogrVRUlw
2026-07-25,2026-07-24T18:25:17Z,900MwzqdebU,"""If someone got under your skin today—"" — Epictetus | Stoicism",198,4,2,https://youtube.com/shorts/900MwzqdebU
2026-07-25,2026-07-23T18:14:26Z,ETHWgu_bQSk,"""Rule 7: Choose the hard thing first"" — Musonius Rufus | Stoicism",44,2,2,https://youtube.com/shorts/ETHWgu_bQSk
2026-07-25,2026-07-22T18:14:11Z,BYUgo23sGmo,"""Rome's richest advisor lost it all"" — Seneca | Stoicism",123,2,2,https://youtube.com/shorts/BYUgo23sGmo
2026-07-25,2026-07-21T18:15:13Z,Re7UwpZLpQY,"""This one breath"" — Zeno of Citium | Stoicism",255,4,2,https://youtube.com/shorts/Re7UwpZLpQY
2026-07-25,2026-07-20T23:12:53Z,KRx0Ilyp4yw,"""He ruled Rome from a war tent"" — Marcus Aurelius | Stoicism",91,1,2,https://youtube.com/shorts/KRx0Ilyp4yw
2026-07-25,2026-07-20T18:52:53Z,4DI30_vMW4c,"""Just this"" — Epictetus | Stoicism",167,4,2,https://youtube.com/shorts/4DI30_vMW4c
2026-07-25,2026-07-20T14:11:52Z,O7KgnV1ZDYk,"""Count them honestly"" — Musonius Rufus | Stoicism",126,2,2,https://youtube.com/shorts/O7KgnV1ZDYk
2026-07-25,2026-07-20T10:21:10Z,agIaFTXh7Sc,"""Rule 7: Fear only what is present"" — Seneca | Stoicism",294,9,2,https://youtube.com/shorts/agIaFTXh7Sc
2026-07-25,2026-07-19T23:03:53Z,iWl_7JmSmwE,"""He lost his entire fortune at sea"" — Zeno of Citium | Stoicism",158,4,2,https://youtube.com/shorts/iWl_7JmSmwE
2026-07-25,2026-07-19T17:53:42Z,DT7c3C1_OYY,"""Want less"" — Marcus Aurelius | Stoicism",234,1,2,https://youtube.com/shorts/DT7c3C1_OYY
2026-07-25,2026-07-19T13:21:32Z,_lo62w8PF4Q,"""Notice who holds the leash"" — Epictetus | Stoicism",642,10,2,https://youtube.com/shorts/_lo62w8PF4Q
2026-07-25,2026-07-19T09:12:24Z,hOqmlHpWstA,"""Rule 9: Train it, don't just know it"" — Musonius Rufus | Stoicism",630,9,2,https://youtube.com/shorts/hOqmlHpWstA
2026-07-25,2026-07-18T17:58:34Z,rVB5RYm10gU,"""Nero sent him one final order"" — Seneca | Stoicism",91,3,5,https://youtube.com/shorts/rVB5RYm10gU
2026-07-25,2026-07-18T13:13:01Z,MwljWYP8nXk,"""One road"" — Zeno of Citium | Stoicism",113,3,2,https://youtube.com/shorts/MwljWYP8nXk
2026-07-25,2026-07-18T09:00:03Z,BtNogrVRUlw,"""Stop rehearsing. Start living"" — Marcus Aurelius | Stoicism",174,6,2,https://youtube.com/shorts/BtNogrVRUlw
2026-07-25,2026-07-25T17:56:45Z,ivoG9I1OMPU,"""The wanting hurts more"" — Marcus Aurelius | Stoicism",81,0,2,https://youtube.com/shorts/ivoG9I1OMPU
2026-07-25,2026-07-24T18:25:17Z,900MwzqdebU,"""If someone got under your skin today—"" — Epictetus | Stoicism",201,5,2,https://youtube.com/shorts/900MwzqdebU
2026-07-25,2026-07-23T18:14:26Z,ETHWgu_bQSk,"""Rule 7: Choose the hard thing first"" — Musonius Rufus | Stoicism",44,2,2,https://youtube.com/shorts/ETHWgu_bQSk
2026-07-25,2026-07-22T18:14:11Z,BYUgo23sGmo,"""Rome's richest advisor lost it all"" — Seneca | Stoicism",123,2,2,https://youtube.com/shorts/BYUgo23sGmo
2026-07-25,2026-07-21T18:15:13Z,Re7UwpZLpQY,"""This one breath"" — Zeno of Citium | Stoicism",255,4,2,https://youtube.com/shorts/Re7UwpZLpQY
2026-07-25,2026-07-20T23:12:53Z,KRx0Ilyp4yw,"""He ruled Rome from a war tent"" — Marcus Aurelius | Stoicism",91,1,2,https://youtube.com/shorts/KRx0Ilyp4yw
2026-07-25,2026-07-20T18:52:53Z,4DI30_vMW4c,"""Just this"" — Epictetus | Stoicism",167,4,2,https://youtube.com/shorts/4DI30_vMW4c
2026-07-25,2026-07-20T14:11:52Z,O7KgnV1ZDYk,"""Count them honestly"" — Musonius Rufus | Stoicism",126,2,2,https://youtube.com/shorts/O7KgnV1ZDYk
2026-07-25,2026-07-20T10:21:10Z,agIaFTXh7Sc,"""Rule 7: Fear only what is present"" — Seneca | Stoicism",294,9,2,https://youtube.com/shorts/agIaFTXh7Sc
2026-07-25,2026-07-19T23:03:53Z,iWl_7JmSmwE,"""He lost his entire fortune at sea"" — Zeno of Citium | Stoicism",158,4,2,https://youtube.com/shorts/iWl_7JmSmwE
2026-07-25,2026-07-19T17:53:42Z,DT7c3C1_OYY,"""Want less"" — Marcus Aurelius | Stoicism",234,1,2,https://youtube.com/shorts/DT7c3C1_OYY
2026-07-25,2026-07-19T13:21:32Z,_lo62w8PF4Q,"""Notice who holds the leash"" — Epictetus | Stoicism",642,10,2,https://youtube.com/shorts/_lo62w8PF4Q
2026-07-25,2026-07-19T09:12:24Z,hOqmlHpWstA,"""Rule 9: Train it, don't just know it"" — Musonius Rufus | Stoicism",630,9,2,https://youtube.com/shorts/hOqmlHpWstA
2026-07-25,2026-07-18T17:58:34Z,rVB5RYm10gU,"""Nero sent him one final order"" — Seneca | Stoicism",91,3,5,https://youtube.com/shorts/rVB5RYm10gU
2026-07-25,2026-07-18T13:13:01Z,MwljWYP8nXk,"""One road"" — Zeno of Citium | Stoicism",113,3,2,https://youtube.com/shorts/MwljWYP8nXk
2026-07-26,2026-07-25T17:56:45Z,ivoG9I1OMPU,"""The wanting hurts more"" — Marcus Aurelius | Stoicism",246,2,2,https://youtube.com/shorts/ivoG9I1OMPU
2026-07-26,2026-07-24T18:25:17Z,900MwzqdebU,"""If someone got under your skin today—"" — Epictetus | Stoicism",216,8,2,https://youtube.com/shorts/900MwzqdebU
2026-07-26,2026-07-23T18:14:26Z,ETHWgu_bQSk,"""Rule 7: Choose the hard thing first"" — Musonius Rufus | Stoicism",45,3,2,https://youtube.com/shorts/ETHWgu_bQSk
2026-07-26,2026-07-22T18:14:11Z,BYUgo23sGmo,"""Rome's richest advisor lost it all"" — Seneca | Stoicism",124,2,2,https://youtube.com/shorts/BYUgo23sGmo
2026-07-26,2026-07-21T18:15:13Z,Re7UwpZLpQY,"""This one breath"" — Zeno of Citium | Stoicism",255,4,2,https://youtube.com/shorts/Re7UwpZLpQY
2026-07-26,2026-07-20T23:12:53Z,KRx0Ilyp4yw,"""He ruled Rome from a war tent"" — Marcus Aurelius | Stoicism",91,1,2,https://youtube.com/shorts/KRx0Ilyp4yw
2026-07-26,2026-07-20T18:52:53Z,4DI30_vMW4c,"""Just this"" — Epictetus | Stoicism",167,4,2,https://youtube.com/shorts/4DI30_vMW4c
2026-07-26,2026-07-20T14:11:52Z,O7KgnV1ZDYk,"""Count them honestly"" — Musonius Rufus | Stoicism",126,2,2,https://youtube.com/shorts/O7KgnV1ZDYk
2026-07-26,2026-07-20T10:21:10Z,agIaFTXh7Sc,"""Rule 7: Fear only what is present"" — Seneca | Stoicism",294,9,2,https://youtube.com/shorts/agIaFTXh7Sc
2026-07-26,2026-07-19T23:03:53Z,iWl_7JmSmwE,"""He lost his entire fortune at sea"" — Zeno of Citium | Stoicism",158,4,2,https://youtube.com/shorts/iWl_7JmSmwE
2026-07-26,2026-07-19T17:53:42Z,DT7c3C1_OYY,"""Want less"" — Marcus Aurelius | Stoicism",234,1,2,https://youtube.com/shorts/DT7c3C1_OYY
2026-07-26,2026-07-19T13:21:32Z,_lo62w8PF4Q,"""Notice who holds the leash"" — Epictetus | Stoicism",642,10,2,https://youtube.com/shorts/_lo62w8PF4Q
2026-07-26,2026-07-19T09:12:24Z,hOqmlHpWstA,"""Rule 9: Train it, don't just know it"" — Musonius Rufus | Stoicism",631,9,2,https://youtube.com/shorts/hOqmlHpWstA
2026-07-26,2026-07-18T17:58:34Z,rVB5RYm10gU,"""Nero sent him one final order"" — Seneca | Stoicism",91,3,5,https://youtube.com/shorts/rVB5RYm10gU
2026-07-26,2026-07-18T13:13:01Z,MwljWYP8nXk,"""One road"" — Zeno of Citium | Stoicism",113,3,2,https://youtube.com/shorts/MwljWYP8nXk
2026-07-26,2026-07-25T17:56:45Z,ivoG9I1OMPU,"""The wanting hurts more"" — Marcus Aurelius | Stoicism",253,3,2,https://youtube.com/shorts/ivoG9I1OMPU
2026-07-26,2026-07-24T18:25:17Z,900MwzqdebU,"""If someone got under your skin today—"" — Epictetus | Stoicism",216,8,2,https://youtube.com/shorts/900MwzqdebU
2026-07-26,2026-07-23T18:14:26Z,ETHWgu_bQSk,"""Rule 7: Choose the hard thing first"" — Musonius Rufus | Stoicism",45,3,2,https://youtube.com/shorts/ETHWgu_bQSk
2026-07-26,2026-07-22T18:14:11Z,BYUgo23sGmo,"""Rome's richest advisor lost it all"" — Seneca | Stoicism",124,2,2,https://youtube.com/shorts/BYUgo23sGmo
2026-07-26,2026-07-21T18:15:13Z,Re7UwpZLpQY,"""This one breath"" — Zeno of Citium | Stoicism",255,4,2,https://youtube.com/shorts/Re7UwpZLpQY
2026-07-26,2026-07-20T23:12:53Z,KRx0Ilyp4yw,"""He ruled Rome from a war tent"" — Marcus Aurelius | Stoicism",91,1,2,https://youtube.com/shorts/KRx0Ilyp4yw
2026-07-26,2026-07-20T18:52:53Z,4DI30_vMW4c,"""Just this"" — Epictetus | Stoicism",167,4,2,https://youtube.com/shorts/4DI30_vMW4c
2026-07-26,2026-07-20T14:11:52Z,O7KgnV1ZDYk,"""Count them honestly"" — Musonius Rufus | Stoicism",126,2,2,https://youtube.com/shorts/O7KgnV1ZDYk
2026-07-26,2026-07-20T10:21:10Z,agIaFTXh7Sc,"""Rule 7: Fear only what is present"" — Seneca | Stoicism",294,9,2,https://youtube.com/shorts/agIaFTXh7Sc
2026-07-26,2026-07-19T23:03:53Z,iWl_7JmSmwE,"""He lost his entire fortune at sea"" — Zeno of Citium | Stoicism",158,4,2,https://youtube.com/shorts/iWl_7JmSmwE
2026-07-26,2026-07-19T17:53:42Z,DT7c3C1_OYY,"""Want less"" — Marcus Aurelius | Stoicism",234,1,2,https://youtube.com/shorts/DT7c3C1_OYY
2026-07-26,2026-07-19T13:21:32Z,_lo62w8PF4Q,"""Notice who holds the leash"" — Epictetus | Stoicism",642,10,2,https://youtube.com/shorts/_lo62w8PF4Q
2026-07-26,2026-07-19T09:12:24Z,hOqmlHpWstA,"""Rule 9: Train it, don't just know it"" — Musonius Rufus | Stoicism",631,9,2,https://youtube.com/shorts/hOqmlHpWstA
2026-07-26,2026-07-18T17:58:34Z,rVB5RYm10gU,"""Nero sent him one final order"" — Seneca | Stoicism",91,3,5,https://youtube.com/shorts/rVB5RYm10gU
2026-07-26,2026-07-18T13:13:01Z,MwljWYP8nXk,"""One road"" — Zeno of Citium | Stoicism",113,3,2,https://youtube.com/shorts/MwljWYP8nXk
2026-07-27,2026-07-25T17:56:45Z,ivoG9I1OMPU,"""The wanting hurts more"" — Marcus Aurelius | Stoicism",302,5,2,https://youtube.com/shorts/ivoG9I1OMPU
2026-07-27,2026-07-24T18:25:17Z,900MwzqdebU,"""If someone got under your skin today—"" — Epictetus | Stoicism",218,8,2,https://youtube.com/shorts/900MwzqdebU
2026-07-27,2026-07-23T18:14:26Z,ETHWgu_bQSk,"""Rule 7: Choose the hard thing first"" — Musonius Rufus | Stoicism",45,3,2,https://youtube.com/shorts/ETHWgu_bQSk
2026-07-27,2026-07-22T18:14:11Z,BYUgo23sGmo,"""Rome's richest advisor lost it all"" — Seneca | Stoicism",124,2,2,https://youtube.com/shorts/BYUgo23sGmo
2026-07-27,2026-07-21T18:15:13Z,Re7UwpZLpQY,"""This one breath"" — Zeno of Citium | Stoicism",255,4,2,https://youtube.com/shorts/Re7UwpZLpQY
2026-07-27,2026-07-20T23:12:53Z,KRx0Ilyp4yw,"""He ruled Rome from a war tent"" — Marcus Aurelius | Stoicism",91,1,2,https://youtube.com/shorts/KRx0Ilyp4yw
2026-07-27,2026-07-20T18:52:53Z,4DI30_vMW4c,"""Just this"" — Epictetus | Stoicism",167,4,2,https://youtube.com/shorts/4DI30_vMW4c
2026-07-27,2026-07-20T14:11:52Z,O7KgnV1ZDYk,"""Count them honestly"" — Musonius Rufus | Stoicism",126,2,2,https://youtube.com/shorts/O7KgnV1ZDYk
2026-07-27,2026-07-20T10:21:10Z,agIaFTXh7Sc,"""Rule 7: Fear only what is present"" — Seneca | Stoicism",294,9,2,https://youtube.com/shorts/agIaFTXh7Sc
2026-07-27,2026-07-19T23:03:53Z,iWl_7JmSmwE,"""He lost his entire fortune at sea"" — Zeno of Citium | Stoicism",158,4,2,https://youtube.com/shorts/iWl_7JmSmwE
2026-07-27,2026-07-19T17:53:42Z,DT7c3C1_OYY,"""Want less"" — Marcus Aurelius | Stoicism",234,1,2,https://youtube.com/shorts/DT7c3C1_OYY
2026-07-27,2026-07-19T13:21:32Z,_lo62w8PF4Q,"""Notice who holds the leash"" — Epictetus | Stoicism",642,10,2,https://youtube.com/shorts/_lo62w8PF4Q
2026-07-27,2026-07-19T09:12:24Z,hOqmlHpWstA,"""Rule 9: Train it, don't just know it"" — Musonius Rufus | Stoicism",631,9,2,https://youtube.com/shorts/hOqmlHpWstA
2026-07-27,2026-07-18T17:58:34Z,rVB5RYm10gU,"""Nero sent him one final order"" — Seneca | Stoicism",91,3,5,https://youtube.com/shorts/rVB5RYm10gU
2026-07-27,2026-07-18T13:13:01Z,MwljWYP8nXk,"""One road"" — Zeno of Citium | Stoicism",113,3,2,https://youtube.com/shorts/MwljWYP8nXk
2026-07-27,2026-07-27T11:07:41Z,q1aEaq6nyvg,"""One step is enough"" — Zeno of Citium | Stoicism",0,0,2,https://youtube.com/shorts/q1aEaq6nyvg
2026-07-27,2026-07-25T17:56:45Z,ivoG9I1OMPU,"""The wanting hurts more"" — Marcus Aurelius | Stoicism",300,5,2,https://youtube.com/shorts/ivoG9I1OMPU
2026-07-27,2026-07-24T18:25:17Z,900MwzqdebU,"""If someone got under your skin today—"" — Epictetus | Stoicism",218,8,2,https://youtube.com/shorts/900MwzqdebU
2026-07-27,2026-07-23T18:14:26Z,ETHWgu_bQSk,"""Rule 7: Choose the hard thing first"" — Musonius Rufus | Stoicism",45,3,2,https://youtube.com/shorts/ETHWgu_bQSk
2026-07-27,2026-07-22T18:14:11Z,BYUgo23sGmo,"""Rome's richest advisor lost it all"" — Seneca | Stoicism",124,2,2,https://youtube.com/shorts/BYUgo23sGmo
2026-07-27,2026-07-21T18:15:13Z,Re7UwpZLpQY,"""This one breath"" — Zeno of Citium | Stoicism",255,4,2,https://youtube.com/shorts/Re7UwpZLpQY
2026-07-27,2026-07-20T23:12:53Z,KRx0Ilyp4yw,"""He ruled Rome from a war tent"" — Marcus Aurelius | Stoicism",91,1,2,https://youtube.com/shorts/KRx0Ilyp4yw
2026-07-27,2026-07-20T18:52:53Z,4DI30_vMW4c,"""Just this"" — Epictetus | Stoicism",167,4,2,https://youtube.com/shorts/4DI30_vMW4c
2026-07-27,2026-07-20T14:11:52Z,O7KgnV1ZDYk,"""Count them honestly"" — Musonius Rufus | Stoicism",126,2,2,https://youtube.com/shorts/O7KgnV1ZDYk
2026-07-27,2026-07-20T10:21:10Z,agIaFTXh7Sc,"""Rule 7: Fear only what is present"" — Seneca | Stoicism",294,9,2,https://youtube.com/shorts/agIaFTXh7Sc
2026-07-27,2026-07-19T23:03:53Z,iWl_7JmSmwE,"""He lost his entire fortune at sea"" — Zeno of Citium | Stoicism",158,4,2,https://youtube.com/shorts/iWl_7JmSmwE
2026-07-27,2026-07-19T17:53:42Z,DT7c3C1_OYY,"""Want less"" — Marcus Aurelius | Stoicism",234,1,2,https://youtube.com/shorts/DT7c3C1_OYY
2026-07-27,2026-07-19T13:21:32Z,_lo62w8PF4Q,"""Notice who holds the leash"" — Epictetus | Stoicism",642,10,2,https://youtube.com/shorts/_lo62w8PF4Q
2026-07-27,2026-07-19T09:12:24Z,hOqmlHpWstA,"""Rule 9: Train it, don't just know it"" — Musonius Rufus | Stoicism",631,9,2,https://youtube.com/shorts/hOqmlHpWstA
2026-07-27,2026-07-18T17:58:34Z,rVB5RYm10gU,"""Nero sent him one final order"" — Seneca | Stoicism",91,3,5,https://youtube.com/shorts/rVB5RYm10gU
2026-07-27,2026-07-27T17:05:01Z,xSm0tAGdyOk,"""His last letters, written while marked for death"" — Seneca | Stoicism",1,0,2,https://youtube.com/shorts/xSm0tAGdyOk
2026-07-27,2026-07-27T11:07:41Z,q1aEaq6nyvg,"""One step is enough"" — Zeno of Citium | Stoicism",463,14,2,https://youtube.com/shorts/q1aEaq6nyvg
2026-07-27,2026-07-25T17:56:45Z,ivoG9I1OMPU,"""The wanting hurts more"" — Marcus Aurelius | Stoicism",316,5,2,https://youtube.com/shorts/ivoG9I1OMPU
2026-07-27,2026-07-24T18:25:17Z,900MwzqdebU,"""If someone got under your skin today—"" — Epictetus | Stoicism",219,8,2,https://youtube.com/shorts/900MwzqdebU
2026-07-27,2026-07-23T18:14:26Z,ETHWgu_bQSk,"""Rule 7: Choose the hard thing first"" — Musonius Rufus | Stoicism",45,3,2,https://youtube.com/shorts/ETHWgu_bQSk
2026-07-27,2026-07-22T18:14:11Z,BYUgo23sGmo,"""Rome's richest advisor lost it all"" — Seneca | Stoicism",124,2,2,https://youtube.com/shorts/BYUgo23sGmo
2026-07-27,2026-07-21T18:15:13Z,Re7UwpZLpQY,"""This one breath"" — Zeno of Citium | Stoicism",255,4,2,https://youtube.com/shorts/Re7UwpZLpQY
2026-07-27,2026-07-20T23:12:53Z,KRx0Ilyp4yw,"""He ruled Rome from a war tent"" — Marcus Aurelius | Stoicism",91,1,2,https://youtube.com/shorts/KRx0Ilyp4yw
2026-07-27,2026-07-20T18:52:53Z,4DI30_vMW4c,"""Just this"" — Epictetus | Stoicism",167,4,2,https://youtube.com/shorts/4DI30_vMW4c
2026-07-27,2026-07-20T14:11:52Z,O7KgnV1ZDYk,"""Count them honestly"" — Musonius Rufus | Stoicism",126,2,2,https://youtube.com/shorts/O7KgnV1ZDYk
2026-07-27,2026-07-20T10:21:10Z,agIaFTXh7Sc,"""Rule 7: Fear only what is present"" — Seneca | Stoicism",294,9,2,https://youtube.com/shorts/agIaFTXh7Sc
2026-07-27,2026-07-19T23:03:53Z,iWl_7JmSmwE,"""He lost his entire fortune at sea"" — Zeno of Citium | Stoicism",158,4,2,https://youtube.com/shorts/iWl_7JmSmwE
2026-07-27,2026-07-19T17:53:42Z,DT7c3C1_OYY,"""Want less"" — Marcus Aurelius | Stoicism",234,1,2,https://youtube.com/shorts/DT7c3C1_OYY
2026-07-27,2026-07-19T13:21:32Z,_lo62w8PF4Q,"""Notice who holds the leash"" — Epictetus | Stoicism",642,10,2,https://youtube.com/shorts/_lo62w8PF4Q
2026-07-27,2026-07-19T09:12:24Z,hOqmlHpWstA,"""Rule 9: Train it, don't just know it"" — Musonius Rufus | Stoicism",631,9,2,https://youtube.com/shorts/hOqmlHpWstA
2026-07-27,2026-07-27T17:05:01Z,xSm0tAGdyOk,"""His last letters, written while marked for death"" — Seneca | Stoicism",56,0,2,https://youtube.com/shorts/xSm0tAGdyOk
2026-07-27,2026-07-27T11:07:41Z,q1aEaq6nyvg,"""One step is enough"" — Zeno of Citium | Stoicism",559,15,2,https://youtube.com/shorts/q1aEaq6nyvg
2026-07-27,2026-07-25T17:56:45Z,ivoG9I1OMPU,"""The wanting hurts more"" — Marcus Aurelius | Stoicism",321,5,2,https://youtube.com/shorts/ivoG9I1OMPU
2026-07-27,2026-07-24T18:25:17Z,900MwzqdebU,"""If someone got under your skin today—"" — Epictetus | Stoicism",219,8,2,https://youtube.com/shorts/900MwzqdebU
2026-07-27,2026-07-23T18:14:26Z,ETHWgu_bQSk,"""Rule 7: Choose the hard thing first"" — Musonius Rufus | Stoicism",46,3,2,https://youtube.com/shorts/ETHWgu_bQSk
2026-07-27,2026-07-22T18:14:11Z,BYUgo23sGmo,"""Rome's richest advisor lost it all"" — Seneca | Stoicism",124,2,2,https://youtube.com/shorts/BYUgo23sGmo
2026-07-27,2026-07-21T18:15:13Z,Re7UwpZLpQY,"""This one breath"" — Zeno of Citium | Stoicism",255,4,2,https://youtube.com/shorts/Re7UwpZLpQY
2026-07-27,2026-07-20T23:12:53Z,KRx0Ilyp4yw,"""He ruled Rome from a war tent"" — Marcus Aurelius | Stoicism",91,1,2,https://youtube.com/shorts/KRx0Ilyp4yw
2026-07-27,2026-07-20T18:52:53Z,4DI30_vMW4c,"""Just this"" — Epictetus | Stoicism",167,4,2,https://youtube.com/shorts/4DI30_vMW4c
2026-07-27,2026-07-20T14:11:52Z,O7KgnV1ZDYk,"""Count them honestly"" — Musonius Rufus | Stoicism",126,2,2,https://youtube.com/shorts/O7KgnV1ZDYk
2026-07-27,2026-07-20T10:21:10Z,agIaFTXh7Sc,"""Rule 7: Fear only what is present"" — Seneca | Stoicism",294,9,2,https://youtube.com/shorts/agIaFTXh7Sc
2026-07-27,2026-07-19T23:03:53Z,iWl_7JmSmwE,"""He lost his entire fortune at sea"" — Zeno of Citium | Stoicism",158,4,2,https://youtube.com/shorts/iWl_7JmSmwE
2026-07-27,2026-07-19T17:53:42Z,DT7c3C1_OYY,"""Want less"" — Marcus Aurelius | Stoicism",234,1,2,https://youtube.com/shorts/DT7c3C1_OYY
2026-07-27,2026-07-19T13:21:32Z,_lo62w8PF4Q,"""Notice who holds the leash"" — Epictetus | Stoicism",642,10,2,https://youtube.com/shorts/_lo62w8PF4Q
2026-07-27,2026-07-19T09:12:24Z,hOqmlHpWstA,"""Rule 9: Train it, don't just know it"" — Musonius Rufus | Stoicism",631,9,2,https://youtube.com/shorts/hOqmlHpWstA
2026-07-27,2026-07-27T22:38:18Z,KJJ308qm1cM,"""Rule 7: Never keep a friend who makes you smaller"" — Musonius Rufus | Stoicism",4,0,2,https://youtube.com/shorts/KJJ308qm1cM
2026-07-27,2026-07-27T17:05:01Z,xSm0tAGdyOk,"""His last letters, written while marked for death"" — Seneca | Stoicism",56,0,2,https://youtube.com/shorts/xSm0tAGdyOk
2026-07-27,2026-07-27T11:07:41Z,q1aEaq6nyvg,"""One step is enough"" — Zeno of Citium | Stoicism",559,15,2,https://youtube.com/shorts/q1aEaq6nyvg
2026-07-27,2026-07-25T17:56:45Z,ivoG9I1OMPU,"""The wanting hurts more"" — Marcus Aurelius | Stoicism",325,5,2,https://youtube.com/shorts/ivoG9I1OMPU
2026-07-27,2026-07-24T18:25:17Z,900MwzqdebU,"""If someone got under your skin today—"" — Epictetus | Stoicism",219,8,2,https://youtube.com/shorts/900MwzqdebU
2026-07-27,2026-07-23T18:14:26Z,ETHWgu_bQSk,"""Rule 7: Choose the hard thing first"" — Musonius Rufus | Stoicism",46,3,2,https://youtube.com/shorts/ETHWgu_bQSk
2026-07-27,2026-07-22T18:14:11Z,BYUgo23sGmo,"""Rome's richest advisor lost it all"" — Seneca | Stoicism",124,2,2,https://youtube.com/shorts/BYUgo23sGmo
2026-07-27,2026-07-21T18:15:13Z,Re7UwpZLpQY,"""This one breath"" — Zeno of Citium | Stoicism",255,4,2,https://youtube.com/shorts/Re7UwpZLpQY
2026-07-27,2026-07-20T23:12:53Z,KRx0Ilyp4yw,"""He ruled Rome from a war tent"" — Marcus Aurelius | Stoicism",91,1,2,https://youtube.com/shorts/KRx0Ilyp4yw
2026-07-27,2026-07-20T18:52:53Z,4DI30_vMW4c,"""Just this"" — Epictetus | Stoicism",167,4,2,https://youtube.com/shorts/4DI30_vMW4c
2026-07-27,2026-07-20T14:11:52Z,O7KgnV1ZDYk,"""Count them honestly"" — Musonius Rufus | Stoicism",126,2,2,https://youtube.com/shorts/O7KgnV1ZDYk
2026-07-27,2026-07-20T10:21:10Z,agIaFTXh7Sc,"""Rule 7: Fear only what is present"" — Seneca | Stoicism",294,9,2,https://youtube.com/shorts/agIaFTXh7Sc
2026-07-27,2026-07-19T23:03:53Z,iWl_7JmSmwE,"""He lost his entire fortune at sea"" — Zeno of Citium | Stoicism",158,4,2,https://youtube.com/shorts/iWl_7JmSmwE
2026-07-27,2026-07-19T17:53:42Z,DT7c3C1_OYY,"""Want less"" — Marcus Aurelius | Stoicism",234,1,2,https://youtube.com/shorts/DT7c3C1_OYY
2026-07-27,2026-07-19T13:21:32Z,_lo62w8PF4Q,"""Notice who holds the leash"" — Epictetus | Stoicism",642,10,2,https://youtube.com/shorts/_lo62w8PF4Q
2026-07-28,2026-07-28T00:13:09Z,8681Jg8vE7I,"""If today asked too much of you—"" — Epictetus | Stoicism",0,0,2,https://youtube.com/shorts/8681Jg8vE7I
2026-07-28,2026-07-27T22:38:18Z,KJJ308qm1cM,"""Rule 7: Never keep a friend who makes you smaller"" — Musonius Rufus | Stoicism",83,0,2,https://youtube.com/shorts/KJJ308qm1cM
2026-07-28,2026-07-27T17:05:01Z,xSm0tAGdyOk,"""His last letters, written while marked for death"" — Seneca | Stoicism",84,1,2,https://youtube.com/shorts/xSm0tAGdyOk
2026-07-28,2026-07-27T11:07:41Z,q1aEaq6nyvg,"""One step is enough"" — Zeno of Citium | Stoicism",583,17,2,https://youtube.com/shorts/q1aEaq6nyvg
2026-07-28,2026-07-25T17:56:45Z,ivoG9I1OMPU,"""The wanting hurts more"" — Marcus Aurelius | Stoicism",325,5,2,https://youtube.com/shorts/ivoG9I1OMPU
2026-07-28,2026-07-24T18:25:17Z,900MwzqdebU,"""If someone got under your skin today—"" — Epictetus | Stoicism",221,8,2,https://youtube.com/shorts/900MwzqdebU
2026-07-28,2026-07-23T18:14:26Z,ETHWgu_bQSk,"""Rule 7: Choose the hard thing first"" — Musonius Rufus | Stoicism",46,3,2,https://youtube.com/shorts/ETHWgu_bQSk
2026-07-28,2026-07-22T18:14:11Z,BYUgo23sGmo,"""Rome's richest advisor lost it all"" — Seneca | Stoicism",124,2,2,https://youtube.com/shorts/BYUgo23sGmo
2026-07-28,2026-07-21T18:15:13Z,Re7UwpZLpQY,"""This one breath"" — Zeno of Citium | Stoicism",255,4,2,https://youtube.com/shorts/Re7UwpZLpQY
2026-07-28,2026-07-20T23:12:53Z,KRx0Ilyp4yw,"""He ruled Rome from a war tent"" — Marcus Aurelius | Stoicism",91,1,2,https://youtube.com/shorts/KRx0Ilyp4yw
2026-07-28,2026-07-20T18:52:53Z,4DI30_vMW4c,"""Just this"" — Epictetus | Stoicism",167,4,2,https://youtube.com/shorts/4DI30_vMW4c
2026-07-28,2026-07-20T14:11:52Z,O7KgnV1ZDYk,"""Count them honestly"" — Musonius Rufus | Stoicism",126,2,2,https://youtube.com/shorts/O7KgnV1ZDYk
2026-07-28,2026-07-20T10:21:10Z,agIaFTXh7Sc,"""Rule 7: Fear only what is present"" — Seneca | Stoicism",294,9,2,https://youtube.com/shorts/agIaFTXh7Sc
2026-07-28,2026-07-19T23:03:53Z,iWl_7JmSmwE,"""He lost his entire fortune at sea"" — Zeno of Citium | Stoicism",158,4,2,https://youtube.com/shorts/iWl_7JmSmwE
2026-07-28,2026-07-19T17:53:42Z,DT7c3C1_OYY,"""Want less"" — Marcus Aurelius | Stoicism",234,1,2,https://youtube.com/shorts/DT7c3C1_OYY
2026-07-28,2026-07-28T05:52:41Z,Me2dhbMRuRw,"""Move with a reason"" — Marcus Aurelius | Stoicism",1,0,2,https://youtube.com/shorts/Me2dhbMRuRw
2026-07-28,2026-07-28T00:13:09Z,8681Jg8vE7I,"""If today asked too much of you—"" — Epictetus | Stoicism",325,4,2,https://youtube.com/shorts/8681Jg8vE7I
2026-07-28,2026-07-27T22:38:18Z,KJJ308qm1cM,"""Rule 7: Never keep a friend who makes you smaller"" — Musonius Rufus | Stoicism",333,9,2,https://youtube.com/shorts/KJJ308qm1cM
2026-07-28,2026-07-27T17:05:01Z,xSm0tAGdyOk,"""His last letters, written while marked for death"" — Seneca | Stoicism",106,2,2,https://youtube.com/shorts/xSm0tAGdyOk
2026-07-28,2026-07-27T11:07:41Z,q1aEaq6nyvg,"""One step is enough"" — Zeno of Citium | Stoicism",636,18,2,https://youtube.com/shorts/q1aEaq6nyvg
2026-07-28,2026-07-25T17:56:45Z,ivoG9I1OMPU,"""The wanting hurts more"" — Marcus Aurelius | Stoicism",330,5,2,https://youtube.com/shorts/ivoG9I1OMPU
2026-07-28,2026-07-24T18:25:17Z,900MwzqdebU,"""If someone got under your skin today—"" — Epictetus | Stoicism",221,8,2,https://youtube.com/shorts/900MwzqdebU
2026-07-28,2026-07-23T18:14:26Z,ETHWgu_bQSk,"""Rule 7: Choose the hard thing first"" — Musonius Rufus | Stoicism",47,3,2,https://youtube.com/shorts/ETHWgu_bQSk
2026-07-28,2026-07-22T18:14:11Z,BYUgo23sGmo,"""Rome's richest advisor lost it all"" — Seneca | Stoicism",124,2,2,https://youtube.com/shorts/BYUgo23sGmo
2026-07-28,2026-07-21T18:15:13Z,Re7UwpZLpQY,"""This one breath"" — Zeno of Citium | Stoicism",255,4,2,https://youtube.com/shorts/Re7UwpZLpQY
2026-07-28,2026-07-20T23:12:53Z,KRx0Ilyp4yw,"""He ruled Rome from a war tent"" — Marcus Aurelius | Stoicism",91,1,2,https://youtube.com/shorts/KRx0Ilyp4yw
2026-07-28,2026-07-20T18:52:53Z,4DI30_vMW4c,"""Just this"" — Epictetus | Stoicism",167,4,2,https://youtube.com/shorts/4DI30_vMW4c
2026-07-28,2026-07-20T14:11:52Z,O7KgnV1ZDYk,"""Count them honestly"" — Musonius Rufus | Stoicism",126,2,2,https://youtube.com/shorts/O7KgnV1ZDYk
2026-07-28,2026-07-20T10:21:10Z,agIaFTXh7Sc,"""Rule 7: Fear only what is present"" — Seneca | Stoicism",294,9,2,https://youtube.com/shorts/agIaFTXh7Sc
2026-07-28,2026-07-19T23:03:53Z,iWl_7JmSmwE,"""He lost his entire fortune at sea"" — Zeno of Citium | Stoicism",158,4,2,https://youtube.com/shorts/iWl_7JmSmwE
2026-07-28,2026-07-28T09:47:45Z,92VZI46v6WA,"""Right on time"" — Zeno of Citium | Stoicism",0,0,2,https://youtube.com/shorts/92VZI46v6WA
2026-07-28,2026-07-28T05:52:41Z,Me2dhbMRuRw,"""Move with a reason"" — Marcus Aurelius | Stoicism",80,2,2,https://youtube.com/shorts/Me2dhbMRuRw
2026-07-28,2026-07-28T00:13:09Z,8681Jg8vE7I,"""If today asked too much of you—"" — Epictetus | Stoicism",430,5,2,https://youtube.com/shorts/8681Jg8vE7I
2026-07-28,2026-07-27T22:38:18Z,KJJ308qm1cM,"""Rule 7: Never keep a friend who makes you smaller"" — Musonius Rufus | Stoicism",455,14,2,https://youtube.com/shorts/KJJ308qm1cM
2026-07-28,2026-07-27T17:05:01Z,xSm0tAGdyOk,"""His last letters, written while marked for death"" — Seneca | Stoicism",116,3,2,https://youtube.com/shorts/xSm0tAGdyOk
2026-07-28,2026-07-27T11:07:41Z,q1aEaq6nyvg,"""One step is enough"" — Zeno of Citium | Stoicism",656,18,2,https://youtube.com/shorts/q1aEaq6nyvg
2026-07-28,2026-07-25T17:56:45Z,ivoG9I1OMPU,"""The wanting hurts more"" — Marcus Aurelius | Stoicism",330,5,2,https://youtube.com/shorts/ivoG9I1OMPU
2026-07-28,2026-07-24T18:25:17Z,900MwzqdebU,"""If someone got under your skin today—"" — Epictetus | Stoicism",221,8,2,https://youtube.com/shorts/900MwzqdebU
2026-07-28,2026-07-23T18:14:26Z,ETHWgu_bQSk,"""Rule 7: Choose the hard thing first"" — Musonius Rufus | Stoicism",47,3,2,https://youtube.com/shorts/ETHWgu_bQSk
2026-07-28,2026-07-22T18:14:11Z,BYUgo23sGmo,"""Rome's richest advisor lost it all"" — Seneca | Stoicism",124,2,2,https://youtube.com/shorts/BYUgo23sGmo
2026-07-28,2026-07-21T18:15:13Z,Re7UwpZLpQY,"""This one breath"" — Zeno of Citium | Stoicism",255,4,2,https://youtube.com/shorts/Re7UwpZLpQY
2026-07-28,2026-07-20T23:12:53Z,KRx0Ilyp4yw,"""He ruled Rome from a war tent"" — Marcus Aurelius | Stoicism",91,1,2,https://youtube.com/shorts/KRx0Ilyp4yw
2026-07-28,2026-07-20T18:52:53Z,4DI30_vMW4c,"""Just this"" — Epictetus | Stoicism",167,4,2,https://youtube.com/shorts/4DI30_vMW4c
2026-07-28,2026-07-20T14:11:52Z,O7KgnV1ZDYk,"""Count them honestly"" — Musonius Rufus | Stoicism",126,2,2,https://youtube.com/shorts/O7KgnV1ZDYk
2026-07-28,2026-07-20T10:21:10Z,agIaFTXh7Sc,"""Rule 7: Fear only what is present"" — Seneca | Stoicism",294,9,2,https://youtube.com/shorts/agIaFTXh7Sc
2026-07-28,2026-07-28T09:47:45Z,92VZI46v6WA,"""Right on time"" — Zeno of Citium | Stoicism",156,1,2,https://youtube.com/shorts/92VZI46v6WA
2026-07-28,2026-07-28T05:52:41Z,Me2dhbMRuRw,"""Move with a reason"" — Marcus Aurelius | Stoicism",112,2,2,https://youtube.com/shorts/Me2dhbMRuRw
2026-07-28,2026-07-28T00:13:09Z,8681Jg8vE7I,"""If today asked too much of you—"" — Epictetus | Stoicism",507,7,2,https://youtube.com/shorts/8681Jg8vE7I
2026-07-28,2026-07-27T22:38:18Z,KJJ308qm1cM,"""Rule 7: Never keep a friend who makes you smaller"" — Musonius Rufus | Stoicism",455,14,2,https://youtube.com/shorts/KJJ308qm1cM
2026-07-28,2026-07-27T17:05:01Z,xSm0tAGdyOk,"""His last letters, written while marked for death"" — Seneca | Stoicism",122,3,2,https://youtube.com/shorts/xSm0tAGdyOk
2026-07-28,2026-07-27T11:07:41Z,q1aEaq6nyvg,"""One step is enough"" — Zeno of Citium | Stoicism",660,17,2,https://youtube.com/shorts/q1aEaq6nyvg
2026-07-28,2026-07-25T17:56:45Z,ivoG9I1OMPU,"""The wanting hurts more"" — Marcus Aurelius | Stoicism",330,5,2,https://youtube.com/shorts/ivoG9I1OMPU
2026-07-28,2026-07-24T18:25:17Z,900MwzqdebU,"""If someone got under your skin today—"" — Epictetus | Stoicism",221,8,2,https://youtube.com/shorts/900MwzqdebU
2026-07-28,2026-07-23T18:14:26Z,ETHWgu_bQSk,"""Rule 7: Choose the hard thing first"" — Musonius Rufus | Stoicism",47,3,2,https://youtube.com/shorts/ETHWgu_bQSk
2026-07-28,2026-07-22T18:14:11Z,BYUgo23sGmo,"""Rome's richest advisor lost it all"" — Seneca | Stoicism",124,2,2,https://youtube.com/shorts/BYUgo23sGmo
2026-07-28,2026-07-21T18:15:13Z,Re7UwpZLpQY,"""This one breath"" — Zeno of Citium | Stoicism",255,4,2,https://youtube.com/shorts/Re7UwpZLpQY
2026-07-28,2026-07-20T23:12:53Z,KRx0Ilyp4yw,"""He ruled Rome from a war tent"" — Marcus Aurelius | Stoicism",91,1,2,https://youtube.com/shorts/KRx0Ilyp4yw
2026-07-28,2026-07-20T18:52:53Z,4DI30_vMW4c,"""Just this"" — Epictetus | Stoicism",167,4,2,https://youtube.com/shorts/4DI30_vMW4c
2026-07-28,2026-07-20T14:11:52Z,O7KgnV1ZDYk,"""Count them honestly"" — Musonius Rufus | Stoicism",126,2,2,https://youtube.com/shorts/O7KgnV1ZDYk
2026-07-28,2026-07-20T10:21:10Z,agIaFTXh7Sc,"""Rule 7: Fear only what is present"" — Seneca | Stoicism",294,9,2,https://youtube.com/shorts/agIaFTXh7Sc
2026-07-28,2026-07-28T09:47:45Z,92VZI46v6WA,"""Right on time"" — Zeno of Citium | Stoicism",357,3,2,https://youtube.com/shorts/92VZI46v6WA
2026-07-28,2026-07-28T05:52:41Z,Me2dhbMRuRw,"""Move with a reason"" — Marcus Aurelius | Stoicism",146,2,2,https://youtube.com/shorts/Me2dhbMRuRw
2026-07-28,2026-07-28T00:13:09Z,8681Jg8vE7I,"""If today asked too much of you—"" — Epictetus | Stoicism",664,8,2,https://youtube.com/shorts/8681Jg8vE7I
2026-07-28,2026-07-27T22:38:18Z,KJJ308qm1cM,"""Rule 7: Never keep a friend who makes you smaller"" — Musonius Rufus | Stoicism",542,14,2,https://youtube.com/shorts/KJJ308qm1cM
2026-07-28,2026-07-27T17:05:01Z,xSm0tAGdyOk,"""His last letters, written while marked for death"" — Seneca | Stoicism",136,3,2,https://youtube.com/shorts/xSm0tAGdyOk
2026-07-28,2026-07-27T11:07:41Z,q1aEaq6nyvg,"""One step is enough"" — Zeno of Citium | Stoicism",681,17,2,https://youtube.com/shorts/q1aEaq6nyvg
2026-07-28,2026-07-25T17:56:45Z,ivoG9I1OMPU,"""The wanting hurts more"" — Marcus Aurelius | Stoicism",330,5,2,https://youtube.com/shorts/ivoG9I1OMPU
2026-07-28,2026-07-24T18:25:17Z,900MwzqdebU,"""If someone got under your skin today—"" — Epictetus | Stoicism",221,8,2,https://youtube.com/shorts/900MwzqdebU
2026-07-28,2026-07-23T18:14:26Z,ETHWgu_bQSk,"""Rule 7: Choose the hard thing first"" — Musonius Rufus | Stoicism",47,3,2,https://youtube.com/shorts/ETHWgu_bQSk
2026-07-28,2026-07-22T18:14:11Z,BYUgo23sGmo,"""Rome's richest advisor lost it all"" — Seneca | Stoicism",124,2,2,https://youtube.com/shorts/BYUgo23sGmo
2026-07-28,2026-07-21T18:15:13Z,Re7UwpZLpQY,"""This one breath"" — Zeno of Citium | Stoicism",255,4,2,https://youtube.com/shorts/Re7UwpZLpQY
2026-07-28,2026-07-20T23:12:53Z,KRx0Ilyp4yw,"""He ruled Rome from a war tent"" — Marcus Aurelius | Stoicism",91,1,2,https://youtube.com/shorts/KRx0Ilyp4yw
2026-07-28,2026-07-20T18:52:53Z,4DI30_vMW4c,"""Just this"" — Epictetus | Stoicism",167,4,2,https://youtube.com/shorts/4DI30_vMW4c
2026-07-28,2026-07-20T14:11:52Z,O7KgnV1ZDYk,"""Count them honestly"" — Musonius Rufus | Stoicism",126,2,2,https://youtube.com/shorts/O7KgnV1ZDYk
2026-07-28,2026-07-20T10:21:10Z,agIaFTXh7Sc,"""Rule 7: Fear only what is present"" — Seneca | Stoicism",294,9,2,https://youtube.com/shorts/agIaFTXh7Sc
2026-07-29,2026-07-29T09:57:27Z,DIw5wKW7aAs,"""Nero's tutor watched the throne rot"" — Seneca | Stoicism",0,0,2,https://youtube.com/shorts/DIw5wKW7aAs
2026-07-29,2026-07-29T05:54:34Z,PDXFtkHTiR0,"""Rome's most powerful advisor. One weakness"" — Seneca | Stoicism",310,8,0,https://youtube.com/shorts/PDXFtkHTiR0
2026-07-29,2026-07-28T09:47:45Z,92VZI46v6WA,"""Right on time"" — Zeno of Citium | Stoicism",847,6,2,https://youtube.com/shorts/92VZI46v6WA
2026-07-29,2026-07-28T05:52:41Z,Me2dhbMRuRw,"""Move with a reason"" — Marcus Aurelius | Stoicism",225,3,2,https://youtube.com/shorts/Me2dhbMRuRw
2026-07-29,2026-07-28T00:13:09Z,8681Jg8vE7I,"""If today asked too much of you—"" — Epictetus | Stoicism",792,8,2,https://youtube.com/shorts/8681Jg8vE7I
2026-07-29,2026-07-27T22:38:18Z,KJJ308qm1cM,"""Rule 7: Never keep a friend who makes you smaller"" — Musonius Rufus | Stoicism",572,15,2,https://youtube.com/shorts/KJJ308qm1cM
2026-07-29,2026-07-27T17:05:01Z,xSm0tAGdyOk,"""His last letters, written while marked for death"" — Seneca | Stoicism",146,4,2,https://youtube.com/shorts/xSm0tAGdyOk
2026-07-29,2026-07-27T11:07:41Z,q1aEaq6nyvg,"""One step is enough"" — Zeno of Citium | Stoicism",736,21,2,https://youtube.com/shorts/q1aEaq6nyvg
2026-07-29,2026-07-25T17:56:45Z,ivoG9I1OMPU,"""The wanting hurts more"" — Marcus Aurelius | Stoicism",330,5,2,https://youtube.com/shorts/ivoG9I1OMPU
2026-07-29,2026-07-24T18:25:17Z,900MwzqdebU,"""If someone got under your skin today—"" — Epictetus | Stoicism",222,8,2,https://youtube.com/shorts/900MwzqdebU
2026-07-29,2026-07-23T18:14:26Z,ETHWgu_bQSk,"""Rule 7: Choose the hard thing first"" — Musonius Rufus | Stoicism",47,3,2,https://youtube.com/shorts/ETHWgu_bQSk
2026-07-29,2026-07-22T18:14:11Z,BYUgo23sGmo,"""Rome's richest advisor lost it all"" — Seneca | Stoicism",124,2,2,https://youtube.com/shorts/BYUgo23sGmo
2026-07-29,2026-07-21T18:15:13Z,Re7UwpZLpQY,"""This one breath"" — Zeno of Citium | Stoicism",255,4,2,https://youtube.com/shorts/Re7UwpZLpQY
2026-07-29,2026-07-20T23:12:53Z,KRx0Ilyp4yw,"""He ruled Rome from a war tent"" — Marcus Aurelius | Stoicism",91,1,2,https://youtube.com/shorts/KRx0Ilyp4yw
2026-07-29,2026-07-20T18:52:53Z,4DI30_vMW4c,"""Just this"" — Epictetus | Stoicism",167,4,2,https://youtube.com/shorts/4DI30_vMW4c
2026-07-29,2026-07-29T09:57:27Z,DIw5wKW7aAs,"""Nero's tutor watched the throne rot"" — Seneca | Stoicism",19,0,2,https://youtube.com/shorts/DIw5wKW7aAs
2026-07-29,2026-07-29T05:54:34Z,PDXFtkHTiR0,"""Rome's most powerful advisor. One weakness"" — Seneca | Stoicism",422,7,0,https://youtube.com/shorts/PDXFtkHTiR0
2026-07-29,2026-07-28T09:47:45Z,92VZI46v6WA,"""Right on time"" — Zeno of Citium | Stoicism",858,5,2,https://youtube.com/shorts/92VZI46v6WA
2026-07-29,2026-07-28T05:52:41Z,Me2dhbMRuRw,"""Move with a reason"" — Marcus Aurelius | Stoicism",225,3,2,https://youtube.com/shorts/Me2dhbMRuRw
2026-07-29,2026-07-28T00:13:09Z,8681Jg8vE7I,"""If today asked too much of you—"" — Epictetus | Stoicism",792,8,2,https://youtube.com/shorts/8681Jg8vE7I
2026-07-29,2026-07-27T22:38:18Z,KJJ308qm1cM,"""Rule 7: Never keep a friend who makes you smaller"" — Musonius Rufus | Stoicism",572,15,2,https://youtube.com/shorts/KJJ308qm1cM
2026-07-29,2026-07-27T17:05:01Z,xSm0tAGdyOk,"""His last letters, written while marked for death"" — Seneca | Stoicism",153,3,2,https://youtube.com/shorts/xSm0tAGdyOk
2026-07-29,2026-07-27T11:07:41Z,q1aEaq6nyvg,"""One step is enough"" — Zeno of Citium | Stoicism",737,21,2,https://youtube.com/shorts/q1aEaq6nyvg
2026-07-29,2026-07-25T17:56:45Z,ivoG9I1OMPU,"""The wanting hurts more"" — Marcus Aurelius | Stoicism",330,5,2,https://youtube.com/shorts/ivoG9I1OMPU
2026-07-29,2026-07-24T18:25:17Z,900MwzqdebU,"""If someone got under your skin today—"" — Epictetus | Stoicism",222,8,2,https://youtube.com/shorts/900MwzqdebU
2026-07-29,2026-07-23T18:14:26Z,ETHWgu_bQSk,"""Rule 7: Choose the hard thing first"" — Musonius Rufus | Stoicism",47,3,2,https://youtube.com/shorts/ETHWgu_bQSk
2026-07-29,2026-07-22T18:14:11Z,BYUgo23sGmo,"""Rome's richest advisor lost it all"" — Seneca | Stoicism",124,2,2,https://youtube.com/shorts/BYUgo23sGmo
2026-07-29,2026-07-21T18:15:13Z,Re7UwpZLpQY,"""This one breath"" — Zeno of Citium | Stoicism",255,4,2,https://youtube.com/shorts/Re7UwpZLpQY
2026-07-29,2026-07-20T23:12:53Z,KRx0Ilyp4yw,"""He ruled Rome from a war tent"" — Marcus Aurelius | Stoicism",91,1,2,https://youtube.com/shorts/KRx0Ilyp4yw
2026-07-29,2026-07-20T18:52:53Z,4DI30_vMW4c,"""Just this"" — Epictetus | Stoicism",167,4,2,https://youtube.com/shorts/4DI30_vMW4c
2026-07-29,2026-07-29T16:29:55Z,MO_JaKvZGtA,"""If someone got under your skin today—"" — Epictetus | Stoicism",0,0,2,https://youtube.com/shorts/MO_JaKvZGtA
2026-07-29,2026-07-29T13:02:33Z,_3IeP6lK9bk,"""Rule 7: Only chase what's yours"" — Musonius Rufus | Stoicism",63,3,2,https://youtube.com/shorts/_3IeP6lK9bk
2026-07-29,2026-07-29T09:57:27Z,DIw5wKW7aAs,"""Nero's tutor watched the throne rot"" — Seneca | Stoicism",101,0,2,https://youtube.com/shorts/DIw5wKW7aAs
2026-07-29,2026-07-29T05:54:34Z,PDXFtkHTiR0,"""Rome's most powerful advisor. One weakness"" — Seneca | Stoicism",526,7,0,https://youtube.com/shorts/PDXFtkHTiR0
2026-07-29,2026-07-28T09:47:45Z,92VZI46v6WA,"""Right on time"" — Zeno of Citium | Stoicism",870,5,2,https://youtube.com/shorts/92VZI46v6WA
2026-07-29,2026-07-28T05:52:41Z,Me2dhbMRuRw,"""Move with a reason"" — Marcus Aurelius | Stoicism",254,4,2,https://youtube.com/shorts/Me2dhbMRuRw
2026-07-29,2026-07-28T00:13:09Z,8681Jg8vE7I,"""If today asked too much of you—"" — Epictetus | Stoicism",792,8,2,https://youtube.com/shorts/8681Jg8vE7I
2026-07-29,2026-07-27T22:38:18Z,KJJ308qm1cM,"""Rule 7: Never keep a friend who makes you smaller"" — Musonius Rufus | Stoicism",572,15,2,https://youtube.com/shorts/KJJ308qm1cM
2026-07-29,2026-07-27T17:05:01Z,xSm0tAGdyOk,"""His last letters, written while marked for death"" — Seneca | Stoicism",171,3,2,https://youtube.com/shorts/xSm0tAGdyOk
2026-07-29,2026-07-27T11:07:41Z,q1aEaq6nyvg,"""One step is enough"" — Zeno of Citium | Stoicism",737,21,2,https://youtube.com/shorts/q1aEaq6nyvg
2026-07-29,2026-07-25T17:56:45Z,ivoG9I1OMPU,"""The wanting hurts more"" — Marcus Aurelius | Stoicism",330,5,2,https://youtube.com/shorts/ivoG9I1OMPU
2026-07-29,2026-07-24T18:25:17Z,900MwzqdebU,"""If someone got under your skin today—"" — Epictetus | Stoicism",222,8,2,https://youtube.com/shorts/900MwzqdebU
2026-07-29,2026-07-23T18:14:26Z,ETHWgu_bQSk,"""Rule 7: Choose the hard thing first"" — Musonius Rufus | Stoicism",47,3,2,https://youtube.com/shorts/ETHWgu_bQSk
2026-07-29,2026-07-22T18:14:11Z,BYUgo23sGmo,"""Rome's richest advisor lost it all"" — Seneca | Stoicism",124,2,2,https://youtube.com/shorts/BYUgo23sGmo
2026-07-29,2026-07-21T18:15:13Z,Re7UwpZLpQY,"""This one breath"" — Zeno of Citium | Stoicism",255,4,2,https://youtube.com/shorts/Re7UwpZLpQY
2026-07-29,2026-07-29T16:29:55Z,MO_JaKvZGtA,"""If someone got under your skin today—"" — Epictetus | Stoicism",76,3,2,https://youtube.com/shorts/MO_JaKvZGtA
2026-07-29,2026-07-29T13:02:33Z,_3IeP6lK9bk,"""Rule 7: Only chase what's yours"" — Musonius Rufus | Stoicism",117,4,2,https://youtube.com/shorts/_3IeP6lK9bk
2026-07-29,2026-07-29T09:57:27Z,DIw5wKW7aAs,"""Nero's tutor watched the throne rot"" — Seneca | Stoicism",124,1,2,https://youtube.com/shorts/DIw5wKW7aAs
2026-07-29,2026-07-29T05:54:34Z,PDXFtkHTiR0,"""Rome's most powerful advisor. One weakness"" — Seneca | Stoicism",534,7,0,https://youtube.com/shorts/PDXFtkHTiR0
2026-07-29,2026-07-28T09:47:45Z,92VZI46v6WA,"""Right on time"" — Zeno of Citium | Stoicism",874,5,2,https://youtube.com/shorts/92VZI46v6WA
2026-07-29,2026-07-28T05:52:41Z,Me2dhbMRuRw,"""Move with a reason"" — Marcus Aurelius | Stoicism",256,4,2,https://youtube.com/shorts/Me2dhbMRuRw
2026-07-29,2026-07-28T00:13:09Z,8681Jg8vE7I,"""If today asked too much of you—"" — Epictetus | Stoicism",792,8,2,https://youtube.com/shorts/8681Jg8vE7I
2026-07-29,2026-07-27T22:38:18Z,KJJ308qm1cM,"""Rule 7: Never keep a friend who makes you smaller"" — Musonius Rufus | Stoicism",572,15,2,https://youtube.com/shorts/KJJ308qm1cM
2026-07-29,2026-07-27T17:05:01Z,xSm0tAGdyOk,"""His last letters, written while marked for death"" — Seneca | Stoicism",172,3,2,https://youtube.com/shorts/xSm0tAGdyOk
2026-07-29,2026-07-27T11:07:41Z,q1aEaq6nyvg,"""One step is enough"" — Zeno of Citium | Stoicism",737,21,2,https://youtube.com/shorts/q1aEaq6nyvg
2026-07-29,2026-07-25T17:56:45Z,ivoG9I1OMPU,"""The wanting hurts more"" — Marcus Aurelius | Stoicism",330,5,2,https://youtube.com/shorts/ivoG9I1OMPU
2026-07-29,2026-07-24T18:25:17Z,900MwzqdebU,"""If someone got under your skin today—"" — Epictetus | Stoicism",222,8,2,https://youtube.com/shorts/900MwzqdebU
2026-07-29,2026-07-23T18:14:26Z,ETHWgu_bQSk,"""Rule 7: Choose the hard thing first"" — Musonius Rufus | Stoicism",47,3,2,https://youtube.com/shorts/ETHWgu_bQSk
2026-07-29,2026-07-22T18:14:11Z,BYUgo23sGmo,"""Rome's richest advisor lost it all"" — Seneca | Stoicism",124,2,2,https://youtube.com/shorts/BYUgo23sGmo
2026-07-29,2026-07-21T18:15:13Z,Re7UwpZLpQY,"""This one breath"" — Zeno of Citium | Stoicism",255,4,2,https://youtube.com/shorts/Re7UwpZLpQY
2026-07-29,2026-07-29T16:29:55Z,MO_JaKvZGtA,"""If someone got under your skin today—"" — Epictetus | Stoicism",76,3,2,https://youtube.com/shorts/MO_JaKvZGtA
2026-07-29,2026-07-29T13:02:33Z,_3IeP6lK9bk,"""Rule 7: Only chase what's yours"" — Musonius Rufus | Stoicism",117,4,2,https://youtube.com/shorts/_3IeP6lK9bk
2026-07-29,2026-07-29T09:57:27Z,DIw5wKW7aAs,"""Nero's tutor watched the throne rot"" — Seneca | Stoicism",124,1,2,https://youtube.com/shorts/DIw5wKW7aAs
2026-07-29,2026-07-29T05:54:34Z,PDXFtkHTiR0,"""Rome's most powerful advisor. One weakness"" — Seneca | Stoicism",534,7,0,https://youtube.com/shorts/PDXFtkHTiR0
2026-07-29,2026-07-28T09:47:45Z,92VZI46v6WA,"""Right on time"" — Zeno of Citium | Stoicism",877,5,2,https://youtube.com/shorts/92VZI46v6WA
2026-07-29,2026-07-28T05:52:41Z,Me2dhbMRuRw,"""Move with a reason"" — Marcus Aurelius | Stoicism",256,4,2,https://youtube.com/shorts/Me2dhbMRuRw
2026-07-29,2026-07-28T00:13:09Z,8681Jg8vE7I,"""If today asked too much of you—"" — Epictetus | Stoicism",792,8,2,https://youtube.com/shorts/8681Jg8vE7I
2026-07-29,2026-07-27T22:38:18Z,KJJ308qm1cM,"""Rule 7: Never keep a friend who makes you smaller"" — Musonius Rufus | Stoicism",572,15,2,https://youtube.com/shorts/KJJ308qm1cM
2026-07-29,2026-07-27T17:05:01Z,xSm0tAGdyOk,"""His last letters, written while marked for death"" — Seneca | Stoicism",172,3,2,https://youtube.com/shorts/xSm0tAGdyOk
2026-07-29,2026-07-27T11:07:41Z,q1aEaq6nyvg,"""One step is enough"" — Zeno of Citium | Stoicism",737,21,2,https://youtube.com/shorts/q1aEaq6nyvg
2026-07-29,2026-07-25T17:56:45Z,ivoG9I1OMPU,"""The wanting hurts more"" — Marcus Aurelius | Stoicism",330,5,2,https://youtube.com/shorts/ivoG9I1OMPU
2026-07-29,2026-07-24T18:25:17Z,900MwzqdebU,"""If someone got under your skin today—"" — Epictetus | Stoicism",222,8,2,https://youtube.com/shorts/900MwzqdebU
2026-07-29,2026-07-23T18:14:26Z,ETHWgu_bQSk,"""Rule 7: Choose the hard thing first"" — Musonius Rufus | Stoicism",47,3,2,https://youtube.com/shorts/ETHWgu_bQSk
2026-07-29,2026-07-22T18:14:11Z,BYUgo23sGmo,"""Rome's richest advisor lost it all"" — Seneca | Stoicism",124,2,2,https://youtube.com/shorts/BYUgo23sGmo
2026-07-29,2026-07-21T18:15:13Z,Re7UwpZLpQY,"""This one breath"" — Zeno of Citium | Stoicism",255,4,2,https://youtube.com/shorts/Re7UwpZLpQY
2026-07-30,2026-07-30T00:13:12Z,JE6GK_vhvqc,"""You already have enough"" — Marcus Aurelius | Stoicism",0,0,2,https://youtube.com/shorts/JE6GK_vhvqc
2026-07-30,2026-07-29T16:29:55Z,MO_JaKvZGtA,"""If someone got under your skin today—"" — Epictetus | Stoicism",112,3,2,https://youtube.com/shorts/MO_JaKvZGtA
2026-07-30,2026-07-29T13:02:33Z,_3IeP6lK9bk,"""Rule 7: Only chase what's yours"" — Musonius Rufus | Stoicism",126,5,2,https://youtube.com/shorts/_3IeP6lK9bk
2026-07-30,2026-07-29T09:57:27Z,DIw5wKW7aAs,"""Nero's tutor watched the throne rot"" — Seneca | Stoicism",127,1,2,https://youtube.com/shorts/DIw5wKW7aAs
2026-07-30,2026-07-29T05:54:34Z,PDXFtkHTiR0,"""Rome's most powerful advisor. One weakness"" — Seneca | Stoicism",534,7,0,https://youtube.com/shorts/PDXFtkHTiR0
2026-07-30,2026-07-28T09:47:45Z,92VZI46v6WA,"""Right on time"" — Zeno of Citium | Stoicism",877,6,2,https://youtube.com/shorts/92VZI46v6WA
2026-07-30,2026-07-28T05:52:41Z,Me2dhbMRuRw,"""Move with a reason"" — Marcus Aurelius | Stoicism",280,5,2,https://youtube.com/shorts/Me2dhbMRuRw
2026-07-30,2026-07-28T00:13:09Z,8681Jg8vE7I,"""If today asked too much of you—"" — Epictetus | Stoicism",789,8,2,https://youtube.com/shorts/8681Jg8vE7I
2026-07-30,2026-07-27T22:38:18Z,KJJ308qm1cM,"""Rule 7: Never keep a friend who makes you smaller"" — Musonius Rufus | Stoicism",572,15,2,https://youtube.com/shorts/KJJ308qm1cM
2026-07-30,2026-07-27T17:05:01Z,xSm0tAGdyOk,"""His last letters, written while marked for death"" — Seneca | Stoicism",172,3,2,https://youtube.com/shorts/xSm0tAGdyOk
2026-07-30,2026-07-27T11:07:41Z,q1aEaq6nyvg,"""One step is enough"" — Zeno of Citium | Stoicism",737,21,2,https://youtube.com/shorts/q1aEaq6nyvg
2026-07-30,2026-07-25T17:56:45Z,ivoG9I1OMPU,"""The wanting hurts more"" — Marcus Aurelius | Stoicism",330,5,2,https://youtube.com/shorts/ivoG9I1OMPU
2026-07-30,2026-07-24T18:25:17Z,900MwzqdebU,"""If someone got under your skin today—"" — Epictetus | Stoicism",222,8,2,https://youtube.com/shorts/900MwzqdebU
2026-07-30,2026-07-23T18:14:26Z,ETHWgu_bQSk,"""Rule 7: Choose the hard thing first"" — Musonius Rufus | Stoicism",47,3,2,https://youtube.com/shorts/ETHWgu_bQSk
2026-07-30,2026-07-22T18:14:11Z,BYUgo23sGmo,"""Rome's richest advisor lost it all"" — Seneca | Stoicism",124,2,2,https://youtube.com/shorts/BYUgo23sGmo
2026-07-30,2026-07-30T00:13:35Z,JE6GK_vhvqc,"""You already have enough"" — Marcus Aurelius | Stoicism",192,2,3,https://youtube.com/shorts/JE6GK_vhvqc
2026-07-30,2026-07-29T16:29:55Z,MO_JaKvZGtA,"""If someone got under your skin today—"" — Epictetus | Stoicism",186,5,2,https://youtube.com/shorts/MO_JaKvZGtA
2026-07-30,2026-07-29T13:02:33Z,_3IeP6lK9bk,"""Rule 7: Only chase what's yours"" — Musonius Rufus | Stoicism",149,6,2,https://youtube.com/shorts/_3IeP6lK9bk
2026-07-30,2026-07-29T09:57:27Z,DIw5wKW7aAs,"""Nero's tutor watched the throne rot"" — Seneca | Stoicism",140,2,2,https://youtube.com/shorts/DIw5wKW7aAs
2026-07-30,2026-07-29T05:54:34Z,PDXFtkHTiR0,"""Rome's most powerful advisor. One weakness"" — Seneca | Stoicism",539,7,0,https://youtube.com/shorts/PDXFtkHTiR0
2026-07-30,2026-07-28T09:47:45Z,92VZI46v6WA,"""Right on time"" — Zeno of Citium | Stoicism",886,6,2,https://youtube.com/shorts/92VZI46v6WA
2026-07-30,2026-07-28T05:52:41Z,Me2dhbMRuRw,"""Move with a reason"" — Marcus Aurelius | Stoicism",297,5,2,https://youtube.com/shorts/Me2dhbMRuRw
2026-07-30,2026-07-28T00:13:09Z,8681Jg8vE7I,"""If today asked too much of you—"" — Epictetus | Stoicism",789,8,2,https://youtube.com/shorts/8681Jg8vE7I
2026-07-30,2026-07-27T22:38:18Z,KJJ308qm1cM,"""Rule 7: Never keep a friend who makes you smaller"" — Musonius Rufus | Stoicism",576,15,2,https://youtube.com/shorts/KJJ308qm1cM
2026-07-30,2026-07-27T17:05:01Z,xSm0tAGdyOk,"""His last letters, written while marked for death"" — Seneca | Stoicism",172,3,2,https://youtube.com/shorts/xSm0tAGdyOk
2026-07-30,2026-07-27T11:07:41Z,q1aEaq6nyvg,"""One step is enough"" — Zeno of Citium | Stoicism",742,21,2,https://youtube.com/shorts/q1aEaq6nyvg
2026-07-30,2026-07-25T17:56:45Z,ivoG9I1OMPU,"""The wanting hurts more"" — Marcus Aurelius | Stoicism",330,5,2,https://youtube.com/shorts/ivoG9I1OMPU
2026-07-30,2026-07-24T18:25:17Z,900MwzqdebU,"""If someone got under your skin today—"" — Epictetus | Stoicism",222,8,2,https://youtube.com/shorts/900MwzqdebU
2026-07-30,2026-07-23T18:14:26Z,ETHWgu_bQSk,"""Rule 7: Choose the hard thing first"" — Musonius Rufus | Stoicism",47,3,2,https://youtube.com/shorts/ETHWgu_bQSk
2026-07-30,2026-07-22T18:14:11Z,BYUgo23sGmo,"""Rome's richest advisor lost it all"" — Seneca | Stoicism",124,2,2,https://youtube.com/shorts/BYUgo23sGmo
2026-07-30,2026-07-30T09:44:11Z,KtSrIKtVWg8,"""Nero handed him a death sentence"" — Seneca | Stoicism",0,0,2,https://youtube.com/shorts/KtSrIKtVWg8
2026-07-30,2026-07-30T05:41:14Z,LU4ayc3HtQU,"""You have enough"" — Zeno of Citium | Stoicism",94,3,2,https://youtube.com/shorts/LU4ayc3HtQU
2026-07-30,2026-07-30T00:13:35Z,JE6GK_vhvqc,"""You already have enough"" — Marcus Aurelius | Stoicism",307,3,4,https://youtube.com/shorts/JE6GK_vhvqc
2026-07-30,2026-07-29T16:29:55Z,MO_JaKvZGtA,"""If someone got under your skin today—"" — Epictetus | Stoicism",199,4,2,https://youtube.com/shorts/MO_JaKvZGtA
2026-07-30,2026-07-29T13:02:33Z,_3IeP6lK9bk,"""Rule 7: Only chase what's yours"" — Musonius Rufus | Stoicism",155,6,2,https://youtube.com/shorts/_3IeP6lK9bk
2026-07-30,2026-07-29T09:57:27Z,DIw5wKW7aAs,"""Nero's tutor watched the throne rot"" — Seneca | Stoicism",143,2,2,https://youtube.com/shorts/DIw5wKW7aAs
2026-07-30,2026-07-29T05:54:34Z,PDXFtkHTiR0,"""Rome's most powerful advisor. One weakness"" — Seneca | Stoicism",549,7,0,https://youtube.com/shorts/PDXFtkHTiR0
2026-07-30,2026-07-28T09:47:45Z,92VZI46v6WA,"""Right on time"" — Zeno of Citium | Stoicism",888,6,2,https://youtube.com/shorts/92VZI46v6WA
2026-07-30,2026-07-28T05:52:41Z,Me2dhbMRuRw,"""Move with a reason"" — Marcus Aurelius | Stoicism",297,5,2,https://youtube.com/shorts/Me2dhbMRuRw
2026-07-30,2026-07-28T00:13:09Z,8681Jg8vE7I,"""If today asked too much of you—"" — Epictetus | Stoicism",789,8,2,https://youtube.com/shorts/8681Jg8vE7I
2026-07-30,2026-07-27T22:38:18Z,KJJ308qm1cM,"""Rule 7: Never keep a friend who makes you smaller"" — Musonius Rufus | Stoicism",577,15,2,https://youtube.com/shorts/KJJ308qm1cM
2026-07-30,2026-07-27T17:05:01Z,xSm0tAGdyOk,"""His last letters, written while marked for death"" — Seneca | Stoicism",172,3,2,https://youtube.com/shorts/xSm0tAGdyOk
2026-07-30,2026-07-27T11:07:41Z,q1aEaq6nyvg,"""One step is enough"" — Zeno of Citium | Stoicism",743,21,2,https://youtube.com/shorts/q1aEaq6nyvg
2026-07-30,2026-07-25T17:56:45Z,ivoG9I1OMPU,"""The wanting hurts more"" — Marcus Aurelius | Stoicism",330,5,2,https://youtube.com/shorts/ivoG9I1OMPU
2026-07-30,2026-07-24T18:25:17Z,900MwzqdebU,"""If someone got under your skin today—"" — Epictetus | Stoicism",222,8,2,https://youtube.com/shorts/900MwzqdebU
2026-07-30,2026-07-30T09:44:11Z,KtSrIKtVWg8,"""Nero handed him a death sentence"" — Seneca | Stoicism",14,0,2,https://youtube.com/shorts/KtSrIKtVWg8
2026-07-30,2026-07-30T05:41:14Z,LU4ayc3HtQU,"""You have enough"" — Zeno of Citium | Stoicism",130,4,2,https://youtube.com/shorts/LU4ayc3HtQU
2026-07-30,2026-07-30T00:13:35Z,JE6GK_vhvqc,"""You already have enough"" — Marcus Aurelius | Stoicism",379,4,4,https://youtube.com/shorts/JE6GK_vhvqc
2026-07-30,2026-07-29T16:29:55Z,MO_JaKvZGtA,"""If someone got under your skin today—"" — Epictetus | Stoicism",199,4,2,https://youtube.com/shorts/MO_JaKvZGtA
2026-07-30,2026-07-29T13:02:33Z,_3IeP6lK9bk,"""Rule 7: Only chase what's yours"" — Musonius Rufus | Stoicism",169,6,2,https://youtube.com/shorts/_3IeP6lK9bk
2026-07-30,2026-07-29T09:57:27Z,DIw5wKW7aAs,"""Nero's tutor watched the throne rot"" — Seneca | Stoicism",147,2,2,https://youtube.com/shorts/DIw5wKW7aAs
2026-07-30,2026-07-29T05:54:34Z,PDXFtkHTiR0,"""Rome's most powerful advisor. One weakness"" — Seneca | Stoicism",550,7,0,https://youtube.com/shorts/PDXFtkHTiR0
2026-07-30,2026-07-28T09:47:45Z,92VZI46v6WA,"""Right on time"" — Zeno of Citium | Stoicism",891,6,2,https://youtube.com/shorts/92VZI46v6WA
2026-07-30,2026-07-28T05:52:41Z,Me2dhbMRuRw,"""Move with a reason"" — Marcus Aurelius | Stoicism",297,5,2,https://youtube.com/shorts/Me2dhbMRuRw
2026-07-30,2026-07-28T00:13:09Z,8681Jg8vE7I,"""If today asked too much of you—"" — Epictetus | Stoicism",789,8,2,https://youtube.com/shorts/8681Jg8vE7I
2026-07-30,2026-07-27T22:38:18Z,KJJ308qm1cM,"""Rule 7: Never keep a friend who makes you smaller"" — Musonius Rufus | Stoicism",577,15,2,https://youtube.com/shorts/KJJ308qm1cM
2026-07-30,2026-07-27T17:05:01Z,xSm0tAGdyOk,"""His last letters, written while marked for death"" — Seneca | Stoicism",172,3,2,https://youtube.com/shorts/xSm0tAGdyOk
2026-07-30,2026-07-27T11:07:41Z,q1aEaq6nyvg,"""One step is enough"" — Zeno of Citium | Stoicism",743,21,2,https://youtube.com/shorts/q1aEaq6nyvg
2026-07-30,2026-07-25T17:56:45Z,ivoG9I1OMPU,"""The wanting hurts more"" — Marcus Aurelius | Stoicism",330,5,2,https://youtube.com/shorts/ivoG9I1OMPU
2026-07-30,2026-07-24T18:25:17Z,900MwzqdebU,"""If someone got under your skin today—"" — Epictetus | Stoicism",222,8,2,https://youtube.com/shorts/900MwzqdebU
2026-07-30,2026-07-30T09:44:11Z,KtSrIKtVWg8,"""Nero handed him a death sentence"" — Seneca | Stoicism",39,1,2,https://youtube.com/shorts/KtSrIKtVWg8
2026-07-30,2026-07-30T05:41:14Z,LU4ayc3HtQU,"""You have enough"" — Zeno of Citium | Stoicism",195,5,2,https://youtube.com/shorts/LU4ayc3HtQU
2026-07-30,2026-07-30T00:13:35Z,JE6GK_vhvqc,"""You already have enough"" — Marcus Aurelius | Stoicism",420,7,4,https://youtube.com/shorts/JE6GK_vhvqc
2026-07-30,2026-07-29T16:29:55Z,MO_JaKvZGtA,"""If someone got under your skin today—"" — Epictetus | Stoicism",208,4,2,https://youtube.com/shorts/MO_JaKvZGtA
2026-07-30,2026-07-29T13:02:33Z,_3IeP6lK9bk,"""Rule 7: Only chase what's yours"" — Musonius Rufus | Stoicism",190,7,2,https://youtube.com/shorts/_3IeP6lK9bk
2026-07-30,2026-07-29T09:57:27Z,DIw5wKW7aAs,"""Nero's tutor watched the throne rot"" — Seneca | Stoicism",150,2,2,https://youtube.com/shorts/DIw5wKW7aAs
2026-07-30,2026-07-29T05:54:34Z,PDXFtkHTiR0,"""Rome's most powerful advisor. One weakness"" — Seneca | Stoicism",550,7,0,https://youtube.com/shorts/PDXFtkHTiR0
2026-07-30,2026-07-28T09:47:45Z,92VZI46v6WA,"""Right on time"" — Zeno of Citium | Stoicism",891,6,2,https://youtube.com/shorts/92VZI46v6WA
2026-07-30,2026-07-28T05:52:41Z,Me2dhbMRuRw,"""Move with a reason"" — Marcus Aurelius | Stoicism",297,5,2,https://youtube.com/shorts/Me2dhbMRuRw
2026-07-30,2026-07-28T00:13:09Z,8681Jg8vE7I,"""If today asked too much of you—"" — Epictetus | Stoicism",792,9,3,https://youtube.com/shorts/8681Jg8vE7I
2026-07-30,2026-07-27T22:38:18Z,KJJ308qm1cM,"""Rule 7: Never keep a friend who makes you smaller"" — Musonius Rufus | Stoicism",577,15,2,https://youtube.com/shorts/KJJ308qm1cM
2026-07-30,2026-07-27T17:05:01Z,xSm0tAGdyOk,"""His last letters, written while marked for death"" — Seneca | Stoicism",172,3,2,https://youtube.com/shorts/xSm0tAGdyOk
2026-07-30,2026-07-27T11:07:41Z,q1aEaq6nyvg,"""One step is enough"" — Zeno of Citium | Stoicism",743,21,2,https://youtube.com/shorts/q1aEaq6nyvg
2026-07-30,2026-07-25T17:56:45Z,ivoG9I1OMPU,"""The wanting hurts more"" — Marcus Aurelius | Stoicism",330,5,2,https://youtube.com/shorts/ivoG9I1OMPU
2026-07-30,2026-07-24T18:25:17Z,900MwzqdebU,"""If someone got under your skin today—"" — Epictetus | Stoicism",222,8,2,https://youtube.com/shorts/900MwzqdebU
2026-07-30,2026-07-30T09:44:11Z,KtSrIKtVWg8,"""Nero handed him a death sentence"" — Seneca | Stoicism",79,1,2,https://youtube.com/shorts/KtSrIKtVWg8
2026-07-30,2026-07-30T05:41:14Z,LU4ayc3HtQU,"""You have enough"" — Zeno of Citium | Stoicism",206,9,2,https://youtube.com/shorts/LU4ayc3HtQU
2026-07-30,2026-07-30T00:13:35Z,JE6GK_vhvqc,"""You already have enough"" — Marcus Aurelius | Stoicism",423,8,4,https://youtube.com/shorts/JE6GK_vhvqc
2026-07-30,2026-07-29T16:29:55Z,MO_JaKvZGtA,"""If someone got under your skin today—"" — Epictetus | Stoicism",219,4,2,https://youtube.com/shorts/MO_JaKvZGtA
2026-07-30,2026-07-29T13:02:33Z,_3IeP6lK9bk,"""Rule 7: Only chase what's yours"" — Musonius Rufus | Stoicism",204,9,2,https://youtube.com/shorts/_3IeP6lK9bk
2026-07-30,2026-07-29T09:57:27Z,DIw5wKW7aAs,"""Nero's tutor watched the throne rot"" — Seneca | Stoicism",151,2,2,https://youtube.com/shorts/DIw5wKW7aAs
2026-07-30,2026-07-29T05:54:34Z,PDXFtkHTiR0,"""Rome's most powerful advisor. One weakness"" — Seneca | Stoicism",552,7,0,https://youtube.com/shorts/PDXFtkHTiR0
2026-07-30,2026-07-28T09:47:45Z,92VZI46v6WA,"""Right on time"" — Zeno of Citium | Stoicism",891,6,2,https://youtube.com/shorts/92VZI46v6WA
2026-07-30,2026-07-28T05:52:41Z,Me2dhbMRuRw,"""Move with a reason"" — Marcus Aurelius | Stoicism",297,5,2,https://youtube.com/shorts/Me2dhbMRuRw
2026-07-30,2026-07-28T00:13:09Z,8681Jg8vE7I,"""If today asked too much of you—"" — Epictetus | Stoicism",794,9,3,https://youtube.com/shorts/8681Jg8vE7I
2026-07-30,2026-07-27T22:38:18Z,KJJ308qm1cM,"""Rule 7: Never keep a friend who makes you smaller"" — Musonius Rufus | Stoicism",579,15,2,https://youtube.com/shorts/KJJ308qm1cM
2026-07-30,2026-07-27T17:05:01Z,xSm0tAGdyOk,"""His last letters, written while marked for death"" — Seneca | Stoicism",172,3,2,https://youtube.com/shorts/xSm0tAGdyOk
2026-07-30,2026-07-27T11:07:41Z,q1aEaq6nyvg,"""One step is enough"" — Zeno of Citium | Stoicism",743,21,2,https://youtube.com/shorts/q1aEaq6nyvg
2026-07-30,2026-07-25T17:56:45Z,ivoG9I1OMPU,"""The wanting hurts more"" — Marcus Aurelius | Stoicism",330,5,2,https://youtube.com/shorts/ivoG9I1OMPU
2026-07-30,2026-07-24T18:25:17Z,900MwzqdebU,"""If someone got under your skin today—"" — Epictetus | Stoicism",222,8,2,https://youtube.com/shorts/900MwzqdebU
2026-07-30,2026-07-30T09:44:11Z,KtSrIKtVWg8,"""Nero handed him a death sentence"" — Seneca | Stoicism",79,1,2,https://youtube.com/shorts/KtSrIKtVWg8
2026-07-30,2026-07-30T05:41:14Z,LU4ayc3HtQU,"""You have enough"" — Zeno of Citium | Stoicism",206,9,2,https://youtube.com/shorts/LU4ayc3HtQU
2026-07-30,2026-07-30T00:13:35Z,JE6GK_vhvqc,"""You already have enough"" — Marcus Aurelius | Stoicism",423,8,4,https://youtube.com/shorts/JE6GK_vhvqc
2026-07-30,2026-07-29T16:29:55Z,MO_JaKvZGtA,"""If someone got under your skin today—"" — Epictetus | Stoicism",224,4,2,https://youtube.com/shorts/MO_JaKvZGtA
2026-07-30,2026-07-29T13:02:33Z,_3IeP6lK9bk,"""Rule 7: Only chase what's yours"" — Musonius Rufus | Stoicism",204,9,2,https://youtube.com/shorts/_3IeP6lK9bk
2026-07-30,2026-07-29T09:57:27Z,DIw5wKW7aAs,"""Nero's tutor watched the throne rot"" — Seneca | Stoicism",151,2,2,https://youtube.com/shorts/DIw5wKW7aAs
2026-07-30,2026-07-29T05:54:34Z,PDXFtkHTiR0,"""Rome's most powerful advisor. One weakness"" — Seneca | Stoicism",552,7,0,https://youtube.com/shorts/PDXFtkHTiR0
2026-07-30,2026-07-28T09:47:45Z,92VZI46v6WA,"""Right on time"" — Zeno of Citium | Stoicism",891,6,2,https://youtube.com/shorts/92VZI46v6WA
2026-07-30,2026-07-28T05:52:41Z,Me2dhbMRuRw,"""Move with a reason"" — Marcus Aurelius | Stoicism",297,5,2,https://youtube.com/shorts/Me2dhbMRuRw
2026-07-30,2026-07-28T00:13:09Z,8681Jg8vE7I,"""If today asked too much of you—"" — Epictetus | Stoicism",794,9,3,https://youtube.com/shorts/8681Jg8vE7I
2026-07-30,2026-07-27T22:38:18Z,KJJ308qm1cM,"""Rule 7: Never keep a friend who makes you smaller"" — Musonius Rufus | Stoicism",579,16,2,https://youtube.com/shorts/KJJ308qm1cM
2026-07-30,2026-07-27T17:05:01Z,xSm0tAGdyOk,"""His last letters, written while marked for death"" — Seneca | Stoicism",172,3,2,https://youtube.com/shorts/xSm0tAGdyOk
2026-07-30,2026-07-27T11:07:41Z,q1aEaq6nyvg,"""One step is enough"" — Zeno of Citium | Stoicism",743,21,2,https://youtube.com/shorts/q1aEaq6nyvg
2026-07-30,2026-07-25T17:56:45Z,ivoG9I1OMPU,"""The wanting hurts more"" — Marcus Aurelius | Stoicism",330,5,2,https://youtube.com/shorts/ivoG9I1OMPU
2026-07-30,2026-07-24T18:25:17Z,900MwzqdebU,"""If someone got under your skin today—"" — Epictetus | Stoicism",222,8,2,https://youtube.com/shorts/900MwzqdebU
2026-07-31,2026-07-31T00:15:59Z,awMI7G8645M,"""Rule 7: Guard who you let close"" — Musonius Rufus | Stoicism",0,0,2,https://youtube.com/shorts/awMI7G8645M
2026-07-31,2026-07-30T09:44:11Z,KtSrIKtVWg8,"""Nero handed him a death sentence"" — Seneca | Stoicism",132,1,2,https://youtube.com/shorts/KtSrIKtVWg8
2026-07-31,2026-07-30T05:41:14Z,LU4ayc3HtQU,"""You have enough"" — Zeno of Citium | Stoicism",232,9,2,https://youtube.com/shorts/LU4ayc3HtQU
2026-07-31,2026-07-30T00:13:35Z,JE6GK_vhvqc,"""You already have enough"" — Marcus Aurelius | Stoicism",448,10,4,https://youtube.com/shorts/JE6GK_vhvqc
2026-07-31,2026-07-29T16:29:55Z,MO_JaKvZGtA,"""If someone got under your skin today—"" — Epictetus | Stoicism",225,4,2,https://youtube.com/shorts/MO_JaKvZGtA
2026-07-31,2026-07-29T13:02:33Z,_3IeP6lK9bk,"""Rule 7: Only chase what's yours"" — Musonius Rufus | Stoicism",211,9,2,https://youtube.com/shorts/_3IeP6lK9bk
2026-07-31,2026-07-29T09:57:27Z,DIw5wKW7aAs,"""Nero's tutor watched the throne rot"" — Seneca | Stoicism",151,2,2,https://youtube.com/shorts/DIw5wKW7aAs
2026-07-31,2026-07-29T05:54:34Z,PDXFtkHTiR0,"""Rome's most powerful advisor. One weakness"" — Seneca | Stoicism",552,7,0,https://youtube.com/shorts/PDXFtkHTiR0
2026-07-31,2026-07-28T09:47:45Z,92VZI46v6WA,"""Right on time"" — Zeno of Citium | Stoicism",892,6,2,https://youtube.com/shorts/92VZI46v6WA
2026-07-31,2026-07-28T05:52:41Z,Me2dhbMRuRw,"""Move with a reason"" — Marcus Aurelius | Stoicism",297,5,2,https://youtube.com/shorts/Me2dhbMRuRw
2026-07-31,2026-07-28T00:13:09Z,8681Jg8vE7I,"""If today asked too much of you—"" — Epictetus | Stoicism",793,9,3,https://youtube.com/shorts/8681Jg8vE7I
2026-07-31,2026-07-27T22:38:18Z,KJJ308qm1cM,"""Rule 7: Never keep a friend who makes you smaller"" — Musonius Rufus | Stoicism",582,16,2,https://youtube.com/shorts/KJJ308qm1cM
2026-07-31,2026-07-27T17:05:01Z,xSm0tAGdyOk,"""His last letters, written while marked for death"" — Seneca | Stoicism",172,3,2,https://youtube.com/shorts/xSm0tAGdyOk
2026-07-31,2026-07-27T11:07:41Z,q1aEaq6nyvg,"""One step is enough"" — Zeno of Citium | Stoicism",747,21,2,https://youtube.com/shorts/q1aEaq6nyvg
2026-07-31,2026-07-25T17:56:45Z,ivoG9I1OMPU,"""The wanting hurts more"" — Marcus Aurelius | Stoicism",330,5,2,https://youtube.com/shorts/ivoG9I1OMPU
2026-07-31,2026-07-31T06:07:30Z,EzgcSgsE5hE,"""If today asked too much—"" — Epictetus | Stoicism",0,0,2,https://youtube.com/shorts/EzgcSgsE5hE
2026-07-31,2026-07-31T00:15:59Z,awMI7G8645M,"""Rule 7: Guard who you let close"" — Musonius Rufus | Stoicism",241,1,2,https://youtube.com/shorts/awMI7G8645M
2026-07-31,2026-07-30T09:44:11Z,KtSrIKtVWg8,"""Nero handed him a death sentence"" — Seneca | Stoicism",159,1,2,https://youtube.com/shorts/KtSrIKtVWg8
2026-07-31,2026-07-30T05:41:14Z,LU4ayc3HtQU,"""You have enough"" — Zeno of Citium | Stoicism",258,9,2,https://youtube.com/shorts/LU4ayc3HtQU
2026-07-31,2026-07-30T00:13:35Z,JE6GK_vhvqc,"""You already have enough"" — Marcus Aurelius | Stoicism",479,10,4,https://youtube.com/shorts/JE6GK_vhvqc
2026-07-31,2026-07-29T16:29:55Z,MO_JaKvZGtA,"""If someone got under your skin today—"" — Epictetus | Stoicism",233,5,2,https://youtube.com/shorts/MO_JaKvZGtA
2026-07-31,2026-07-29T13:02:33Z,_3IeP6lK9bk,"""Rule 7: Only chase what's yours"" — Musonius Rufus | Stoicism",213,9,2,https://youtube.com/shorts/_3IeP6lK9bk
2026-07-31,2026-07-29T09:57:27Z,DIw5wKW7aAs,"""Nero's tutor watched the throne rot"" — Seneca | Stoicism",151,2,2,https://youtube.com/shorts/DIw5wKW7aAs
2026-07-31,2026-07-29T05:54:34Z,PDXFtkHTiR0,"""Rome's most powerful advisor. One weakness"" — Seneca | Stoicism",553,7,0,https://youtube.com/shorts/PDXFtkHTiR0
2026-07-31,2026-07-28T09:47:45Z,92VZI46v6WA,"""Right on time"" — Zeno of Citium | Stoicism",892,6,2,https://youtube.com/shorts/92VZI46v6WA
2026-07-31,2026-07-28T05:52:41Z,Me2dhbMRuRw,"""Move with a reason"" — Marcus Aurelius | Stoicism",296,5,2,https://youtube.com/shorts/Me2dhbMRuRw
2026-07-31,2026-07-28T00:13:09Z,8681Jg8vE7I,"""If today asked too much of you—"" — Epictetus | Stoicism",795,10,3,https://youtube.com/shorts/8681Jg8vE7I
2026-07-31,2026-07-27T22:38:18Z,KJJ308qm1cM,"""Rule 7: Never keep a friend who makes you smaller"" — Musonius Rufus | Stoicism",589,16,2,https://youtube.com/shorts/KJJ308qm1cM
2026-07-31,2026-07-27T17:05:01Z,xSm0tAGdyOk,"""His last letters, written while marked for death"" — Seneca | Stoicism",172,3,2,https://youtube.com/shorts/xSm0tAGdyOk
2026-07-31,2026-07-27T11:07:41Z,q1aEaq6nyvg,"""One step is enough"" — Zeno of Citium | Stoicism",747,21,2,https://youtube.com/shorts/q1aEaq6nyvg
2026-07-31,2026-07-31T10:01:46Z,LAF0IgG-hnI,"""One task is enough"" — Marcus Aurelius | Stoicism",0,0,2,https://youtube.com/shorts/LAF0IgG-hnI
2026-07-31,2026-07-31T06:07:30Z,EzgcSgsE5hE,"""If today asked too much—"" — Epictetus | Stoicism",87,1,2,https://youtube.com/shorts/EzgcSgsE5hE
2026-07-31,2026-07-31T00:15:59Z,awMI7G8645M,"""Rule 7: Guard who you let close"" — Musonius Rufus | Stoicism",313,2,2,https://youtube.com/shorts/awMI7G8645M
2026-07-31,2026-07-30T09:44:11Z,KtSrIKtVWg8,"""Nero handed him a death sentence"" — Seneca | Stoicism",166,2,2,https://youtube.com/shorts/KtSrIKtVWg8
2026-07-31,2026-07-30T05:41:14Z,LU4ayc3HtQU,"""You have enough"" — Zeno of Citium | Stoicism",269,9,2,https://youtube.com/shorts/LU4ayc3HtQU
2026-07-31,2026-07-30T00:13:35Z,JE6GK_vhvqc,"""You already have enough"" — Marcus Aurelius | Stoicism",493,10,4,https://youtube.com/shorts/JE6GK_vhvqc
2026-07-31,2026-07-29T16:29:55Z,MO_JaKvZGtA,"""If someone got under your skin today—"" — Epictetus | Stoicism",240,5,2,https://youtube.com/shorts/MO_JaKvZGtA
2026-07-31,2026-07-29T13:02:33Z,_3IeP6lK9bk,"""Rule 7: Only chase what's yours"" — Musonius Rufus | Stoicism",213,9,2,https://youtube.com/shorts/_3IeP6lK9bk
2026-07-31,2026-07-29T09:57:27Z,DIw5wKW7aAs,"""Nero's tutor watched the throne rot"" — Seneca | Stoicism",152,2,2,https://youtube.com/shorts/DIw5wKW7aAs
2026-07-31,2026-07-29T05:54:34Z,PDXFtkHTiR0,"""Rome's most powerful advisor. One weakness"" — Seneca | Stoicism",555,7,0,https://youtube.com/shorts/PDXFtkHTiR0
2026-07-31,2026-07-28T09:47:45Z,92VZI46v6WA,"""Right on time"" — Zeno of Citium | Stoicism",892,6,2,https://youtube.com/shorts/92VZI46v6WA
2026-07-31,2026-07-28T05:52:41Z,Me2dhbMRuRw,"""Move with a reason"" — Marcus Aurelius | Stoicism",296,5,2,https://youtube.com/shorts/Me2dhbMRuRw
2026-07-31,2026-07-28T00:13:09Z,8681Jg8vE7I,"""If today asked too much of you—"" — Epictetus | Stoicism",795,11,3,https://youtube.com/shorts/8681Jg8vE7I
2026-07-31,2026-07-27T22:38:18Z,KJJ308qm1cM,"""Rule 7: Never keep a friend who makes you smaller"" — Musonius Rufus | Stoicism",590,16,2,https://youtube.com/shorts/KJJ308qm1cM
2026-07-31,2026-07-27T17:05:01Z,xSm0tAGdyOk,"""His last letters, written while marked for death"" — Seneca | Stoicism",172,3,2,https://youtube.com/shorts/xSm0tAGdyOk
2026-07-31,2026-07-31T10:01:46Z,LAF0IgG-hnI,"""One task is enough"" — Marcus Aurelius | Stoicism",47,2,2,https://youtube.com/shorts/LAF0IgG-hnI
2026-07-31,2026-07-31T06:07:30Z,EzgcSgsE5hE,"""If today asked too much—"" — Epictetus | Stoicism",99,1,2,https://youtube.com/shorts/EzgcSgsE5hE
2026-07-31,2026-07-31T00:15:59Z,awMI7G8645M,"""Rule 7: Guard who you let close"" — Musonius Rufus | Stoicism",313,2,2,https://youtube.com/shorts/awMI7G8645M
2026-07-31,2026-07-30T09:44:11Z,KtSrIKtVWg8,"""Nero handed him a death sentence"" — Seneca | Stoicism",170,2,2,https://youtube.com/shorts/KtSrIKtVWg8
2026-07-31,2026-07-30T05:41:14Z,LU4ayc3HtQU,"""You have enough"" — Zeno of Citium | Stoicism",280,10,2,https://youtube.com/shorts/LU4ayc3HtQU
2026-07-31,2026-07-30T00:13:35Z,JE6GK_vhvqc,"""You already have enough"" — Marcus Aurelius | Stoicism",508,10,4,https://youtube.com/shorts/JE6GK_vhvqc
2026-07-31,2026-07-29T16:29:55Z,MO_JaKvZGtA,"""If someone got under your skin today—"" — Epictetus | Stoicism",240,5,2,https://youtube.com/shorts/MO_JaKvZGtA
2026-07-31,2026-07-29T13:02:33Z,_3IeP6lK9bk,"""Rule 7: Only chase what's yours"" — Musonius Rufus | Stoicism",214,9,2,https://youtube.com/shorts/_3IeP6lK9bk
2026-07-31,2026-07-29T09:57:27Z,DIw5wKW7aAs,"""Nero's tutor watched the throne rot"" — Seneca | Stoicism",153,2,2,https://youtube.com/shorts/DIw5wKW7aAs
2026-07-31,2026-07-29T05:54:34Z,PDXFtkHTiR0,"""Rome's most powerful advisor. One weakness"" — Seneca | Stoicism",555,7,0,https://youtube.com/shorts/PDXFtkHTiR0
2026-07-31,2026-07-28T09:47:45Z,92VZI46v6WA,"""Right on time"" — Zeno of Citium | Stoicism",892,6,2,https://youtube.com/shorts/92VZI46v6WA
2026-07-31,2026-07-28T05:52:41Z,Me2dhbMRuRw,"""Move with a reason"" — Marcus Aurelius | Stoicism",296,5,2,https://youtube.com/shorts/Me2dhbMRuRw
2026-07-31,2026-07-28T00:13:09Z,8681Jg8vE7I,"""If today asked too much of you—"" — Epictetus | Stoicism",798,11,3,https://youtube.com/shorts/8681Jg8vE7I
2026-07-31,2026-07-27T22:38:18Z,KJJ308qm1cM,"""Rule 7: Never keep a friend who makes you smaller"" — Musonius Rufus | Stoicism",590,16,2,https://youtube.com/shorts/KJJ308qm1cM
2026-07-31,2026-07-27T17:05:01Z,xSm0tAGdyOk,"""His last letters, written while marked for death"" — Seneca | Stoicism",172,3,2,https://youtube.com/shorts/xSm0tAGdyOk
2026-07-31,2026-07-31T10:01:46Z,LAF0IgG-hnI,"""One task is enough"" — Marcus Aurelius | Stoicism",107,3,2,https://youtube.com/shorts/LAF0IgG-hnI
2026-07-31,2026-07-31T06:07:30Z,EzgcSgsE5hE,"""If today asked too much—"" — Epictetus | Stoicism",124,1,2,https://youtube.com/shorts/EzgcSgsE5hE
2026-07-31,2026-07-31T00:15:59Z,awMI7G8645M,"""Rule 7: Guard who you let close"" — Musonius Rufus | Stoicism",336,1,2,https://youtube.com/shorts/awMI7G8645M
2026-07-31,2026-07-30T09:44:11Z,KtSrIKtVWg8,"""Nero handed him a death sentence"" — Seneca | Stoicism",173,2,2,https://youtube.com/shorts/KtSrIKtVWg8
2026-07-31,2026-07-30T05:41:14Z,LU4ayc3HtQU,"""You have enough"" — Zeno of Citium | Stoicism",287,10,2,https://youtube.com/shorts/LU4ayc3HtQU
2026-07-31,2026-07-30T00:13:35Z,JE6GK_vhvqc,"""You already have enough"" — Marcus Aurelius | Stoicism",513,10,4,https://youtube.com/shorts/JE6GK_vhvqc
2026-07-31,2026-07-29T16:29:55Z,MO_JaKvZGtA,"""If someone got under your skin today—"" — Epictetus | Stoicism",240,5,2,https://youtube.com/shorts/MO_JaKvZGtA
2026-07-31,2026-07-29T13:02:33Z,_3IeP6lK9bk,"""Rule 7: Only chase what's yours"" — Musonius Rufus | Stoicism",215,9,2,https://youtube.com/shorts/_3IeP6lK9bk
2026-07-31,2026-07-29T09:57:27Z,DIw5wKW7aAs,"""Nero's tutor watched the throne rot"" — Seneca | Stoicism",153,2,2,https://youtube.com/shorts/DIw5wKW7aAs
2026-07-31,2026-07-29T05:54:34Z,PDXFtkHTiR0,"""Rome's most powerful advisor. One weakness"" — Seneca | Stoicism",555,7,0,https://youtube.com/shorts/PDXFtkHTiR0
2026-07-31,2026-07-28T09:47:45Z,92VZI46v6WA,"""Right on time"" — Zeno of Citium | Stoicism",892,6,2,https://youtube.com/shorts/92VZI46v6WA
2026-07-31,2026-07-28T05:52:41Z,Me2dhbMRuRw,"""Move with a reason"" — Marcus Aurelius | Stoicism",296,5,2,https://youtube.com/shorts/Me2dhbMRuRw
2026-07-31,2026-07-28T00:13:09Z,8681Jg8vE7I,"""If today asked too much of you—"" — Epictetus | Stoicism",798,11,3,https://youtube.com/shorts/8681Jg8vE7I
2026-07-31,2026-07-27T22:38:18Z,KJJ308qm1cM,"""Rule 7: Never keep a friend who makes you smaller"" — Musonius Rufus | Stoicism",590,16,2,https://youtube.com/shorts/KJJ308qm1cM
2026-07-31,2026-07-27T17:05:01Z,xSm0tAGdyOk,"""His last letters, written while marked for death"" — Seneca | Stoicism",172,3,2,https://youtube.com/shorts/xSm0tAGdyOk
2026-07-31,2026-07-31T10:01:46Z,LAF0IgG-hnI,"""One task is enough"" — Marcus Aurelius | Stoicism",162,6,2,https://youtube.com/shorts/LAF0IgG-hnI
2026-07-31,2026-07-31T06:07:30Z,EzgcSgsE5hE,"""If today asked too much—"" — Epictetus | Stoicism",140,2,2,https://youtube.com/shorts/EzgcSgsE5hE
2026-07-31,2026-07-31T00:15:59Z,awMI7G8645M,"""Rule 7: Guard who you let close"" — Musonius Rufus | Stoicism",358,1,2,https://youtube.com/shorts/awMI7G8645M
2026-07-31,2026-07-30T09:44:11Z,KtSrIKtVWg8,"""Nero handed him a death sentence"" — Seneca | Stoicism",173,2,2,https://youtube.com/shorts/KtSrIKtVWg8
2026-07-31,2026-07-30T05:41:14Z,LU4ayc3HtQU,"""You have enough"" — Zeno of Citium | Stoicism",289,9,2,https://youtube.com/shorts/LU4ayc3HtQU
2026-07-31,2026-07-30T00:13:35Z,JE6GK_vhvqc,"""You already have enough"" — Marcus Aurelius | Stoicism",520,10,4,https://youtube.com/shorts/JE6GK_vhvqc
2026-07-31,2026-07-29T16:29:55Z,MO_JaKvZGtA,"""If someone got under your skin today—"" — Epictetus | Stoicism",240,5,2,https://youtube.com/shorts/MO_JaKvZGtA
2026-07-31,2026-07-29T13:02:33Z,_3IeP6lK9bk,"""Rule 7: Only chase what's yours"" — Musonius Rufus | Stoicism",215,9,2,https://youtube.com/shorts/_3IeP6lK9bk
2026-07-31,2026-07-29T09:57:27Z,DIw5wKW7aAs,"""Nero's tutor watched the throne rot"" — Seneca | Stoicism",153,2,2,https://youtube.com/shorts/DIw5wKW7aAs
2026-07-31,2026-07-29T05:54:34Z,PDXFtkHTiR0,"""Rome's most powerful advisor. One weakness"" — Seneca | Stoicism",555,7,0,https://youtube.com/shorts/PDXFtkHTiR0
2026-07-31,2026-07-28T09:47:45Z,92VZI46v6WA,"""Right on time"" — Zeno of Citium | Stoicism",892,6,2,https://youtube.com/shorts/92VZI46v6WA
2026-07-31,2026-07-28T05:52:41Z,Me2dhbMRuRw,"""Move with a reason"" — Marcus Aurelius | Stoicism",296,5,2,https://youtube.com/shorts/Me2dhbMRuRw
2026-07-31,2026-07-28T00:13:09Z,8681Jg8vE7I,"""If today asked too much of you—"" — Epictetus | Stoicism",800,11,3,https://youtube.com/shorts/8681Jg8vE7I
2026-07-31,2026-07-27T22:38:18Z,KJJ308qm1cM,"""Rule 7: Never keep a friend who makes you smaller"" — Musonius Rufus | Stoicism",590,16,2,https://youtube.com/shorts/KJJ308qm1cM
2026-07-31,2026-07-27T17:05:01Z,xSm0tAGdyOk,"""His last letters, written while marked for death"" — Seneca | Stoicism",172,3,2,https://youtube.com/shorts/xSm0tAGdyOk
2026-07-31,2026-07-31T10:01:46Z,LAF0IgG-hnI,"""One task is enough"" — Marcus Aurelius | Stoicism",176,7,2,https://youtube.com/shorts/LAF0IgG-hnI
2026-07-31,2026-07-31T06:07:30Z,EzgcSgsE5hE,"""If today asked too much—"" — Epictetus | Stoicism",154,3,2,https://youtube.com/shorts/EzgcSgsE5hE
2026-07-31,2026-07-31T00:15:59Z,awMI7G8645M,"""Rule 7: Guard who you let close"" — Musonius Rufus | Stoicism",359,1,2,https://youtube.com/shorts/awMI7G8645M
2026-07-31,2026-07-30T09:44:11Z,KtSrIKtVWg8,"""Nero handed him a death sentence"" — Seneca | Stoicism",173,2,2,https://youtube.com/shorts/KtSrIKtVWg8
2026-07-31,2026-07-30T05:41:14Z,LU4ayc3HtQU,"""You have enough"" — Zeno of Citium | Stoicism",289,9,2,https://youtube.com/shorts/LU4ayc3HtQU
2026-07-31,2026-07-30T00:13:35Z,JE6GK_vhvqc,"""You already have enough"" — Marcus Aurelius | Stoicism",515,10,4,https://youtube.com/shorts/JE6GK_vhvqc
2026-07-31,2026-07-29T16:29:55Z,MO_JaKvZGtA,"""If someone got under your skin today—"" — Epictetus | Stoicism",240,5,2,https://youtube.com/shorts/MO_JaKvZGtA
2026-07-31,2026-07-29T13:02:33Z,_3IeP6lK9bk,"""Rule 7: Only chase what's yours"" — Musonius Rufus | Stoicism",215,9,2,https://youtube.com/shorts/_3IeP6lK9bk
2026-07-31,2026-07-29T09:57:27Z,DIw5wKW7aAs,"""Nero's tutor watched the throne rot"" — Seneca | Stoicism",153,2,2,https://youtube.com/shorts/DIw5wKW7aAs
2026-07-31,2026-07-29T05:54:34Z,PDXFtkHTiR0,"""Rome's most powerful advisor. One weakness"" — Seneca | Stoicism",555,7,0,https://youtube.com/shorts/PDXFtkHTiR0
2026-07-31,2026-07-28T09:47:45Z,92VZI46v6WA,"""Right on time"" — Zeno of Citium | Stoicism",892,6,2,https://youtube.com/shorts/92VZI46v6WA
2026-07-31,2026-07-28T05:52:41Z,Me2dhbMRuRw,"""Move with a reason"" — Marcus Aurelius | Stoicism",296,5,2,https://youtube.com/shorts/Me2dhbMRuRw
2026-07-31,2026-07-28T00:13:09Z,8681Jg8vE7I,"""If today asked too much of you—"" — Epictetus | Stoicism",800,11,3,https://youtube.com/shorts/8681Jg8vE7I
2026-07-31,2026-07-27T22:38:18Z,KJJ308qm1cM,"""Rule 7: Never keep a friend who makes you smaller"" — Musonius Rufus | Stoicism",590,16,2,https://youtube.com/shorts/KJJ308qm1cM
2026-07-31,2026-07-27T17:05:01Z,xSm0tAGdyOk,"""His last letters, written while marked for death"" — Seneca | Stoicism",172,3,2,https://youtube.com/shorts/xSm0tAGdyOk
2026-08-01,2026-07-31T10:01:46Z,LAF0IgG-hnI,"""One task is enough"" — Marcus Aurelius | Stoicism",243,7,2,https://youtube.com/shorts/LAF0IgG-hnI
2026-08-01,2026-07-31T06:07:30Z,EzgcSgsE5hE,"""If today asked too much—"" — Epictetus | Stoicism",177,3,2,https://youtube.com/shorts/EzgcSgsE5hE
2026-08-01,2026-07-31T00:15:59Z,awMI7G8645M,"""Rule 7: Guard who you let close"" — Musonius Rufus | Stoicism",377,1,2,https://youtube.com/shorts/awMI7G8645M
2026-08-01,2026-07-30T09:44:11Z,KtSrIKtVWg8,"""Nero handed him a death sentence"" — Seneca | Stoicism",174,2,2,https://youtube.com/shorts/KtSrIKtVWg8
2026-08-01,2026-07-30T05:41:14Z,LU4ayc3HtQU,"""You have enough"" — Zeno of Citium | Stoicism",289,9,2,https://youtube.com/shorts/LU4ayc3HtQU
2026-08-01,2026-07-30T00:13:35Z,JE6GK_vhvqc,"""You already have enough"" — Marcus Aurelius | Stoicism",522,10,4,https://youtube.com/shorts/JE6GK_vhvqc
2026-08-01,2026-07-29T16:29:55Z,MO_JaKvZGtA,"""If someone got under your skin today—"" — Epictetus | Stoicism",240,5,2,https://youtube.com/shorts/MO_JaKvZGtA
2026-08-01,2026-07-29T13:02:33Z,_3IeP6lK9bk,"""Rule 7: Only chase what's yours"" — Musonius Rufus | Stoicism",215,9,2,https://youtube.com/shorts/_3IeP6lK9bk
2026-08-01,2026-07-29T09:57:27Z,DIw5wKW7aAs,"""Nero's tutor watched the throne rot"" — Seneca | Stoicism",153,2,2,https://youtube.com/shorts/DIw5wKW7aAs
2026-08-01,2026-07-29T05:54:34Z,PDXFtkHTiR0,"""Rome's most powerful advisor. One weakness"" — Seneca | Stoicism",555,7,0,https://youtube.com/shorts/PDXFtkHTiR0
2026-08-01,2026-07-28T09:47:45Z,92VZI46v6WA,"""Right on time"" — Zeno of Citium | Stoicism",892,6,2,https://youtube.com/shorts/92VZI46v6WA
2026-08-01,2026-07-28T05:52:41Z,Me2dhbMRuRw,"""Move with a reason"" — Marcus Aurelius | Stoicism",296,5,2,https://youtube.com/shorts/Me2dhbMRuRw
2026-08-01,2026-07-28T00:13:09Z,8681Jg8vE7I,"""If today asked too much of you—"" — Epictetus | Stoicism",800,11,3,https://youtube.com/shorts/8681Jg8vE7I
2026-08-01,2026-07-27T22:38:18Z,KJJ308qm1cM,"""Rule 7: Never keep a friend who makes you smaller"" — Musonius Rufus | Stoicism",590,16,2,https://youtube.com/shorts/KJJ308qm1cM
2026-08-01,2026-07-27T17:05:01Z,xSm0tAGdyOk,"""His last letters, written while marked for death"" — Seneca | Stoicism",172,3,2,https://youtube.com/shorts/xSm0tAGdyOk
2026-08-01,2026-08-01T06:01:23Z,Mue8NTxs_dk,"""Rome's richest advisor learned this the hard way"" — Seneca | Stoicism",0,0,2,https://youtube.com/shorts/Mue8NTxs_dk
2026-08-01,2026-08-01T00:09:43Z,-NDMY1q2EnY,"""The door is open"" — Zeno of Citium | Stoicism",261,5,2,https://youtube.com/shorts/-NDMY1q2EnY
2026-08-01,2026-07-31T10:01:46Z,LAF0IgG-hnI,"""One task is enough"" — Marcus Aurelius | Stoicism",290,8,2,https://youtube.com/shorts/LAF0IgG-hnI
2026-08-01,2026-07-31T06:07:30Z,EzgcSgsE5hE,"""If today asked too much—"" — Epictetus | Stoicism",203,4,2,https://youtube.com/shorts/EzgcSgsE5hE
2026-08-01,2026-07-31T00:15:59Z,awMI7G8645M,"""Rule 7: Guard who you let close"" — Musonius Rufus | Stoicism",393,2,2,https://youtube.com/shorts/awMI7G8645M
2026-08-01,2026-07-30T09:44:11Z,KtSrIKtVWg8,"""Nero handed him a death sentence"" — Seneca | Stoicism",180,3,2,https://youtube.com/shorts/KtSrIKtVWg8
2026-08-01,2026-07-30T05:41:14Z,LU4ayc3HtQU,"""You have enough"" — Zeno of Citium | Stoicism",293,9,2,https://youtube.com/shorts/LU4ayc3HtQU
2026-08-01,2026-07-30T00:13:35Z,JE6GK_vhvqc,"""You already have enough"" — Marcus Aurelius | Stoicism",527,10,4,https://youtube.com/shorts/JE6GK_vhvqc
2026-08-01,2026-07-29T16:29:55Z,MO_JaKvZGtA,"""If someone got under your skin today—"" — Epictetus | Stoicism",240,5,2,https://youtube.com/shorts/MO_JaKvZGtA
2026-08-01,2026-07-29T13:02:33Z,_3IeP6lK9bk,"""Rule 7: Only chase what's yours"" — Musonius Rufus | Stoicism",214,9,2,https://youtube.com/shorts/_3IeP6lK9bk
2026-08-01,2026-07-29T09:57:27Z,DIw5wKW7aAs,"""Nero's tutor watched the throne rot"" — Seneca | Stoicism",153,2,2,https://youtube.com/shorts/DIw5wKW7aAs
2026-08-01,2026-07-29T05:54:34Z,PDXFtkHTiR0,"""Rome's most powerful advisor. One weakness"" — Seneca | Stoicism",556,7,0,https://youtube.com/shorts/PDXFtkHTiR0
2026-08-01,2026-07-28T09:47:45Z,92VZI46v6WA,"""Right on time"" — Zeno of Citium | Stoicism",891,6,2,https://youtube.com/shorts/92VZI46v6WA
2026-08-01,2026-07-28T05:52:41Z,Me2dhbMRuRw,"""Move with a reason"" — Marcus Aurelius | Stoicism",296,5,2,https://youtube.com/shorts/Me2dhbMRuRw
2026-08-01,2026-07-28T00:13:09Z,8681Jg8vE7I,"""If today asked too much of you—"" — Epictetus | Stoicism",801,11,3,https://youtube.com/shorts/8681Jg8vE7I
2026-08-01,2026-08-01T09:19:18Z,jKqGbBDMJ1M,"""Rule 7: Fight only what you can move"" — Musonius Rufus | Stoicism",0,0,2,https://youtube.com/shorts/jKqGbBDMJ1M
2026-08-01,2026-08-01T06:01:23Z,Mue8NTxs_dk,"""Rome's richest advisor learned this the hard way"" — Seneca | Stoicism",86,0,2,https://youtube.com/shorts/Mue8NTxs_dk
2026-08-01,2026-08-01T00:09:43Z,-NDMY1q2EnY,"""The door is open"" — Zeno of Citium | Stoicism",304,6,2,https://youtube.com/shorts/-NDMY1q2EnY
2026-08-01,2026-07-31T10:01:46Z,LAF0IgG-hnI,"""One task is enough"" — Marcus Aurelius | Stoicism",309,8,2,https://youtube.com/shorts/LAF0IgG-hnI
2026-08-01,2026-07-31T06:07:30Z,EzgcSgsE5hE,"""If today asked too much—"" — Epictetus | Stoicism",223,5,2,https://youtube.com/shorts/EzgcSgsE5hE
2026-08-01,2026-07-31T00:15:59Z,awMI7G8645M,"""Rule 7: Guard who you let close"" — Musonius Rufus | Stoicism",406,2,2,https://youtube.com/shorts/awMI7G8645M
2026-08-01,2026-07-30T09:44:11Z,KtSrIKtVWg8,"""Nero handed him a death sentence"" — Seneca | Stoicism",185,3,2,https://youtube.com/shorts/KtSrIKtVWg8
2026-08-01,2026-07-30T05:41:14Z,LU4ayc3HtQU,"""You have enough"" — Zeno of Citium | Stoicism",293,9,2,https://youtube.com/shorts/LU4ayc3HtQU
2026-08-01,2026-07-30T00:13:35Z,JE6GK_vhvqc,"""You already have enough"" — Marcus Aurelius | Stoicism",527,11,4,https://youtube.com/shorts/JE6GK_vhvqc
2026-08-01,2026-07-29T16:29:55Z,MO_JaKvZGtA,"""If someone got under your skin today—"" — Epictetus | Stoicism",240,5,2,https://youtube.com/shorts/MO_JaKvZGtA
2026-08-01,2026-07-29T13:02:33Z,_3IeP6lK9bk,"""Rule 7: Only chase what's yours"" — Musonius Rufus | Stoicism",214,9,2,https://youtube.com/shorts/_3IeP6lK9bk
2026-08-01,2026-07-29T09:57:27Z,DIw5wKW7aAs,"""Nero's tutor watched the throne rot"" — Seneca | Stoicism",153,2,2,https://youtube.com/shorts/DIw5wKW7aAs
2026-08-01,2026-07-29T05:54:34Z,PDXFtkHTiR0,"""Rome's most powerful advisor. One weakness"" — Seneca | Stoicism",558,7,0,https://youtube.com/shorts/PDXFtkHTiR0
2026-08-01,2026-07-28T09:47:45Z,92VZI46v6WA,"""Right on time"" — Zeno of Citium | Stoicism",891,6,2,https://youtube.com/shorts/92VZI46v6WA
2026-08-01,2026-07-28T05:52:41Z,Me2dhbMRuRw,"""Move with a reason"" — Marcus Aurelius | Stoicism",296,5,2,https://youtube.com/shorts/Me2dhbMRuRw
2026-08-01,2026-08-01T09:19:18Z,jKqGbBDMJ1M,"""Rule 7: Fight only what you can move"" — Musonius Rufus | Stoicism",21,0,2,https://youtube.com/shorts/jKqGbBDMJ1M
2026-08-01,2026-08-01T06:01:23Z,Mue8NTxs_dk,"""Rome's richest advisor learned this the hard way"" — Seneca | Stoicism",122,0,2,https://youtube.com/shorts/Mue8NTxs_dk
2026-08-01,2026-08-01T00:09:43Z,-NDMY1q2EnY,"""The door is open"" — Zeno of Citium | Stoicism",356,6,2,https://youtube.com/shorts/-NDMY1q2EnY
2026-08-01,2026-07-31T10:01:46Z,LAF0IgG-hnI,"""One task is enough"" — Marcus Aurelius | Stoicism",322,7,2,https://youtube.com/shorts/LAF0IgG-hnI
2026-08-01,2026-07-31T06:07:30Z,EzgcSgsE5hE,"""If today asked too much—"" — Epictetus | Stoicism",225,5,2,https://youtube.com/shorts/EzgcSgsE5hE
2026-08-01,2026-07-31T00:15:59Z,awMI7G8645M,"""Rule 7: Guard who you let close"" — Musonius Rufus | Stoicism",411,2,2,https://youtube.com/shorts/awMI7G8645M
2026-08-01,2026-07-30T09:44:11Z,KtSrIKtVWg8,"""Nero handed him a death sentence"" — Seneca | Stoicism",185,3,2,https://youtube.com/shorts/KtSrIKtVWg8
2026-08-01,2026-07-30T05:41:14Z,LU4ayc3HtQU,"""You have enough"" — Zeno of Citium | Stoicism",293,9,2,https://youtube.com/shorts/LU4ayc3HtQU
2026-08-01,2026-07-30T00:13:35Z,JE6GK_vhvqc,"""You already have enough"" — Marcus Aurelius | Stoicism",527,11,4,https://youtube.com/shorts/JE6GK_vhvqc
2026-08-01,2026-07-29T16:29:55Z,MO_JaKvZGtA,"""If someone got under your skin today—"" — Epictetus | Stoicism",240,5,2,https://youtube.com/shorts/MO_JaKvZGtA
2026-08-01,2026-07-29T13:02:33Z,_3IeP6lK9bk,"""Rule 7: Only chase what's yours"" — Musonius Rufus | Stoicism",214,9,2,https://youtube.com/shorts/_3IeP6lK9bk
2026-08-01,2026-07-29T09:57:27Z,DIw5wKW7aAs,"""Nero's tutor watched the throne rot"" — Seneca | Stoicism",153,2,2,https://youtube.com/shorts/DIw5wKW7aAs
2026-08-01,2026-07-29T05:54:34Z,PDXFtkHTiR0,"""Rome's most powerful advisor. One weakness"" — Seneca | Stoicism",558,7,0,https://youtube.com/shorts/PDXFtkHTiR0
2026-08-01,2026-07-28T09:47:45Z,92VZI46v6WA,"""Right on time"" — Zeno of Citium | Stoicism",891,6,2,https://youtube.com/shorts/92VZI46v6WA
2026-08-01,2026-07-28T05:52:41Z,Me2dhbMRuRw,"""Move with a reason"" — Marcus Aurelius | Stoicism",296,5,2,https://youtube.com/shorts/Me2dhbMRuRw
2026-08-01,2026-08-01T09:19:18Z,jKqGbBDMJ1M,"""Rule 7: Fight only what you can move"" — Musonius Rufus | Stoicism",83,0,2,https://youtube.com/shorts/jKqGbBDMJ1M
2026-08-01,2026-08-01T06:01:23Z,Mue8NTxs_dk,"""Rome's richest advisor learned this the hard way"" — Seneca | Stoicism",152,1,2,https://youtube.com/shorts/Mue8NTxs_dk
2026-08-01,2026-08-01T00:09:43Z,-NDMY1q2EnY,"""The door is open"" — Zeno of Citium | Stoicism",379,6,2,https://youtube.com/shorts/-NDMY1q2EnY
2026-08-01,2026-07-31T10:01:46Z,LAF0IgG-hnI,"""One task is enough"" — Marcus Aurelius | Stoicism",333,7,2,https://youtube.com/shorts/LAF0IgG-hnI
2026-08-01,2026-07-31T06:07:30Z,EzgcSgsE5hE,"""If today asked too much—"" — Epictetus | Stoicism",243,5,2,https://youtube.com/shorts/EzgcSgsE5hE
2026-08-01,2026-07-31T00:15:59Z,awMI7G8645M,"""Rule 7: Guard who you let close"" — Musonius Rufus | Stoicism",414,2,2,https://youtube.com/shorts/awMI7G8645M
2026-08-01,2026-07-30T09:44:11Z,KtSrIKtVWg8,"""Nero handed him a death sentence"" — Seneca | Stoicism",185,3,2,https://youtube.com/shorts/KtSrIKtVWg8
2026-08-01,2026-07-30T05:41:14Z,LU4ayc3HtQU,"""You have enough"" — Zeno of Citium | Stoicism",293,9,2,https://youtube.com/shorts/LU4ayc3HtQU
2026-08-01,2026-07-30T00:13:35Z,JE6GK_vhvqc,"""You already have enough"" — Marcus Aurelius | Stoicism",528,11,4,https://youtube.com/shorts/JE6GK_vhvqc
2026-08-01,2026-07-29T16:29:55Z,MO_JaKvZGtA,"""If someone got under your skin today—"" — Epictetus | Stoicism",240,5,2,https://youtube.com/shorts/MO_JaKvZGtA
2026-08-01,2026-07-29T13:02:33Z,_3IeP6lK9bk,"""Rule 7: Only chase what's yours"" — Musonius Rufus | Stoicism",214,9,2,https://youtube.com/shorts/_3IeP6lK9bk
2026-08-01,2026-07-29T09:57:27Z,DIw5wKW7aAs,"""Nero's tutor watched the throne rot"" — Seneca | Stoicism",153,2,2,https://youtube.com/shorts/DIw5wKW7aAs
2026-08-01,2026-07-29T05:54:34Z,PDXFtkHTiR0,"""Rome's most powerful advisor. One weakness"" — Seneca | Stoicism",558,7,0,https://youtube.com/shorts/PDXFtkHTiR0
2026-08-01,2026-07-28T09:47:45Z,92VZI46v6WA,"""Right on time"" — Zeno of Citium | Stoicism",891,6,2,https://youtube.com/shorts/92VZI46v6WA
2026-08-01,2026-07-28T05:52:41Z,Me2dhbMRuRw,"""Move with a reason"" — Marcus Aurelius | Stoicism",296,5,2,https://youtube.com/shorts/Me2dhbMRuRw
2026-08-01,2026-08-01T09:19:18Z,jKqGbBDMJ1M,"""Rule 7: Fight only what you can move"" — Musonius Rufus | Stoicism",111,0,2,https://youtube.com/shorts/jKqGbBDMJ1M
2026-08-01,2026-08-01T06:01:23Z,Mue8NTxs_dk,"""Rome's richest advisor learned this the hard way"" — Seneca | Stoicism",168,1,2,https://youtube.com/shorts/Mue8NTxs_dk
2026-08-01,2026-08-01T00:09:43Z,-NDMY1q2EnY,"""The door is open"" — Zeno of Citium | Stoicism",397,6,3,https://youtube.com/shorts/-NDMY1q2EnY
2026-08-01,2026-07-31T10:01:46Z,LAF0IgG-hnI,"""One task is enough"" — Marcus Aurelius | Stoicism",334,8,2,https://youtube.com/shorts/LAF0IgG-hnI
2026-08-01,2026-07-31T06:07:30Z,EzgcSgsE5hE,"""If today asked too much—"" — Epictetus | Stoicism",243,5,2,https://youtube.com/shorts/EzgcSgsE5hE
2026-08-01,2026-07-31T00:15:59Z,awMI7G8645M,"""Rule 7: Guard who you let close"" — Musonius Rufus | Stoicism",414,2,2,https://youtube.com/shorts/awMI7G8645M
2026-08-01,2026-07-30T09:44:11Z,KtSrIKtVWg8,"""Nero handed him a death sentence"" — Seneca | Stoicism",185,3,2,https://youtube.com/shorts/KtSrIKtVWg8
2026-08-01,2026-07-30T05:41:14Z,LU4ayc3HtQU,"""You have enough"" — Zeno of Citium | Stoicism",293,9,2,https://youtube.com/shorts/LU4ayc3HtQU
2026-08-01,2026-07-30T00:13:35Z,JE6GK_vhvqc,"""You already have enough"" — Marcus Aurelius | Stoicism",528,11,4,https://youtube.com/shorts/JE6GK_vhvqc
2026-08-01,2026-07-29T16:29:55Z,MO_JaKvZGtA,"""If someone got under your skin today—"" — Epictetus | Stoicism",240,5,2,https://youtube.com/shorts/MO_JaKvZGtA
2026-08-01,2026-07-29T13:02:33Z,_3IeP6lK9bk,"""Rule 7: Only chase what's yours"" — Musonius Rufus | Stoicism",214,9,2,https://youtube.com/shorts/_3IeP6lK9bk
2026-08-01,2026-07-29T09:57:27Z,DIw5wKW7aAs,"""Nero's tutor watched the throne rot"" — Seneca | Stoicism",153,2,2,https://youtube.com/shorts/DIw5wKW7aAs
2026-08-01,2026-07-29T05:54:34Z,PDXFtkHTiR0,"""Rome's most powerful advisor. One weakness"" — Seneca | Stoicism",558,7,0,https://youtube.com/shorts/PDXFtkHTiR0
2026-08-01,2026-07-28T09:47:45Z,92VZI46v6WA,"""Right on time"" — Zeno of Citium | Stoicism",891,6,2,https://youtube.com/shorts/92VZI46v6WA
2026-08-01,2026-07-28T05:52:41Z,Me2dhbMRuRw,"""Move with a reason"" — Marcus Aurelius | Stoicism",296,5,2,https://youtube.com/shorts/Me2dhbMRuRw
2026-08-01,2026-08-01T09:19:18Z,jKqGbBDMJ1M,"""Rule 7: Fight only what you can move"" — Musonius Rufus | Stoicism",116,0,2,https://youtube.com/shorts/jKqGbBDMJ1M
2026-08-01,2026-08-01T06:01:23Z,Mue8NTxs_dk,"""Rome's richest advisor learned this the hard way"" — Seneca | Stoicism",152,1,2,https://youtube.com/shorts/Mue8NTxs_dk
2026-08-01,2026-08-01T00:09:43Z,-NDMY1q2EnY,"""The door is open"" — Zeno of Citium | Stoicism",397,6,3,https://youtube.com/shorts/-NDMY1q2EnY
2026-08-01,2026-07-31T10:01:46Z,LAF0IgG-hnI,"""One task is enough"" — Marcus Aurelius | Stoicism",334,8,2,https://youtube.com/shorts/LAF0IgG-hnI
2026-08-01,2026-07-31T06:07:30Z,EzgcSgsE5hE,"""If today asked too much—"" — Epictetus | Stoicism",245,5,2,https://youtube.com/shorts/EzgcSgsE5hE
2026-08-01,2026-07-31T00:15:59Z,awMI7G8645M,"""Rule 7: Guard who you let close"" — Musonius Rufus | Stoicism",415,2,2,https://youtube.com/shorts/awMI7G8645M
2026-08-01,2026-07-30T09:44:11Z,KtSrIKtVWg8,"""Nero handed him a death sentence"" — Seneca | Stoicism",185,3,2,https://youtube.com/shorts/KtSrIKtVWg8
2026-08-01,2026-07-30T05:41:14Z,LU4ayc3HtQU,"""You have enough"" — Zeno of Citium | Stoicism",293,9,2,https://youtube.com/shorts/LU4ayc3HtQU
2026-08-01,2026-07-30T00:13:35Z,JE6GK_vhvqc,"""You already have enough"" — Marcus Aurelius | Stoicism",528,11,4,https://youtube.com/shorts/JE6GK_vhvqc
2026-08-01,2026-07-29T16:29:55Z,MO_JaKvZGtA,"""If someone got under your skin today—"" — Epictetus | Stoicism",240,5,2,https://youtube.com/shorts/MO_JaKvZGtA
2026-08-01,2026-07-29T13:02:33Z,_3IeP6lK9bk,"""Rule 7: Only chase what's yours"" — Musonius Rufus | Stoicism",214,9,2,https://youtube.com/shorts/_3IeP6lK9bk
2026-08-01,2026-07-29T09:57:27Z,DIw5wKW7aAs,"""Nero's tutor watched the throne rot"" — Seneca | Stoicism",153,2,2,https://youtube.com/shorts/DIw5wKW7aAs
2026-08-01,2026-07-29T05:54:34Z,PDXFtkHTiR0,"""Rome's most powerful advisor. One weakness"" — Seneca | Stoicism",558,7,0,https://youtube.com/shorts/PDXFtkHTiR0
2026-08-01,2026-07-28T09:47:45Z,92VZI46v6WA,"""Right on time"" — Zeno of Citium | Stoicism",891,6,2,https://youtube.com/shorts/92VZI46v6WA
2026-08-01,2026-07-28T05:52:41Z,Me2dhbMRuRw,"""Move with a reason"" — Marcus Aurelius | Stoicism",296,5,2,https://youtube.com/shorts/Me2dhbMRuRw
2026-08-02,2026-08-02T00:12:11Z,XwKlbO2NDF0,"""Still replaying what they said"" — Epictetus | Stoicism",0,0,2,https://youtube.com/shorts/XwKlbO2NDF0
2026-08-02,2026-08-01T09:19:18Z,jKqGbBDMJ1M,"""Rule 7: Fight only what you can move"" — Musonius Rufus | Stoicism",168,1,2,https://youtube.com/shorts/jKqGbBDMJ1M
2026-08-02,2026-08-01T06:01:23Z,Mue8NTxs_dk,"""Rome's richest advisor learned this the hard way"" — Seneca | Stoicism",186,2,2,https://youtube.com/shorts/Mue8NTxs_dk
2026-08-02,2026-08-01T00:09:43Z,-NDMY1q2EnY,"""The door is open"" — Zeno of Citium | Stoicism",433,7,3,https://youtube.com/shorts/-NDMY1q2EnY
2026-08-02,2026-07-31T10:01:46Z,LAF0IgG-hnI,"""One task is enough"" — Marcus Aurelius | Stoicism",340,8,2,https://youtube.com/shorts/LAF0IgG-hnI
2026-08-02,2026-07-31T06:07:30Z,EzgcSgsE5hE,"""If today asked too much—"" — Epictetus | Stoicism",253,5,2,https://youtube.com/shorts/EzgcSgsE5hE
2026-08-02,2026-07-31T00:15:59Z,awMI7G8645M,"""Rule 7: Guard who you let close"" — Musonius Rufus | Stoicism",421,2,2,https://youtube.com/shorts/awMI7G8645M
2026-08-02,2026-07-30T09:44:11Z,KtSrIKtVWg8,"""Nero handed him a death sentence"" — Seneca | Stoicism",185,3,2,https://youtube.com/shorts/KtSrIKtVWg8
2026-08-02,2026-07-30T05:41:14Z,LU4ayc3HtQU,"""You have enough"" — Zeno of Citium | Stoicism",293,9,2,https://youtube.com/shorts/LU4ayc3HtQU
2026-08-02,2026-07-30T00:13:35Z,JE6GK_vhvqc,"""You already have enough"" — Marcus Aurelius | Stoicism",528,11,4,https://youtube.com/shorts/JE6GK_vhvqc
2026-08-02,2026-07-29T16:29:55Z,MO_JaKvZGtA,"""If someone got under your skin today—"" — Epictetus | Stoicism",240,5,2,https://youtube.com/shorts/MO_JaKvZGtA
2026-08-02,2026-07-29T13:02:33Z,_3IeP6lK9bk,"""Rule 7: Only chase what's yours"" — Musonius Rufus | Stoicism",214,9,2,https://youtube.com/shorts/_3IeP6lK9bk
2026-08-02,2026-07-29T09:57:27Z,DIw5wKW7aAs,"""Nero's tutor watched the throne rot"" — Seneca | Stoicism",153,2,2,https://youtube.com/shorts/DIw5wKW7aAs
2026-08-02,2026-07-29T05:54:34Z,PDXFtkHTiR0,"""Rome's most powerful advisor. One weakness"" — Seneca | Stoicism",558,7,0,https://youtube.com/shorts/PDXFtkHTiR0
2026-08-02,2026-07-28T09:47:45Z,92VZI46v6WA,"""Right on time"" — Zeno of Citium | Stoicism",891,6,2,https://youtube.com/shorts/92VZI46v6WA
2026-08-02,2026-08-02T05:56:54Z,752yaoky0Kg,"""You keep wanting more"" — Marcus Aurelius | Stoicism",3,0,2,https://youtube.com/shorts/752yaoky0Kg
2026-08-02,2026-08-02T00:12:42Z,XwKlbO2NDF0,"""Still replaying what they said"" — Epictetus | Stoicism",131,2,2,https://youtube.com/shorts/XwKlbO2NDF0
2026-08-02,2026-08-01T09:19:18Z,jKqGbBDMJ1M,"""Rule 7: Fight only what you can move"" — Musonius Rufus | Stoicism",203,1,2,https://youtube.com/shorts/jKqGbBDMJ1M
2026-08-02,2026-08-01T06:01:23Z,Mue8NTxs_dk,"""Rome's richest advisor learned this the hard way"" — Seneca | Stoicism",203,2,2,https://youtube.com/shorts/Mue8NTxs_dk
2026-08-02,2026-08-01T00:09:43Z,-NDMY1q2EnY,"""The door is open"" — Zeno of Citium | Stoicism",461,7,3,https://youtube.com/shorts/-NDMY1q2EnY
2026-08-02,2026-07-31T10:01:46Z,LAF0IgG-hnI,"""One task is enough"" — Marcus Aurelius | Stoicism",353,10,2,https://youtube.com/shorts/LAF0IgG-hnI
2026-08-02,2026-07-31T06:07:30Z,EzgcSgsE5hE,"""If today asked too much—"" — Epictetus | Stoicism",255,5,2,https://youtube.com/shorts/EzgcSgsE5hE
2026-08-02,2026-07-31T00:15:59Z,awMI7G8645M,"""Rule 7: Guard who you let close"" — Musonius Rufus | Stoicism",428,2,2,https://youtube.com/shorts/awMI7G8645M
2026-08-02,2026-07-30T09:44:11Z,KtSrIKtVWg8,"""Nero handed him a death sentence"" — Seneca | Stoicism",185,3,2,https://youtube.com/shorts/KtSrIKtVWg8
2026-08-02,2026-07-30T05:41:14Z,LU4ayc3HtQU,"""You have enough"" — Zeno of Citium | Stoicism",293,9,2,https://youtube.com/shorts/LU4ayc3HtQU
2026-08-02,2026-07-30T00:13:35Z,JE6GK_vhvqc,"""You already have enough"" — Marcus Aurelius | Stoicism",528,11,4,https://youtube.com/shorts/JE6GK_vhvqc
2026-08-02,2026-07-29T16:29:55Z,MO_JaKvZGtA,"""If someone got under your skin today—"" — Epictetus | Stoicism",240,5,2,https://youtube.com/shorts/MO_JaKvZGtA
2026-08-02,2026-07-29T13:02:33Z,_3IeP6lK9bk,"""Rule 7: Only chase what's yours"" — Musonius Rufus | Stoicism",213,9,2,https://youtube.com/shorts/_3IeP6lK9bk
2026-08-02,2026-07-29T09:57:27Z,DIw5wKW7aAs,"""Nero's tutor watched the throne rot"" — Seneca | Stoicism",153,2,2,https://youtube.com/shorts/DIw5wKW7aAs
2026-08-02,2026-07-29T05:54:34Z,PDXFtkHTiR0,"""Rome's most powerful advisor. One weakness"" — Seneca | Stoicism",558,7,0,https://youtube.com/shorts/PDXFtkHTiR0
2026-08-02,2026-08-02T09:23:23Z,9arMWeXLsdU,"""Stand unshaken"" — Zeno of Citium | Stoicism",1,0,2,https://youtube.com/shorts/9arMWeXLsdU
2026-08-02,2026-08-02T05:56:54Z,752yaoky0Kg,"""You keep wanting more"" — Marcus Aurelius | Stoicism",156,2,2,https://youtube.com/shorts/752yaoky0Kg
2026-08-02,2026-08-02T00:12:42Z,XwKlbO2NDF0,"""Still replaying what they said"" — Epictetus | Stoicism",192,3,2,https://youtube.com/shorts/XwKlbO2NDF0
2026-08-02,2026-08-01T09:19:18Z,jKqGbBDMJ1M,"""Rule 7: Fight only what you can move"" — Musonius Rufus | Stoicism",206,1,2,https://youtube.com/shorts/jKqGbBDMJ1M
2026-08-02,2026-08-01T06:01:23Z,Mue8NTxs_dk,"""Rome's richest advisor learned this the hard way"" — Seneca | Stoicism",215,3,2,https://youtube.com/shorts/Mue8NTxs_dk
2026-08-02,2026-08-01T00:09:43Z,-NDMY1q2EnY,"""The door is open"" — Zeno of Citium | Stoicism",472,8,3,https://youtube.com/shorts/-NDMY1q2EnY
2026-08-02,2026-07-31T10:01:46Z,LAF0IgG-hnI,"""One task is enough"" — Marcus Aurelius | Stoicism",355,11,2,https://youtube.com/shorts/LAF0IgG-hnI
2026-08-02,2026-07-31T06:07:30Z,EzgcSgsE5hE,"""If today asked too much—"" — Epictetus | Stoicism",256,6,2,https://youtube.com/shorts/EzgcSgsE5hE
2026-08-02,2026-07-31T00:15:59Z,awMI7G8645M,"""Rule 7: Guard who you let close"" — Musonius Rufus | Stoicism",428,2,2,https://youtube.com/shorts/awMI7G8645M
2026-08-02,2026-07-30T09:44:11Z,KtSrIKtVWg8,"""Nero handed him a death sentence"" — Seneca | Stoicism",185,3,2,https://youtube.com/shorts/KtSrIKtVWg8
2026-08-02,2026-07-30T05:41:14Z,LU4ayc3HtQU,"""You have enough"" — Zeno of Citium | Stoicism",293,9,2,https://youtube.com/shorts/LU4ayc3HtQU
2026-08-02,2026-07-30T00:13:35Z,JE6GK_vhvqc,"""You already have enough"" — Marcus Aurelius | Stoicism",528,11,4,https://youtube.com/shorts/JE6GK_vhvqc
2026-08-02,2026-07-29T16:29:55Z,MO_JaKvZGtA,"""If someone got under your skin today—"" — Epictetus | Stoicism",240,5,2,https://youtube.com/shorts/MO_JaKvZGtA
2026-08-02,2026-07-29T13:02:33Z,_3IeP6lK9bk,"""Rule 7: Only chase what's yours"" — Musonius Rufus | Stoicism",213,9,2,https://youtube.com/shorts/_3IeP6lK9bk
2026-08-02,2026-07-29T09:57:27Z,DIw5wKW7aAs,"""Nero's tutor watched the throne rot"" — Seneca | Stoicism",153,2,2,https://youtube.com/shorts/DIw5wKW7aAs
2026-08-02,2026-08-02T09:23:23Z,9arMWeXLsdU,"""Stand unshaken"" — Zeno of Citium | Stoicism",85,0,2,https://youtube.com/shorts/9arMWeXLsdU
2026-08-02,2026-08-02T05:56:54Z,752yaoky0Kg,"""You keep wanting more"" — Marcus Aurelius | Stoicism",165,2,2,https://youtube.com/shorts/752yaoky0Kg
2026-08-02,2026-08-02T00:12:42Z,XwKlbO2NDF0,"""Still replaying what they said"" — Epictetus | Stoicism",222,4,2,https://youtube.com/shorts/XwKlbO2NDF0
2026-08-02,2026-08-01T09:19:18Z,jKqGbBDMJ1M,"""Rule 7: Fight only what you can move"" — Musonius Rufus | Stoicism",214,1,2,https://youtube.com/shorts/jKqGbBDMJ1M
2026-08-02,2026-08-01T06:01:23Z,Mue8NTxs_dk,"""Rome's richest advisor learned this the hard way"" — Seneca | Stoicism",220,3,2,https://youtube.com/shorts/Mue8NTxs_dk
2026-08-02,2026-08-01T00:09:43Z,-NDMY1q2EnY,"""The door is open"" — Zeno of Citium | Stoicism",475,8,3,https://youtube.com/shorts/-NDMY1q2EnY
2026-08-02,2026-07-31T10:01:46Z,LAF0IgG-hnI,"""One task is enough"" — Marcus Aurelius | Stoicism",363,11,2,https://youtube.com/shorts/LAF0IgG-hnI
2026-08-02,2026-07-31T06:07:30Z,EzgcSgsE5hE,"""If today asked too much—"" — Epictetus | Stoicism",256,6,2,https://youtube.com/shorts/EzgcSgsE5hE
2026-08-02,2026-07-31T00:15:59Z,awMI7G8645M,"""Rule 7: Guard who you let close"" — Musonius Rufus | Stoicism",429,2,2,https://youtube.com/shorts/awMI7G8645M
2026-08-02,2026-07-30T09:44:11Z,KtSrIKtVWg8,"""Nero handed him a death sentence"" — Seneca | Stoicism",185,3,2,https://youtube.com/shorts/KtSrIKtVWg8
2026-08-02,2026-07-30T05:41:14Z,LU4ayc3HtQU,"""You have enough"" — Zeno of Citium | Stoicism",293,9,2,https://youtube.com/shorts/LU4ayc3HtQU
2026-08-02,2026-07-30T00:13:35Z,JE6GK_vhvqc,"""You already have enough"" — Marcus Aurelius | Stoicism",528,11,4,https://youtube.com/shorts/JE6GK_vhvqc
2026-08-02,2026-07-29T16:29:55Z,MO_JaKvZGtA,"""If someone got under your skin today—"" — Epictetus | Stoicism",240,5,2,https://youtube.com/shorts/MO_JaKvZGtA
2026-08-02,2026-07-29T13:02:33Z,_3IeP6lK9bk,"""Rule 7: Only chase what's yours"" — Musonius Rufus | Stoicism",213,9,2,https://youtube.com/shorts/_3IeP6lK9bk
2026-08-02,2026-07-29T09:57:27Z,DIw5wKW7aAs,"""Nero's tutor watched the throne rot"" — Seneca | Stoicism",153,2,2,https://youtube.com/shorts/DIw5wKW7aAs
2026-08-02,2026-08-02T09:23:23Z,9arMWeXLsdU,"""Stand unshaken"" — Zeno of Citium | Stoicism",187,1,2,https://youtube.com/shorts/9arMWeXLsdU
2026-08-02,2026-08-02T05:56:54Z,752yaoky0Kg,"""You keep wanting more"" — Marcus Aurelius | Stoicism",205,3,2,https://youtube.com/shorts/752yaoky0Kg
2026-08-02,2026-08-02T00:12:42Z,XwKlbO2NDF0,"""Still replaying what they said"" — Epictetus | Stoicism",262,3,2,https://youtube.com/shorts/XwKlbO2NDF0
2026-08-02,2026-08-01T09:19:18Z,jKqGbBDMJ1M,"""Rule 7: Fight only what you can move"" — Musonius Rufus | Stoicism",218,1,2,https://youtube.com/shorts/jKqGbBDMJ1M
2026-08-02,2026-08-01T06:01:23Z,Mue8NTxs_dk,"""Rome's richest advisor learned this the hard way"" — Seneca | Stoicism",221,3,2,https://youtube.com/shorts/Mue8NTxs_dk
2026-08-02,2026-08-01T00:09:43Z,-NDMY1q2EnY,"""The door is open"" — Zeno of Citium | Stoicism",476,8,3,https://youtube.com/shorts/-NDMY1q2EnY
2026-08-02,2026-07-31T10:01:46Z,LAF0IgG-hnI,"""One task is enough"" — Marcus Aurelius | Stoicism",367,11,2,https://youtube.com/shorts/LAF0IgG-hnI
2026-08-02,2026-07-31T06:07:30Z,EzgcSgsE5hE,"""If today asked too much—"" — Epictetus | Stoicism",261,6,2,https://youtube.com/shorts/EzgcSgsE5hE
2026-08-02,2026-07-31T00:15:59Z,awMI7G8645M,"""Rule 7: Guard who you let close"" — Musonius Rufus | Stoicism",429,2,2,https://youtube.com/shorts/awMI7G8645M
2026-08-02,2026-07-30T09:44:11Z,KtSrIKtVWg8,"""Nero handed him a death sentence"" — Seneca | Stoicism",185,3,2,https://youtube.com/shorts/KtSrIKtVWg8
2026-08-02,2026-07-30T05:41:14Z,LU4ayc3HtQU,"""You have enough"" — Zeno of Citium | Stoicism",293,9,2,https://youtube.com/shorts/LU4ayc3HtQU
2026-08-02,2026-07-30T00:13:35Z,JE6GK_vhvqc,"""You already have enough"" — Marcus Aurelius | Stoicism",528,11,4,https://youtube.com/shorts/JE6GK_vhvqc
2026-08-02,2026-07-29T16:29:55Z,MO_JaKvZGtA,"""If someone got under your skin today—"" — Epictetus | Stoicism",240,5,2,https://youtube.com/shorts/MO_JaKvZGtA
2026-08-02,2026-07-29T13:02:33Z,_3IeP6lK9bk,"""Rule 7: Only chase what's yours"" — Musonius Rufus | Stoicism",213,9,2,https://youtube.com/shorts/_3IeP6lK9bk
2026-08-02,2026-07-29T09:57:27Z,DIw5wKW7aAs,"""Nero's tutor watched the throne rot"" — Seneca | Stoicism",153,2,2,https://youtube.com/shorts/DIw5wKW7aAs
2026-08-02,2026-08-02T09:23:23Z,9arMWeXLsdU,"""Stand unshaken"" — Zeno of Citium | Stoicism",246,1,2,https://youtube.com/shorts/9arMWeXLsdU
2026-08-02,2026-08-02T05:56:54Z,752yaoky0Kg,"""You keep wanting more"" — Marcus Aurelius | Stoicism",335,5,2,https://youtube.com/shorts/752yaoky0Kg
2026-08-02,2026-08-02T00:12:42Z,XwKlbO2NDF0,"""Still replaying what they said"" — Epictetus | Stoicism",357,4,2,https://youtube.com/shorts/XwKlbO2NDF0
2026-08-02,2026-08-01T09:19:18Z,jKqGbBDMJ1M,"""Rule 7: Fight only what you can move"" — Musonius Rufus | Stoicism",234,2,2,https://youtube.com/shorts/jKqGbBDMJ1M
2026-08-02,2026-08-01T06:01:23Z,Mue8NTxs_dk,"""Rome's richest advisor learned this the hard way"" — Seneca | Stoicism",237,3,2,https://youtube.com/shorts/Mue8NTxs_dk
2026-08-02,2026-08-01T00:09:43Z,-NDMY1q2EnY,"""The door is open"" — Zeno of Citium | Stoicism",507,9,3,https://youtube.com/shorts/-NDMY1q2EnY
2026-08-02,2026-07-31T10:01:46Z,LAF0IgG-hnI,"""One task is enough"" — Marcus Aurelius | Stoicism",369,11,2,https://youtube.com/shorts/LAF0IgG-hnI
2026-08-02,2026-07-31T06:07:30Z,EzgcSgsE5hE,"""If today asked too much—"" — Epictetus | Stoicism",261,6,2,https://youtube.com/shorts/EzgcSgsE5hE
2026-08-02,2026-07-31T00:15:59Z,awMI7G8645M,"""Rule 7: Guard who you let close"" — Musonius Rufus | Stoicism",431,2,2,https://youtube.com/shorts/awMI7G8645M
2026-08-02,2026-07-30T09:44:11Z,KtSrIKtVWg8,"""Nero handed him a death sentence"" — Seneca | Stoicism",185,3,2,https://youtube.com/shorts/KtSrIKtVWg8
2026-08-02,2026-07-30T05:41:14Z,LU4ayc3HtQU,"""You have enough"" — Zeno of Citium | Stoicism",293,9,2,https://youtube.com/shorts/LU4ayc3HtQU
2026-08-02,2026-07-30T00:13:35Z,JE6GK_vhvqc,"""You already have enough"" — Marcus Aurelius | Stoicism",528,11,4,https://youtube.com/shorts/JE6GK_vhvqc
2026-08-02,2026-07-29T16:29:55Z,MO_JaKvZGtA,"""If someone got under your skin today—"" — Epictetus | Stoicism",240,5,2,https://youtube.com/shorts/MO_JaKvZGtA
2026-08-02,2026-07-29T13:02:33Z,_3IeP6lK9bk,"""Rule 7: Only chase what's yours"" — Musonius Rufus | Stoicism",213,9,2,https://youtube.com/shorts/_3IeP6lK9bk
2026-08-02,2026-07-29T09:57:27Z,DIw5wKW7aAs,"""Nero's tutor watched the throne rot"" — Seneca | Stoicism",153,2,2,https://youtube.com/shorts/DIw5wKW7aAs
2026-08-02,2026-08-02T09:23:23Z,9arMWeXLsdU,"""Stand unshaken"" — Zeno of Citium | Stoicism",246,1,2,https://youtube.com/shorts/9arMWeXLsdU
2026-08-02,2026-08-02T05:56:54Z,752yaoky0Kg,"""You keep wanting more"" — Marcus Aurelius | Stoicism",340,5,2,https://youtube.com/shorts/752yaoky0Kg
2026-08-02,2026-08-02T00:12:42Z,XwKlbO2NDF0,"""Still replaying what they said"" — Epictetus | Stoicism",357,4,2,https://youtube.com/shorts/XwKlbO2NDF0
2026-08-02,2026-08-01T09:19:18Z,jKqGbBDMJ1M,"""Rule 7: Fight only what you can move"" — Musonius Rufus | Stoicism",235,2,2,https://youtube.com/shorts/jKqGbBDMJ1M
2026-08-02,2026-08-01T06:01:23Z,Mue8NTxs_dk,"""Rome's richest advisor learned this the hard way"" — Seneca | Stoicism",237,3,2,https://youtube.com/shorts/Mue8NTxs_dk
2026-08-02,2026-08-01T00:09:43Z,-NDMY1q2EnY,"""The door is open"" — Zeno of Citium | Stoicism",507,9,3,https://youtube.com/shorts/-NDMY1q2EnY
2026-08-02,2026-07-31T10:01:46Z,LAF0IgG-hnI,"""One task is enough"" — Marcus Aurelius | Stoicism",369,11,2,https://youtube.com/shorts/LAF0IgG-hnI
2026-08-02,2026-07-31T06:07:30Z,EzgcSgsE5hE,"""If today asked too much—"" — Epictetus | Stoicism",261,6,2,https://youtube.com/shorts/EzgcSgsE5hE
2026-08-02,2026-07-31T00:15:59Z,awMI7G8645M,"""Rule 7: Guard who you let close"" — Musonius Rufus | Stoicism",431,2,2,https://youtube.com/shorts/awMI7G8645M
2026-08-02,2026-07-30T09:44:11Z,KtSrIKtVWg8,"""Nero handed him a death sentence"" — Seneca | Stoicism",185,3,2,https://youtube.com/shorts/KtSrIKtVWg8
2026-08-02,2026-07-30T05:41:14Z,LU4ayc3HtQU,"""You have enough"" — Zeno of Citium | Stoicism",293,9,2,https://youtube.com/shorts/LU4ayc3HtQU
2026-08-02,2026-07-30T00:13:35Z,JE6GK_vhvqc,"""You already have enough"" — Marcus Aurelius | Stoicism",528,11,4,https://youtube.com/shorts/JE6GK_vhvqc
2026-08-02,2026-07-29T16:29:55Z,MO_JaKvZGtA,"""If someone got under your skin today—"" — Epictetus | Stoicism",240,5,2,https://youtube.com/shorts/MO_JaKvZGtA
2026-08-02,2026-07-29T13:02:33Z,_3IeP6lK9bk,"""Rule 7: Only chase what's yours"" — Musonius Rufus | Stoicism",213,9,2,https://youtube.com/shorts/_3IeP6lK9bk
2026-08-02,2026-07-29T09:57:27Z,DIw5wKW7aAs,"""Nero's tutor watched the throne rot"" — Seneca | Stoicism",153,2,2,https://youtube.com/shorts/DIw5wKW7aAs
2026-08-03,2026-08-03T00:11:38Z,D56LXXdfYgA,"""Nero sent him one final order"" — Seneca | Stoicism",0,0,2,https://youtube.com/shorts/D56LXXdfYgA
2026-08-03,2026-08-02T09:23:23Z,9arMWeXLsdU,"""Stand unshaken"" — Zeno of Citium | Stoicism",304,3,2,https://youtube.com/shorts/9arMWeXLsdU
2026-08-03,2026-08-02T05:56:54Z,752yaoky0Kg,"""You keep wanting more"" — Marcus Aurelius | Stoicism",455,6,2,https://youtube.com/shorts/752yaoky0Kg
2026-08-03,2026-08-02T00:12:42Z,XwKlbO2NDF0,"""Still replaying what they said"" — Epictetus | Stoicism",396,5,2,https://youtube.com/shorts/XwKlbO2NDF0
2026-08-03,2026-08-01T09:19:18Z,jKqGbBDMJ1M,"""Rule 7: Fight only what you can move"" — Musonius Rufus | Stoicism",235,2,2,https://youtube.com/shorts/jKqGbBDMJ1M
2026-08-03,2026-08-01T06:01:23Z,Mue8NTxs_dk,"""Rome's richest advisor learned this the hard way"" — Seneca | Stoicism",250,3,2,https://youtube.com/shorts/Mue8NTxs_dk
2026-08-03,2026-08-01T00:09:43Z,-NDMY1q2EnY,"""The door is open"" — Zeno of Citium | Stoicism",524,8,3,https://youtube.com/shorts/-NDMY1q2EnY
2026-08-03,2026-07-31T10:01:46Z,LAF0IgG-hnI,"""One task is enough"" — Marcus Aurelius | Stoicism",369,11,2,https://youtube.com/shorts/LAF0IgG-hnI
2026-08-03,2026-07-31T06:07:30Z,EzgcSgsE5hE,"""If today asked too much—"" — Epictetus | Stoicism",261,6,2,https://youtube.com/shorts/EzgcSgsE5hE
2026-08-03,2026-07-31T00:15:59Z,awMI7G8645M,"""Rule 7: Guard who you let close"" — Musonius Rufus | Stoicism",430,2,2,https://youtube.com/shorts/awMI7G8645M
2026-08-03,2026-07-30T09:44:11Z,KtSrIKtVWg8,"""Nero handed him a death sentence"" — Seneca | Stoicism",185,3,2,https://youtube.com/shorts/KtSrIKtVWg8
2026-08-03,2026-07-30T05:41:14Z,LU4ayc3HtQU,"""You have enough"" — Zeno of Citium | Stoicism",293,9,2,https://youtube.com/shorts/LU4ayc3HtQU
2026-08-03,2026-07-30T00:13:35Z,JE6GK_vhvqc,"""You already have enough"" — Marcus Aurelius | Stoicism",528,11,4,https://youtube.com/shorts/JE6GK_vhvqc
2026-08-03,2026-07-29T16:29:55Z,MO_JaKvZGtA,"""If someone got under your skin today—"" — Epictetus | Stoicism",240,5,2,https://youtube.com/shorts/MO_JaKvZGtA
2026-08-03,2026-07-29T13:02:33Z,_3IeP6lK9bk,"""Rule 7: Only chase what's yours"" — Musonius Rufus | Stoicism",213,9,2,https://youtube.com/shorts/_3IeP6lK9bk
2026-08-03,2026-08-03T00:11:55Z,D56LXXdfYgA,"""Nero sent him one final order"" — Seneca | Stoicism",376,5,2,https://youtube.com/shorts/D56LXXdfYgA
2026-08-03,2026-08-02T09:23:23Z,9arMWeXLsdU,"""Stand unshaken"" — Zeno of Citium | Stoicism",457,7,2,https://youtube.com/shorts/9arMWeXLsdU
2026-08-03,2026-08-02T05:56:54Z,752yaoky0Kg,"""You keep wanting more"" — Marcus Aurelius | Stoicism",521,6,2,https://youtube.com/shorts/752yaoky0Kg
2026-08-03,2026-08-02T00:12:42Z,XwKlbO2NDF0,"""Still replaying what they said"" — Epictetus | Stoicism",432,5,2,https://youtube.com/shorts/XwKlbO2NDF0
2026-08-03,2026-08-01T09:19:18Z,jKqGbBDMJ1M,"""Rule 7: Fight only what you can move"" — Musonius Rufus | Stoicism",275,3,2,https://youtube.com/shorts/jKqGbBDMJ1M
2026-08-03,2026-08-01T06:01:23Z,Mue8NTxs_dk,"""Rome's richest advisor learned this the hard way"" — Seneca | Stoicism",266,3,2,https://youtube.com/shorts/Mue8NTxs_dk
2026-08-03,2026-08-01T00:09:43Z,-NDMY1q2EnY,"""The door is open"" — Zeno of Citium | Stoicism",539,8,3,https://youtube.com/shorts/-NDMY1q2EnY
2026-08-03,2026-07-31T10:01:46Z,LAF0IgG-hnI,"""One task is enough"" — Marcus Aurelius | Stoicism",374,11,2,https://youtube.com/shorts/LAF0IgG-hnI
2026-08-03,2026-07-31T06:07:30Z,EzgcSgsE5hE,"""If today asked too much—"" — Epictetus | Stoicism",261,6,2,https://youtube.com/shorts/EzgcSgsE5hE
2026-08-03,2026-07-31T00:15:59Z,awMI7G8645M,"""Rule 7: Guard who you let close"" — Musonius Rufus | Stoicism",431,2,2,https://youtube.com/shorts/awMI7G8645M
2026-08-03,2026-07-30T09:44:11Z,KtSrIKtVWg8,"""Nero handed him a death sentence"" — Seneca | Stoicism",185,3,2,https://youtube.com/shorts/KtSrIKtVWg8
2026-08-03,2026-07-30T05:41:14Z,LU4ayc3HtQU,"""You have enough"" — Zeno of Citium | Stoicism",293,9,2,https://youtube.com/shorts/LU4ayc3HtQU
2026-08-03,2026-07-30T00:13:35Z,JE6GK_vhvqc,"""You already have enough"" — Marcus Aurelius | Stoicism",529,11,4,https://youtube.com/shorts/JE6GK_vhvqc
2026-08-03,2026-07-29T16:29:55Z,MO_JaKvZGtA,"""If someone got under your skin today—"" — Epictetus | Stoicism",240,5,2,https://youtube.com/shorts/MO_JaKvZGtA
2026-08-03,2026-07-29T13:02:33Z,_3IeP6lK9bk,"""Rule 7: Only chase what's yours"" — Musonius Rufus | Stoicism",213,9,2,https://youtube.com/shorts/_3IeP6lK9bk
2026-08-03,2026-08-03T06:22:02Z,QNa1HVZUxvA,"""Rule 7: Be loved, not feared"" — Musonius Rufus | Stoicism",95,4,4,https://youtube.com/shorts/QNa1HVZUxvA
2026-08-03,2026-08-03T00:11:55Z,D56LXXdfYgA,"""Nero sent him one final order"" — Seneca | Stoicism",416,5,2,https://youtube.com/shorts/D56LXXdfYgA
2026-08-03,2026-08-02T09:23:23Z,9arMWeXLsdU,"""Stand unshaken"" — Zeno of Citium | Stoicism",552,9,2,https://youtube.com/shorts/9arMWeXLsdU
2026-08-03,2026-08-02T05:56:54Z,752yaoky0Kg,"""You keep wanting more"" — Marcus Aurelius | Stoicism",543,7,2,https://youtube.com/shorts/752yaoky0Kg
2026-08-03,2026-08-02T00:12:42Z,XwKlbO2NDF0,"""Still replaying what they said"" — Epictetus | Stoicism",446,6,2,https://youtube.com/shorts/XwKlbO2NDF0
2026-08-03,2026-08-01T09:19:18Z,jKqGbBDMJ1M,"""Rule 7: Fight only what you can move"" — Musonius Rufus | Stoicism",280,3,2,https://youtube.com/shorts/jKqGbBDMJ1M
2026-08-03,2026-08-01T06:01:23Z,Mue8NTxs_dk,"""Rome's richest advisor learned this the hard way"" — Seneca | Stoicism",297,3,2,https://youtube.com/shorts/Mue8NTxs_dk
2026-08-03,2026-08-01T00:09:43Z,-NDMY1q2EnY,"""The door is open"" — Zeno of Citium | Stoicism",539,8,3,https://youtube.com/shorts/-NDMY1q2EnY
2026-08-03,2026-07-31T10:01:46Z,LAF0IgG-hnI,"""One task is enough"" — Marcus Aurelius | Stoicism",375,11,2,https://youtube.com/shorts/LAF0IgG-hnI
2026-08-03,2026-07-31T06:07:30Z,EzgcSgsE5hE,"""If today asked too much—"" — Epictetus | Stoicism",261,6,2,https://youtube.com/shorts/EzgcSgsE5hE
2026-08-03,2026-07-31T00:15:59Z,awMI7G8645M,"""Rule 7: Guard who you let close"" — Musonius Rufus | Stoicism",431,2,2,https://youtube.com/shorts/awMI7G8645M
2026-08-03,2026-07-30T09:44:11Z,KtSrIKtVWg8,"""Nero handed him a death sentence"" — Seneca | Stoicism",185,3,2,https://youtube.com/shorts/KtSrIKtVWg8
2026-08-03,2026-07-30T05:41:14Z,LU4ayc3HtQU,"""You have enough"" — Zeno of Citium | Stoicism",293,9,2,https://youtube.com/shorts/LU4ayc3HtQU
2026-08-03,2026-07-30T00:13:35Z,JE6GK_vhvqc,"""You already have enough"" — Marcus Aurelius | Stoicism",529,11,4,https://youtube.com/shorts/JE6GK_vhvqc
2026-08-03,2026-07-29T16:29:55Z,MO_JaKvZGtA,"""If someone got under your skin today—"" — Epictetus | Stoicism",240,5,2,https://youtube.com/shorts/MO_JaKvZGtA
2026-08-03,2026-08-03T10:59:05Z,E4W1O_-CD8s,"""If no one saw today—"" — Epictetus | Stoicism",0,0,2,https://youtube.com/shorts/E4W1O_-CD8s
2026-08-03,2026-08-03T06:22:02Z,QNa1HVZUxvA,"""Rule 7: Be loved, not feared"" — Musonius Rufus | Stoicism",154,5,4,https://youtube.com/shorts/QNa1HVZUxvA
2026-08-03,2026-08-03T00:11:55Z,D56LXXdfYgA,"""Nero sent him one final order"" — Seneca | Stoicism",478,5,2,https://youtube.com/shorts/D56LXXdfYgA
2026-08-03,2026-08-02T09:23:23Z,9arMWeXLsdU,"""Stand unshaken"" — Zeno of Citium | Stoicism",572,9,2,https://youtube.com/shorts/9arMWeXLsdU
2026-08-03,2026-08-02T05:56:54Z,752yaoky0Kg,"""You keep wanting more"" — Marcus Aurelius | Stoicism",543,7,2,https://youtube.com/shorts/752yaoky0Kg
2026-08-03,2026-08-02T00:12:42Z,XwKlbO2NDF0,"""Still replaying what they said"" — Epictetus | Stoicism",453,6,2,https://youtube.com/shorts/XwKlbO2NDF0
2026-08-03,2026-08-01T09:19:18Z,jKqGbBDMJ1M,"""Rule 7: Fight only what you can move"" — Musonius Rufus | Stoicism",292,4,2,https://youtube.com/shorts/jKqGbBDMJ1M
2026-08-03,2026-08-01T06:01:23Z,Mue8NTxs_dk,"""Rome's richest advisor learned this the hard way"" — Seneca | Stoicism",297,3,2,https://youtube.com/shorts/Mue8NTxs_dk
2026-08-03,2026-08-01T00:09:43Z,-NDMY1q2EnY,"""The door is open"" — Zeno of Citium | Stoicism",539,8,3,https://youtube.com/shorts/-NDMY1q2EnY
2026-08-03,2026-07-31T10:01:46Z,LAF0IgG-hnI,"""One task is enough"" — Marcus Aurelius | Stoicism",374,11,2,https://youtube.com/shorts/LAF0IgG-hnI
2026-08-03,2026-07-31T06:07:30Z,EzgcSgsE5hE,"""If today asked too much—"" — Epictetus | Stoicism",261,6,2,https://youtube.com/shorts/EzgcSgsE5hE
2026-08-03,2026-07-31T00:15:59Z,awMI7G8645M,"""Rule 7: Guard who you let close"" — Musonius Rufus | Stoicism",431,2,2,https://youtube.com/shorts/awMI7G8645M
2026-08-03,2026-07-30T09:44:11Z,KtSrIKtVWg8,"""Nero handed him a death sentence"" — Seneca | Stoicism",185,3,2,https://youtube.com/shorts/KtSrIKtVWg8
2026-08-03,2026-07-30T05:41:14Z,LU4ayc3HtQU,"""You have enough"" — Zeno of Citium | Stoicism",293,9,2,https://youtube.com/shorts/LU4ayc3HtQU
2026-08-03,2026-07-30T00:13:35Z,JE6GK_vhvqc,"""You already have enough"" — Marcus Aurelius | Stoicism",529,11,4,https://youtube.com/shorts/JE6GK_vhvqc
2026-08-03,2026-08-03T11:00:53Z,E4W1O_-CD8s,"""If no one saw today—"" — Epictetus | Stoicism",0,0,2,https://youtube.com/shorts/E4W1O_-CD8s
2026-08-03,2026-08-03T06:22:02Z,QNa1HVZUxvA,"""Rule 7: Be loved, not feared"" — Musonius Rufus | Stoicism",149,5,4,https://youtube.com/shorts/QNa1HVZUxvA
2026-08-03,2026-08-03T00:11:55Z,D56LXXdfYgA,"""Nero sent him one final order"" — Seneca | Stoicism",487,5,2,https://youtube.com/shorts/D56LXXdfYgA
2026-08-03,2026-08-02T09:23:23Z,9arMWeXLsdU,"""Stand unshaken"" — Zeno of Citium | Stoicism",670,9,2,https://youtube.com/shorts/9arMWeXLsdU
2026-08-03,2026-08-02T05:56:54Z,752yaoky0Kg,"""You keep wanting more"" — Marcus Aurelius | Stoicism",550,7,2,https://youtube.com/shorts/752yaoky0Kg
2026-08-03,2026-08-02T00:12:42Z,XwKlbO2NDF0,"""Still replaying what they said"" — Epictetus | Stoicism",472,7,2,https://youtube.com/shorts/XwKlbO2NDF0
2026-08-03,2026-08-01T09:19:18Z,jKqGbBDMJ1M,"""Rule 7: Fight only what you can move"" — Musonius Rufus | Stoicism",299,4,2,https://youtube.com/shorts/jKqGbBDMJ1M
2026-08-03,2026-08-01T06:01:23Z,Mue8NTxs_dk,"""Rome's richest advisor learned this the hard way"" — Seneca | Stoicism",299,3,2,https://youtube.com/shorts/Mue8NTxs_dk
2026-08-03,2026-08-01T00:09:43Z,-NDMY1q2EnY,"""The door is open"" — Zeno of Citium | Stoicism",541,8,3,https://youtube.com/shorts/-NDMY1q2EnY
2026-08-03,2026-07-31T10:01:46Z,LAF0IgG-hnI,"""One task is enough"" — Marcus Aurelius | Stoicism",375,11,2,https://youtube.com/shorts/LAF0IgG-hnI
2026-08-03,2026-07-31T06:07:30Z,EzgcSgsE5hE,"""If today asked too much—"" — Epictetus | Stoicism",261,6,2,https://youtube.com/shorts/EzgcSgsE5hE
2026-08-03,2026-07-31T00:15:59Z,awMI7G8645M,"""Rule 7: Guard who you let close"" — Musonius Rufus | Stoicism",431,2,2,https://youtube.com/shorts/awMI7G8645M
2026-08-03,2026-07-30T09:44:11Z,KtSrIKtVWg8,"""Nero handed him a death sentence"" — Seneca | Stoicism",185,3,2,https://youtube.com/shorts/KtSrIKtVWg8
2026-08-03,2026-07-30T05:41:14Z,LU4ayc3HtQU,"""You have enough"" — Zeno of Citium | Stoicism",293,9,2,https://youtube.com/shorts/LU4ayc3HtQU
2026-08-03,2026-07-30T00:13:35Z,JE6GK_vhvqc,"""You already have enough"" — Marcus Aurelius | Stoicism",529,11,4,https://youtube.com/shorts/JE6GK_vhvqc
2026-08-03,2026-08-03T11:00:53Z,E4W1O_-CD8s,"""If no one saw today—"" — Epictetus | Stoicism",4,0,2,https://youtube.com/shorts/E4W1O_-CD8s
2026-08-03,2026-08-03T06:22:02Z,QNa1HVZUxvA,"""Rule 7: Be loved, not feared"" — Musonius Rufus | Stoicism",186,5,4,https://youtube.com/shorts/QNa1HVZUxvA
2026-08-03,2026-08-03T00:11:55Z,D56LXXdfYgA,"""Nero sent him one final order"" — Seneca | Stoicism",491,5,2,https://youtube.com/shorts/D56LXXdfYgA
2026-08-03,2026-08-02T09:23:23Z,9arMWeXLsdU,"""Stand unshaken"" — Zeno of Citium | Stoicism",732,9,2,https://youtube.com/shorts/9arMWeXLsdU
2026-08-03,2026-08-02T05:56:54Z,752yaoky0Kg,"""You keep wanting more"" — Marcus Aurelius | Stoicism",569,7,2,https://youtube.com/shorts/752yaoky0Kg
2026-08-03,2026-08-02T00:12:42Z,XwKlbO2NDF0,"""Still replaying what they said"" — Epictetus | Stoicism",496,8,2,https://youtube.com/shorts/XwKlbO2NDF0
2026-08-03,2026-08-01T09:19:18Z,jKqGbBDMJ1M,"""Rule 7: Fight only what you can move"" — Musonius Rufus | Stoicism",300,4,2,https://youtube.com/shorts/jKqGbBDMJ1M
2026-08-03,2026-08-01T06:01:23Z,Mue8NTxs_dk,"""Rome's richest advisor learned this the hard way"" — Seneca | Stoicism",299,3,2,https://youtube.com/shorts/Mue8NTxs_dk
2026-08-03,2026-08-01T00:09:43Z,-NDMY1q2EnY,"""The door is open"" — Zeno of Citium | Stoicism",541,8,3,https://youtube.com/shorts/-NDMY1q2EnY
2026-08-03,2026-07-31T10:01:46Z,LAF0IgG-hnI,"""One task is enough"" — Marcus Aurelius | Stoicism",375,11,2,https://youtube.com/shorts/LAF0IgG-hnI
2026-08-03,2026-07-31T06:07:30Z,EzgcSgsE5hE,"""If today asked too much—"" — Epictetus | Stoicism",261,6,2,https://youtube.com/shorts/EzgcSgsE5hE
2026-08-03,2026-07-31T00:15:59Z,awMI7G8645M,"""Rule 7: Guard who you let close"" — Musonius Rufus | Stoicism",431,2,2,https://youtube.com/shorts/awMI7G8645M
2026-08-03,2026-07-30T09:44:11Z,KtSrIKtVWg8,"""Nero handed him a death sentence"" — Seneca | Stoicism",185,3,2,https://youtube.com/shorts/KtSrIKtVWg8
2026-08-03,2026-07-30T05:41:14Z,LU4ayc3HtQU,"""You have enough"" — Zeno of Citium | Stoicism",293,9,2,https://youtube.com/shorts/LU4ayc3HtQU
2026-08-03,2026-07-30T00:13:35Z,JE6GK_vhvqc,"""You already have enough"" — Marcus Aurelius | Stoicism",529,11,4,https://youtube.com/shorts/JE6GK_vhvqc
2026-08-03,2026-08-03T11:00:53Z,E4W1O_-CD8s,"""If no one saw today—"" — Epictetus | Stoicism",4,0,2,https://youtube.com/shorts/E4W1O_-CD8s
2026-08-03,2026-08-03T06:22:02Z,QNa1HVZUxvA,"""Rule 7: Be loved, not feared"" — Musonius Rufus | Stoicism",186,5,4,https://youtube.com/shorts/QNa1HVZUxvA
2026-08-03,2026-08-03T00:11:55Z,D56LXXdfYgA,"""Nero sent him one final order"" — Seneca | Stoicism",491,5,2,https://youtube.com/shorts/D56LXXdfYgA
2026-08-03,2026-08-02T09:23:23Z,9arMWeXLsdU,"""Stand unshaken"" — Zeno of Citium | Stoicism",817,9,2,https://youtube.com/shorts/9arMWeXLsdU
2026-08-03,2026-08-02T05:56:54Z,752yaoky0Kg,"""You keep wanting more"" — Marcus Aurelius | Stoicism",579,7,2,https://youtube.com/shorts/752yaoky0Kg
2026-08-03,2026-08-02T00:12:42Z,XwKlbO2NDF0,"""Still replaying what they said"" — Epictetus | Stoicism",528,9,2,https://youtube.com/shorts/XwKlbO2NDF0
2026-08-03,2026-08-01T09:19:18Z,jKqGbBDMJ1M,"""Rule 7: Fight only what you can move"" — Musonius Rufus | Stoicism",300,4,2,https://youtube.com/shorts/jKqGbBDMJ1M
2026-08-03,2026-08-01T06:01:23Z,Mue8NTxs_dk,"""Rome's richest advisor learned this the hard way"" — Seneca | Stoicism",299,3,2,https://youtube.com/shorts/Mue8NTxs_dk
2026-08-03,2026-08-01T00:09:43Z,-NDMY1q2EnY,"""The door is open"" — Zeno of Citium | Stoicism",541,8,3,https://youtube.com/shorts/-NDMY1q2EnY
2026-08-03,2026-07-31T10:01:46Z,LAF0IgG-hnI,"""One task is enough"" — Marcus Aurelius | Stoicism",376,11,2,https://youtube.com/shorts/LAF0IgG-hnI
2026-08-03,2026-07-31T06:07:30Z,EzgcSgsE5hE,"""If today asked too much—"" — Epictetus | Stoicism",261,6,2,https://youtube.com/shorts/EzgcSgsE5hE
2026-08-03,2026-07-31T00:15:59Z,awMI7G8645M,"""Rule 7: Guard who you let close"" — Musonius Rufus | Stoicism",432,2,2,https://youtube.com/shorts/awMI7G8645M
2026-08-03,2026-07-30T09:44:11Z,KtSrIKtVWg8,"""Nero handed him a death sentence"" — Seneca | Stoicism",185,3,2,https://youtube.com/shorts/KtSrIKtVWg8
2026-08-03,2026-07-30T05:41:14Z,LU4ayc3HtQU,"""You have enough"" — Zeno of Citium | Stoicism",293,9,2,https://youtube.com/shorts/LU4ayc3HtQU
2026-08-03,2026-07-30T00:13:35Z,JE6GK_vhvqc,"""You already have enough"" — Marcus Aurelius | Stoicism",529,11,4,https://youtube.com/shorts/JE6GK_vhvqc
2026-08-03,2026-08-03T11:00:53Z,E4W1O_-CD8s,"""If no one saw today—"" — Epictetus | Stoicism",4,0,2,https://youtube.com/shorts/E4W1O_-CD8s
2026-08-03,2026-08-03T06:22:02Z,QNa1HVZUxvA,"""Rule 7: Be loved, not feared"" — Musonius Rufus | Stoicism",188,5,4,https://youtube.com/shorts/QNa1HVZUxvA
2026-08-03,2026-08-03T00:11:55Z,D56LXXdfYgA,"""Nero sent him one final order"" — Seneca | Stoicism",491,5,2,https://youtube.com/shorts/D56LXXdfYgA
2026-08-03,2026-08-02T09:23:23Z,9arMWeXLsdU,"""Stand unshaken"" — Zeno of Citium | Stoicism",823,9,2,https://youtube.com/shorts/9arMWeXLsdU
2026-08-03,2026-08-02T05:56:54Z,752yaoky0Kg,"""You keep wanting more"" — Marcus Aurelius | Stoicism",580,7,2,https://youtube.com/shorts/752yaoky0Kg
2026-08-03,2026-08-02T00:12:42Z,XwKlbO2NDF0,"""Still replaying what they said"" — Epictetus | Stoicism",523,8,2,https://youtube.com/shorts/XwKlbO2NDF0
2026-08-03,2026-08-01T09:19:18Z,jKqGbBDMJ1M,"""Rule 7: Fight only what you can move"" — Musonius Rufus | Stoicism",300,4,2,https://youtube.com/shorts/jKqGbBDMJ1M
2026-08-03,2026-08-01T06:01:23Z,Mue8NTxs_dk,"""Rome's richest advisor learned this the hard way"" — Seneca | Stoicism",299,3,2,https://youtube.com/shorts/Mue8NTxs_dk
2026-08-03,2026-08-01T00:09:43Z,-NDMY1q2EnY,"""The door is open"" — Zeno of Citium | Stoicism",541,8,3,https://youtube.com/shorts/-NDMY1q2EnY
2026-08-03,2026-07-31T10:01:46Z,LAF0IgG-hnI,"""One task is enough"" — Marcus Aurelius | Stoicism",376,11,2,https://youtube.com/shorts/LAF0IgG-hnI
2026-08-03,2026-07-31T06:07:30Z,EzgcSgsE5hE,"""If today asked too much—"" — Epictetus | Stoicism",261,6,2,https://youtube.com/shorts/EzgcSgsE5hE
2026-08-03,2026-07-31T00:15:59Z,awMI7G8645M,"""Rule 7: Guard who you let close"" — Musonius Rufus | Stoicism",432,2,2,https://youtube.com/shorts/awMI7G8645M
2026-08-03,2026-07-30T09:44:11Z,KtSrIKtVWg8,"""Nero handed him a death sentence"" — Seneca | Stoicism",185,3,2,https://youtube.com/shorts/KtSrIKtVWg8
2026-08-03,2026-07-30T05:41:14Z,LU4ayc3HtQU,"""You have enough"" — Zeno of Citium | Stoicism",293,9,2,https://youtube.com/shorts/LU4ayc3HtQU
2026-08-03,2026-07-30T00:13:35Z,JE6GK_vhvqc,"""You already have enough"" — Marcus Aurelius | Stoicism",529,11,4,https://youtube.com/shorts/JE6GK_vhvqc
2026-08-04,2026-08-04T00:20:39Z,Soqjc5yHmUo,"""Hold your own line"" — Marcus Aurelius | Stoicism",0,0,2,https://youtube.com/shorts/Soqjc5yHmUo
2026-08-04,2026-08-03T11:00:53Z,E4W1O_-CD8s,"""If no one saw today—"" — Epictetus | Stoicism",4,0,2,https://youtube.com/shorts/E4W1O_-CD8s
2026-08-04,2026-08-03T06:22:02Z,QNa1HVZUxvA,"""Rule 7: Be loved, not feared"" — Musonius Rufus | Stoicism",188,5,4,https://youtube.com/shorts/QNa1HVZUxvA
2026-08-04,2026-08-03T00:11:55Z,D56LXXdfYgA,"""Nero sent him one final order"" — Seneca | Stoicism",491,5,2,https://youtube.com/shorts/D56LXXdfYgA
2026-08-04,2026-08-02T09:23:23Z,9arMWeXLsdU,"""Stand unshaken"" — Zeno of Citium | Stoicism",963,10,2,https://youtube.com/shorts/9arMWeXLsdU
2026-08-04,2026-08-02T05:56:54Z,752yaoky0Kg,"""You keep wanting more"" — Marcus Aurelius | Stoicism",595,7,2,https://youtube.com/shorts/752yaoky0Kg
2026-08-04,2026-08-02T00:12:42Z,XwKlbO2NDF0,"""Still replaying what they said"" — Epictetus | Stoicism",545,9,2,https://youtube.com/shorts/XwKlbO2NDF0
2026-08-04,2026-08-01T09:19:18Z,jKqGbBDMJ1M,"""Rule 7: Fight only what you can move"" — Musonius Rufus | Stoicism",300,4,2,https://youtube.com/shorts/jKqGbBDMJ1M
2026-08-04,2026-08-01T06:01:23Z,Mue8NTxs_dk,"""Rome's richest advisor learned this the hard way"" — Seneca | Stoicism",299,3,2,https://youtube.com/shorts/Mue8NTxs_dk
2026-08-04,2026-08-01T00:09:43Z,-NDMY1q2EnY,"""The door is open"" — Zeno of Citium | Stoicism",546,10,3,https://youtube.com/shorts/-NDMY1q2EnY
2026-08-04,2026-07-31T10:01:46Z,LAF0IgG-hnI,"""One task is enough"" — Marcus Aurelius | Stoicism",376,11,2,https://youtube.com/shorts/LAF0IgG-hnI
2026-08-04,2026-07-31T06:07:30Z,EzgcSgsE5hE,"""If today asked too much—"" — Epictetus | Stoicism",261,6,2,https://youtube.com/shorts/EzgcSgsE5hE
2026-08-04,2026-07-31T00:15:59Z,awMI7G8645M,"""Rule 7: Guard who you let close"" — Musonius Rufus | Stoicism",432,2,2,https://youtube.com/shorts/awMI7G8645M
2026-08-04,2026-07-30T09:44:11Z,KtSrIKtVWg8,"""Nero handed him a death sentence"" — Seneca | Stoicism",185,3,2,https://youtube.com/shorts/KtSrIKtVWg8
2026-08-04,2026-07-30T05:41:14Z,LU4ayc3HtQU,"""You have enough"" — Zeno of Citium | Stoicism",293,9,2,https://youtube.com/shorts/LU4ayc3HtQU
2026-08-04,2026-08-04T05:51:46Z,uwv4rzTGnsI,"""It's already given"" — Zeno of Citium | Stoicism",0,0,2,https://youtube.com/shorts/uwv4rzTGnsI
2026-08-04,2026-08-04T00:21:28Z,Soqjc5yHmUo,"""Hold your own line"" — Marcus Aurelius | Stoicism",258,6,2,https://youtube.com/shorts/Soqjc5yHmUo
2026-08-04,2026-08-03T11:00:53Z,E4W1O_-CD8s,"""If no one saw today—"" — Epictetus | Stoicism",4,0,2,https://youtube.com/shorts/E4W1O_-CD8s
2026-08-04,2026-08-03T06:22:02Z,QNa1HVZUxvA,"""Rule 7: Be loved, not feared"" — Musonius Rufus | Stoicism",188,5,4,https://youtube.com/shorts/QNa1HVZUxvA
2026-08-04,2026-08-03T00:11:55Z,D56LXXdfYgA,"""Nero sent him one final order"" — Seneca | Stoicism",493,6,2,https://youtube.com/shorts/D56LXXdfYgA
2026-08-04,2026-08-02T09:23:23Z,9arMWeXLsdU,"""Stand unshaken"" — Zeno of Citium | Stoicism",1069,11,2,https://youtube.com/shorts/9arMWeXLsdU
2026-08-04,2026-08-02T05:56:54Z,752yaoky0Kg,"""You keep wanting more"" — Marcus Aurelius | Stoicism",601,7,2,https://youtube.com/shorts/752yaoky0Kg
2026-08-04,2026-08-02T00:12:42Z,XwKlbO2NDF0,"""Still replaying what they said"" — Epictetus | Stoicism",579,9,2,https://youtube.com/shorts/XwKlbO2NDF0
2026-08-04,2026-08-01T09:19:18Z,jKqGbBDMJ1M,"""Rule 7: Fight only what you can move"" — Musonius Rufus | Stoicism",301,4,2,https://youtube.com/shorts/jKqGbBDMJ1M
2026-08-04,2026-08-01T06:01:23Z,Mue8NTxs_dk,"""Rome's richest advisor learned this the hard way"" — Seneca | Stoicism",299,3,2,https://youtube.com/shorts/Mue8NTxs_dk
2026-08-04,2026-08-01T00:09:43Z,-NDMY1q2EnY,"""The door is open"" — Zeno of Citium | Stoicism",552,10,3,https://youtube.com/shorts/-NDMY1q2EnY
2026-08-04,2026-07-31T10:01:46Z,LAF0IgG-hnI,"""One task is enough"" — Marcus Aurelius | Stoicism",377,11,2,https://youtube.com/shorts/LAF0IgG-hnI
2026-08-04,2026-07-31T06:07:30Z,EzgcSgsE5hE,"""If today asked too much—"" — Epictetus | Stoicism",261,6,2,https://youtube.com/shorts/EzgcSgsE5hE
2026-08-04,2026-07-31T00:15:59Z,awMI7G8645M,"""Rule 7: Guard who you let close"" — Musonius Rufus | Stoicism",432,2,2,https://youtube.com/shorts/awMI7G8645M
2026-08-04,2026-07-30T09:44:11Z,KtSrIKtVWg8,"""Nero handed him a death sentence"" — Seneca | Stoicism",185,3,2,https://youtube.com/shorts/KtSrIKtVWg8
2026-08-04,2026-08-04T09:57:09Z,_5w1THAHfuU,"""Nero's tutor watched his student turn"" — Seneca | Stoicism",0,0,2,https://youtube.com/shorts/_5w1THAHfuU
2026-08-04,2026-08-04T05:51:46Z,uwv4rzTGnsI,"""It's already given"" — Zeno of Citium | Stoicism",284,6,2,https://youtube.com/shorts/uwv4rzTGnsI
2026-08-04,2026-08-04T00:21:28Z,Soqjc5yHmUo,"""Hold your own line"" — Marcus Aurelius | Stoicism",301,5,2,https://youtube.com/shorts/Soqjc5yHmUo
2026-08-04,2026-08-03T11:00:53Z,E4W1O_-CD8s,"""If no one saw today—"" — Epictetus | Stoicism",4,0,2,https://youtube.com/shorts/E4W1O_-CD8s
2026-08-04,2026-08-03T06:22:02Z,QNa1HVZUxvA,"""Rule 7: Be loved, not feared"" — Musonius Rufus | Stoicism",188,5,4,https://youtube.com/shorts/QNa1HVZUxvA
2026-08-04,2026-08-03T00:11:55Z,D56LXXdfYgA,"""Nero sent him one final order"" — Seneca | Stoicism",493,7,2,https://youtube.com/shorts/D56LXXdfYgA
2026-08-04,2026-08-02T09:23:23Z,9arMWeXLsdU,"""Stand unshaken"" — Zeno of Citium | Stoicism",1161,13,2,https://youtube.com/shorts/9arMWeXLsdU
2026-08-04,2026-08-02T05:56:54Z,752yaoky0Kg,"""You keep wanting more"" — Marcus Aurelius | Stoicism",628,7,2,https://youtube.com/shorts/752yaoky0Kg
2026-08-04,2026-08-02T00:12:42Z,XwKlbO2NDF0,"""Still replaying what they said"" — Epictetus | Stoicism",579,9,2,https://youtube.com/shorts/XwKlbO2NDF0
2026-08-04,2026-08-01T09:19:18Z,jKqGbBDMJ1M,"""Rule 7: Fight only what you can move"" — Musonius Rufus | Stoicism",301,4,2,https://youtube.com/shorts/jKqGbBDMJ1M
2026-08-04,2026-08-01T06:01:23Z,Mue8NTxs_dk,"""Rome's richest advisor learned this the hard way"" — Seneca | Stoicism",299,3,2,https://youtube.com/shorts/Mue8NTxs_dk
2026-08-04,2026-08-01T00:09:43Z,-NDMY1q2EnY,"""The door is open"" — Zeno of Citium | Stoicism",552,10,3,https://youtube.com/shorts/-NDMY1q2EnY
2026-08-04,2026-07-31T10:01:46Z,LAF0IgG-hnI,"""One task is enough"" — Marcus Aurelius | Stoicism",380,11,2,https://youtube.com/shorts/LAF0IgG-hnI
2026-08-04,2026-07-31T06:07:30Z,EzgcSgsE5hE,"""If today asked too much—"" — Epictetus | Stoicism",261,6,2,https://youtube.com/shorts/EzgcSgsE5hE
2026-08-04,2026-07-31T00:15:59Z,awMI7G8645M,"""Rule 7: Guard who you let close"" — Musonius Rufus | Stoicism",432,2,2,https://youtube.com/shorts/awMI7G8645M
2026-08-04,2026-08-04T09:57:09Z,_5w1THAHfuU,"""Nero's tutor watched his student turn"" — Seneca | Stoicism",66,1,2,https://youtube.com/shorts/_5w1THAHfuU
2026-08-04,2026-08-04T05:51:46Z,uwv4rzTGnsI,"""It's already given"" — Zeno of Citium | Stoicism",332,6,2,https://youtube.com/shorts/uwv4rzTGnsI
2026-08-04,2026-08-04T00:21:28Z,Soqjc5yHmUo,"""Hold your own line"" — Marcus Aurelius | Stoicism",313,5,2,https://youtube.com/shorts/Soqjc5yHmUo
2026-08-04,2026-08-03T11:00:53Z,E4W1O_-CD8s,"""If no one saw today—"" — Epictetus | Stoicism",4,0,2,https://youtube.com/shorts/E4W1O_-CD8s
2026-08-04,2026-08-03T06:22:02Z,QNa1HVZUxvA,"""Rule 7: Be loved, not feared"" — Musonius Rufus | Stoicism",188,5,4,https://youtube.com/shorts/QNa1HVZUxvA
2026-08-04,2026-08-03T00:11:55Z,D56LXXdfYgA,"""Nero sent him one final order"" — Seneca | Stoicism",601,7,2,https://youtube.com/shorts/D56LXXdfYgA
2026-08-04,2026-08-02T09:23:23Z,9arMWeXLsdU,"""Stand unshaken"" — Zeno of Citium | Stoicism",1162,13,2,https://youtube.com/shorts/9arMWeXLsdU
2026-08-04,2026-08-02T05:56:54Z,752yaoky0Kg,"""You keep wanting more"" — Marcus Aurelius | Stoicism",636,7,2,https://youtube.com/shorts/752yaoky0Kg
2026-08-04,2026-08-02T00:12:42Z,XwKlbO2NDF0,"""Still replaying what they said"" — Epictetus | Stoicism",579,8,2,https://youtube.com/shorts/XwKlbO2NDF0
2026-08-04,2026-08-01T09:19:18Z,jKqGbBDMJ1M,"""Rule 7: Fight only what you can move"" — Musonius Rufus | Stoicism",301,4,2,https://youtube.com/shorts/jKqGbBDMJ1M
2026-08-04,2026-08-01T06:01:23Z,Mue8NTxs_dk,"""Rome's richest advisor learned this the hard way"" — Seneca | Stoicism",299,3,2,https://youtube.com/shorts/Mue8NTxs_dk
2026-08-04,2026-08-01T00:09:43Z,-NDMY1q2EnY,"""The door is open"" — Zeno of Citium | Stoicism",552,10,3,https://youtube.com/shorts/-NDMY1q2EnY
2026-08-04,2026-07-31T10:01:46Z,LAF0IgG-hnI,"""One task is enough"" — Marcus Aurelius | Stoicism",380,11,2,https://youtube.com/shorts/LAF0IgG-hnI
2026-08-04,2026-07-31T06:07:30Z,EzgcSgsE5hE,"""If today asked too much—"" — Epictetus | Stoicism",261,6,2,https://youtube.com/shorts/EzgcSgsE5hE
2026-08-04,2026-07-31T00:15:59Z,awMI7G8645M,"""Rule 7: Guard who you let close"" — Musonius Rufus | Stoicism",432,2,2,https://youtube.com/shorts/awMI7G8645M
2026-08-04,2026-08-04T09:57:09Z,_5w1THAHfuU,"""Nero's tutor watched his student turn"" — Seneca | Stoicism",133,1,2,https://youtube.com/shorts/_5w1THAHfuU
2026-08-04,2026-08-04T05:51:46Z,uwv4rzTGnsI,"""It's already given"" — Zeno of Citium | Stoicism",448,6,2,https://youtube.com/shorts/uwv4rzTGnsI
2026-08-04,2026-08-04T00:21:28Z,Soqjc5yHmUo,"""Hold your own line"" — Marcus Aurelius | Stoicism",313,5,2,https://youtube.com/shorts/Soqjc5yHmUo
2026-08-04,2026-08-03T11:00:53Z,E4W1O_-CD8s,"""If no one saw today—"" — Epictetus | Stoicism",5,0,2,https://youtube.com/shorts/E4W1O_-CD8s
2026-08-04,2026-08-03T06:22:02Z,QNa1HVZUxvA,"""Rule 7: Be loved, not feared"" — Musonius Rufus | Stoicism",188,5,4,https://youtube.com/shorts/QNa1HVZUxvA
2026-08-04,2026-08-03T00:11:55Z,D56LXXdfYgA,"""Nero sent him one final order"" — Seneca | Stoicism",661,7,2,https://youtube.com/shorts/D56LXXdfYgA
2026-08-04,2026-08-02T09:23:23Z,9arMWeXLsdU,"""Stand unshaken"" — Zeno of Citium | Stoicism",1196,13,2,https://youtube.com/shorts/9arMWeXLsdU
2026-08-04,2026-08-02T05:56:54Z,752yaoky0Kg,"""You keep wanting more"" — Marcus Aurelius | Stoicism",636,7,2,https://youtube.com/shorts/752yaoky0Kg
2026-08-04,2026-08-02T00:12:42Z,XwKlbO2NDF0,"""Still replaying what they said"" — Epictetus | Stoicism",579,8,2,https://youtube.com/shorts/XwKlbO2NDF0
2026-08-04,2026-08-01T09:19:18Z,jKqGbBDMJ1M,"""Rule 7: Fight only what you can move"" — Musonius Rufus | Stoicism",301,4,2,https://youtube.com/shorts/jKqGbBDMJ1M
2026-08-04,2026-08-01T06:01:23Z,Mue8NTxs_dk,"""Rome's richest advisor learned this the hard way"" — Seneca | Stoicism",299,3,2,https://youtube.com/shorts/Mue8NTxs_dk
2026-08-04,2026-08-01T00:09:43Z,-NDMY1q2EnY,"""The door is open"" — Zeno of Citium | Stoicism",552,10,3,https://youtube.com/shorts/-NDMY1q2EnY
2026-08-04,2026-07-31T10:01:46Z,LAF0IgG-hnI,"""One task is enough"" — Marcus Aurelius | Stoicism",380,11,2,https://youtube.com/shorts/LAF0IgG-hnI
2026-08-04,2026-07-31T06:07:30Z,EzgcSgsE5hE,"""If today asked too much—"" — Epictetus | Stoicism",261,6,2,https://youtube.com/shorts/EzgcSgsE5hE
2026-08-04,2026-07-31T00:15:59Z,awMI7G8645M,"""Rule 7: Guard who you let close"" — Musonius Rufus | Stoicism",432,2,2,https://youtube.com/shorts/awMI7G8645M
2026-08-04,2026-08-04T09:57:09Z,_5w1THAHfuU,"""Nero's tutor watched his student turn"" — Seneca | Stoicism",168,1,2,https://youtube.com/shorts/_5w1THAHfuU
2026-08-04,2026-08-04T05:51:46Z,uwv4rzTGnsI,"""It's already given"" — Zeno of Citium | Stoicism",458,6,2,https://youtube.com/shorts/uwv4rzTGnsI
2026-08-04,2026-08-04T00:21:28Z,Soqjc5yHmUo,"""Hold your own line"" — Marcus Aurelius | Stoicism",313,5,2,https://youtube.com/shorts/Soqjc5yHmUo
2026-08-04,2026-08-03T11:00:53Z,E4W1O_-CD8s,"""If no one saw today—"" — Epictetus | Stoicism",7,0,2,https://youtube.com/shorts/E4W1O_-CD8s
2026-08-04,2026-08-03T06:22:02Z,QNa1HVZUxvA,"""Rule 7: Be loved, not feared"" — Musonius Rufus | Stoicism",188,5,4,https://youtube.com/shorts/QNa1HVZUxvA
2026-08-04,2026-08-03T00:11:55Z,D56LXXdfYgA,"""Nero sent him one final order"" — Seneca | Stoicism",673,7,2,https://youtube.com/shorts/D56LXXdfYgA
2026-08-04,2026-08-02T09:23:23Z,9arMWeXLsdU,"""Stand unshaken"" — Zeno of Citium | Stoicism",1205,13,2,https://youtube.com/shorts/9arMWeXLsdU
2026-08-04,2026-08-02T05:56:54Z,752yaoky0Kg,"""You keep wanting more"" — Marcus Aurelius | Stoicism",636,7,2,https://youtube.com/shorts/752yaoky0Kg
2026-08-04,2026-08-02T00:12:42Z,XwKlbO2NDF0,"""Still replaying what they said"" — Epictetus | Stoicism",579,8,2,https://youtube.com/shorts/XwKlbO2NDF0
2026-08-04,2026-08-01T09:19:18Z,jKqGbBDMJ1M,"""Rule 7: Fight only what you can move"" — Musonius Rufus | Stoicism",301,4,2,https://youtube.com/shorts/jKqGbBDMJ1M
2026-08-04,2026-08-01T06:01:23Z,Mue8NTxs_dk,"""Rome's richest advisor learned this the hard way"" — Seneca | Stoicism",299,3,2,https://youtube.com/shorts/Mue8NTxs_dk
2026-08-04,2026-08-01T00:09:43Z,-NDMY1q2EnY,"""The door is open"" — Zeno of Citium | Stoicism",552,10,3,https://youtube.com/shorts/-NDMY1q2EnY
2026-08-04,2026-07-31T10:01:46Z,LAF0IgG-hnI,"""One task is enough"" — Marcus Aurelius | Stoicism",380,11,2,https://youtube.com/shorts/LAF0IgG-hnI
2026-08-04,2026-07-31T06:07:30Z,EzgcSgsE5hE,"""If today asked too much—"" — Epictetus | Stoicism",261,6,2,https://youtube.com/shorts/EzgcSgsE5hE
2026-08-04,2026-07-31T00:15:59Z,awMI7G8645M,"""Rule 7: Guard who you let close"" — Musonius Rufus | Stoicism",432,2,2,https://youtube.com/shorts/awMI7G8645M
2026-08-04,2026-08-04T09:57:09Z,_5w1THAHfuU,"""Nero's tutor watched his student turn"" — Seneca | Stoicism",168,1,2,https://youtube.com/shorts/_5w1THAHfuU
2026-08-04,2026-08-04T05:51:46Z,uwv4rzTGnsI,"""It's already given"" — Zeno of Citium | Stoicism",458,6,2,https://youtube.com/shorts/uwv4rzTGnsI
2026-08-04,2026-08-04T00:21:28Z,Soqjc5yHmUo,"""Hold your own line"" — Marcus Aurelius | Stoicism",313,5,2,https://youtube.com/shorts/Soqjc5yHmUo
2026-08-04,2026-08-03T11:00:53Z,E4W1O_-CD8s,"""If no one saw today—"" — Epictetus | Stoicism",7,0,2,https://youtube.com/shorts/E4W1O_-CD8s
2026-08-04,2026-08-03T06:22:02Z,QNa1HVZUxvA,"""Rule 7: Be loved, not feared"" — Musonius Rufus | Stoicism",188,5,4,https://youtube.com/shorts/QNa1HVZUxvA
2026-08-04,2026-08-03T00:11:55Z,D56LXXdfYgA,"""Nero sent him one final order"" — Seneca | Stoicism",673,7,2,https://youtube.com/shorts/D56LXXdfYgA
2026-08-04,2026-08-02T09:23:23Z,9arMWeXLsdU,"""Stand unshaken"" — Zeno of Citium | Stoicism",1205,13,2,https://youtube.com/shorts/9arMWeXLsdU
2026-08-04,2026-08-02T05:56:54Z,752yaoky0Kg,"""You keep wanting more"" — Marcus Aurelius | Stoicism",636,7,2,https://youtube.com/shorts/752yaoky0Kg
2026-08-04,2026-08-02T00:12:42Z,XwKlbO2NDF0,"""Still replaying what they said"" — Epictetus | Stoicism",579,8,2,https://youtube.com/shorts/XwKlbO2NDF0
2026-08-04,2026-08-01T09:19:18Z,jKqGbBDMJ1M,"""Rule 7: Fight only what you can move"" — Musonius Rufus | Stoicism",301,4,2,https://youtube.com/shorts/jKqGbBDMJ1M
2026-08-04,2026-08-01T06:01:23Z,Mue8NTxs_dk,"""Rome's richest advisor learned this the hard way"" — Seneca | Stoicism",299,3,2,https://youtube.com/shorts/Mue8NTxs_dk
2026-08-04,2026-08-01T00:09:43Z,-NDMY1q2EnY,"""The door is open"" — Zeno of Citium | Stoicism",552,10,3,https://youtube.com/shorts/-NDMY1q2EnY
2026-08-04,2026-07-31T10:01:46Z,LAF0IgG-hnI,"""One task is enough"" — Marcus Aurelius | Stoicism",380,11,2,https://youtube.com/shorts/LAF0IgG-hnI
2026-08-04,2026-07-31T06:07:30Z,EzgcSgsE5hE,"""If today asked too much—"" — Epictetus | Stoicism",261,6,2,https://youtube.com/shorts/EzgcSgsE5hE
2026-08-04,2026-07-31T00:15:59Z,awMI7G8645M,"""Rule 7: Guard who you let close"" — Musonius Rufus | Stoicism",432,2,2,https://youtube.com/shorts/awMI7G8645M
2026-08-05,2026-08-05T00:15:21Z,Pt6KqatWetg,"""Rule 7: Practice hardship on purpose"" — Musonius Rufus | Stoicism",0,0,2,https://youtube.com/shorts/Pt6KqatWetg
2026-08-05,2026-08-04T09:57:09Z,_5w1THAHfuU,"""Nero's tutor watched his student turn"" — Seneca | Stoicism",170,1,2,https://youtube.com/shorts/_5w1THAHfuU
2026-08-05,2026-08-04T05:51:46Z,uwv4rzTGnsI,"""It's already given"" — Zeno of Citium | Stoicism",458,6,2,https://youtube.com/shorts/uwv4rzTGnsI
2026-08-05,2026-08-04T00:21:28Z,Soqjc5yHmUo,"""Hold your own line"" — Marcus Aurelius | Stoicism",313,5,2,https://youtube.com/shorts/Soqjc5yHmUo
2026-08-05,2026-08-03T11:00:53Z,E4W1O_-CD8s,"""If no one saw today—"" — Epictetus | Stoicism",8,0,2,https://youtube.com/shorts/E4W1O_-CD8s
2026-08-05,2026-08-03T06:22:02Z,QNa1HVZUxvA,"""Rule 7: Be loved, not feared"" — Musonius Rufus | Stoicism",188,5,4,https://youtube.com/shorts/QNa1HVZUxvA
2026-08-05,2026-08-03T00:11:55Z,D56LXXdfYgA,"""Nero sent him one final order"" — Seneca | Stoicism",664,7,2,https://youtube.com/shorts/D56LXXdfYgA
2026-08-05,2026-08-02T09:23:23Z,9arMWeXLsdU,"""Stand unshaken"" — Zeno of Citium | Stoicism",1181,13,2,https://youtube.com/shorts/9arMWeXLsdU
2026-08-05,2026-08-02T05:56:54Z,752yaoky0Kg,"""You keep wanting more"" — Marcus Aurelius | Stoicism",619,7,2,https://youtube.com/shorts/752yaoky0Kg
2026-08-05,2026-08-02T00:12:42Z,XwKlbO2NDF0,"""Still replaying what they said"" — Epictetus | Stoicism",579,8,2,https://youtube.com/shorts/XwKlbO2NDF0
2026-08-05,2026-08-01T09:19:18Z,jKqGbBDMJ1M,"""Rule 7: Fight only what you can move"" — Musonius Rufus | Stoicism",301,4,2,https://youtube.com/shorts/jKqGbBDMJ1M
2026-08-05,2026-08-01T06:01:23Z,Mue8NTxs_dk,"""Rome's richest advisor learned this the hard way"" — Seneca | Stoicism",295,3,2,https://youtube.com/shorts/Mue8NTxs_dk
2026-08-05,2026-08-01T00:09:43Z,-NDMY1q2EnY,"""The door is open"" — Zeno of Citium | Stoicism",550,10,3,https://youtube.com/shorts/-NDMY1q2EnY
2026-08-05,2026-07-31T10:01:46Z,LAF0IgG-hnI,"""One task is enough"" — Marcus Aurelius | Stoicism",380,11,2,https://youtube.com/shorts/LAF0IgG-hnI
2026-08-05,2026-07-31T06:07:30Z,EzgcSgsE5hE,"""If today asked too much—"" — Epictetus | Stoicism",261,6,2,https://youtube.com/shorts/EzgcSgsE5hE
2026-08-05,2026-08-05T09:53:54Z,UEUm4P6PWBE,"""If you snapped again tonight—"" — Epictetus | Stoicism",0,0,2,https://youtube.com/shorts/UEUm4P6PWBE
2026-08-05,2026-08-05T00:15:52Z,Pt6KqatWetg,"""Rule 7: Practice hardship on purpose"" — Musonius Rufus | Stoicism",27,1,2,https://youtube.com/shorts/Pt6KqatWetg
2026-08-05,2026-08-04T09:57:09Z,_5w1THAHfuU,"""Nero's tutor watched his student turn"" — Seneca | Stoicism",173,1,2,https://youtube.com/shorts/_5w1THAHfuU
2026-08-05,2026-08-04T05:51:46Z,uwv4rzTGnsI,"""It's already given"" — Zeno of Citium | Stoicism",450,6,2,https://youtube.com/shorts/uwv4rzTGnsI
2026-08-05,2026-08-04T00:21:28Z,Soqjc5yHmUo,"""Hold your own line"" — Marcus Aurelius | Stoicism",294,5,2,https://youtube.com/shorts/Soqjc5yHmUo
2026-08-05,2026-08-03T11:00:53Z,E4W1O_-CD8s,"""If no one saw today—"" — Epictetus | Stoicism",8,0,2,https://youtube.com/shorts/E4W1O_-CD8s
2026-08-05,2026-08-03T06:22:02Z,QNa1HVZUxvA,"""Rule 7: Be loved, not feared"" — Musonius Rufus | Stoicism",175,5,4,https://youtube.com/shorts/QNa1HVZUxvA
2026-08-05,2026-08-03T00:11:55Z,D56LXXdfYgA,"""Nero sent him one final order"" — Seneca | Stoicism",670,7,2,https://youtube.com/shorts/D56LXXdfYgA
2026-08-05,2026-08-02T09:23:23Z,9arMWeXLsdU,"""Stand unshaken"" — Zeno of Citium | Stoicism",1167,13,2,https://youtube.com/shorts/9arMWeXLsdU
2026-08-05,2026-08-02T05:56:54Z,752yaoky0Kg,"""You keep wanting more"" — Marcus Aurelius | Stoicism",619,7,2,https://youtube.com/shorts/752yaoky0Kg
2026-08-05,2026-08-02T00:12:42Z,XwKlbO2NDF0,"""Still replaying what they said"" — Epictetus | Stoicism",570,8,2,https://youtube.com/shorts/XwKlbO2NDF0
2026-08-05,2026-08-01T09:19:18Z,jKqGbBDMJ1M,"""Rule 7: Fight only what you can move"" — Musonius Rufus | Stoicism",301,4,2,https://youtube.com/shorts/jKqGbBDMJ1M
2026-08-05,2026-08-01T06:01:23Z,Mue8NTxs_dk,"""Rome's richest advisor learned this the hard way"" — Seneca | Stoicism",295,3,2,https://youtube.com/shorts/Mue8NTxs_dk
2026-08-05,2026-08-01T00:09:43Z,-NDMY1q2EnY,"""The door is open"" — Zeno of Citium | Stoicism",551,10,3,https://youtube.com/shorts/-NDMY1q2EnY
2026-08-05,2026-07-31T10:01:46Z,LAF0IgG-hnI,"""One task is enough"" — Marcus Aurelius | Stoicism",380,11,2,https://youtube.com/shorts/LAF0IgG-hnI
2026-08-05,2026-08-05T12:36:59Z,XKx6CkWoP-M,"""You already have enough"" — Marcus Aurelius | Stoicism",0,0,2,https://youtube.com/shorts/XKx6CkWoP-M
2026-08-05,2026-08-05T09:54:31Z,UEUm4P6PWBE,"""If you snapped again tonight—"" — Epictetus | Stoicism",0,0,2,https://youtube.com/shorts/UEUm4P6PWBE
2026-08-05,2026-08-05T00:15:52Z,Pt6KqatWetg,"""Rule 7: Practice hardship on purpose"" — Musonius Rufus | Stoicism",27,1,2,https://youtube.com/shorts/Pt6KqatWetg
2026-08-05,2026-08-04T09:57:09Z,_5w1THAHfuU,"""Nero's tutor watched his student turn"" — Seneca | Stoicism",178,1,2,https://youtube.com/shorts/_5w1THAHfuU
2026-08-05,2026-08-04T05:51:46Z,uwv4rzTGnsI,"""It's already given"" — Zeno of Citium | Stoicism",450,6,2,https://youtube.com/shorts/uwv4rzTGnsI
2026-08-05,2026-08-04T00:21:28Z,Soqjc5yHmUo,"""Hold your own line"" — Marcus Aurelius | Stoicism",298,5,2,https://youtube.com/shorts/Soqjc5yHmUo
2026-08-05,2026-08-03T11:00:53Z,E4W1O_-CD8s,"""If no one saw today—"" — Epictetus | Stoicism",8,0,2,https://youtube.com/shorts/E4W1O_-CD8s
2026-08-05,2026-08-03T06:22:02Z,QNa1HVZUxvA,"""Rule 7: Be loved, not feared"" — Musonius Rufus | Stoicism",175,5,4,https://youtube.com/shorts/QNa1HVZUxvA
2026-08-05,2026-08-03T00:11:55Z,D56LXXdfYgA,"""Nero sent him one final order"" — Seneca | Stoicism",670,7,2,https://youtube.com/shorts/D56LXXdfYgA
2026-08-05,2026-08-02T09:23:23Z,9arMWeXLsdU,"""Stand unshaken"" — Zeno of Citium | Stoicism",1167,13,2,https://youtube.com/shorts/9arMWeXLsdU
2026-08-05,2026-08-02T05:56:54Z,752yaoky0Kg,"""You keep wanting more"" — Marcus Aurelius | Stoicism",619,7,2,https://youtube.com/shorts/752yaoky0Kg
2026-08-05,2026-08-02T00:12:42Z,XwKlbO2NDF0,"""Still replaying what they said"" — Epictetus | Stoicism",570,8,2,https://youtube.com/shorts/XwKlbO2NDF0
2026-08-05,2026-08-01T09:19:18Z,jKqGbBDMJ1M,"""Rule 7: Fight only what you can move"" — Musonius Rufus | Stoicism",301,4,2,https://youtube.com/shorts/jKqGbBDMJ1M
2026-08-05,2026-08-01T06:01:23Z,Mue8NTxs_dk,"""Rome's richest advisor learned this the hard way"" — Seneca | Stoicism",295,3,2,https://youtube.com/shorts/Mue8NTxs_dk
2026-08-05,2026-08-01T00:09:43Z,-NDMY1q2EnY,"""The door is open"" — Zeno of Citium | Stoicism",551,10,3,https://youtube.com/shorts/-NDMY1q2EnY
2026-08-05,2026-08-05T12:36:59Z,XKx6CkWoP-M,"""You already have enough"" — Marcus Aurelius | Stoicism",36,1,2,https://youtube.com/shorts/XKx6CkWoP-M
2026-08-05,2026-08-05T09:54:31Z,UEUm4P6PWBE,"""If you snapped again tonight—"" — Epictetus | Stoicism",14,0,2,https://youtube.com/shorts/UEUm4P6PWBE
2026-08-05,2026-08-05T00:15:52Z,Pt6KqatWetg,"""Rule 7: Practice hardship on purpose"" — Musonius Rufus | Stoicism",31,0,2,https://youtube.com/shorts/Pt6KqatWetg
2026-08-05,2026-08-04T09:57:09Z,_5w1THAHfuU,"""Nero's tutor watched his student turn"" — Seneca | Stoicism",185,1,2,https://youtube.com/shorts/_5w1THAHfuU
2026-08-05,2026-08-04T05:51:46Z,uwv4rzTGnsI,"""It's already given"" — Zeno of Citium | Stoicism",450,6,2,https://youtube.com/shorts/uwv4rzTGnsI
2026-08-05,2026-08-04T00:21:28Z,Soqjc5yHmUo,"""Hold your own line"" — Marcus Aurelius | Stoicism",302,5,2,https://youtube.com/shorts/Soqjc5yHmUo
2026-08-05,2026-08-03T11:00:53Z,E4W1O_-CD8s,"""If no one saw today—"" — Epictetus | Stoicism",8,0,2,https://youtube.com/shorts/E4W1O_-CD8s
2026-08-05,2026-08-03T06:22:02Z,QNa1HVZUxvA,"""Rule 7: Be loved, not feared"" — Musonius Rufus | Stoicism",175,5,4,https://youtube.com/shorts/QNa1HVZUxvA
2026-08-05,2026-08-03T00:11:55Z,D56LXXdfYgA,"""Nero sent him one final order"" — Seneca | Stoicism",675,7,2,https://youtube.com/shorts/D56LXXdfYgA
2026-08-05,2026-08-02T09:23:23Z,9arMWeXLsdU,"""Stand unshaken"" — Zeno of Citium | Stoicism",1167,13,2,https://youtube.com/shorts/9arMWeXLsdU
2026-08-05,2026-08-02T05:56:54Z,752yaoky0Kg,"""You keep wanting more"" — Marcus Aurelius | Stoicism",619,7,2,https://youtube.com/shorts/752yaoky0Kg
2026-08-05,2026-08-02T00:12:42Z,XwKlbO2NDF0,"""Still replaying what they said"" — Epictetus | Stoicism",570,8,2,https://youtube.com/shorts/XwKlbO2NDF0
2026-08-05,2026-08-01T09:19:18Z,jKqGbBDMJ1M,"""Rule 7: Fight only what you can move"" — Musonius Rufus | Stoicism",301,4,2,https://youtube.com/shorts/jKqGbBDMJ1M
2026-08-05,2026-08-01T06:01:23Z,Mue8NTxs_dk,"""Rome's richest advisor learned this the hard way"" — Seneca | Stoicism",295,3,2,https://youtube.com/shorts/Mue8NTxs_dk
2026-08-05,2026-08-01T00:09:43Z,-NDMY1q2EnY,"""The door is open"" — Zeno of Citium | Stoicism",551,10,3,https://youtube.com/shorts/-NDMY1q2EnY
2026-08-05,2026-08-05T12:36:59Z,XKx6CkWoP-M,"""You already have enough"" — Marcus Aurelius | Stoicism",43,1,2,https://youtube.com/shorts/XKx6CkWoP-M
2026-08-05,2026-08-05T09:54:31Z,UEUm4P6PWBE,"""If you snapped again tonight—"" — Epictetus | Stoicism",16,0,2,https://youtube.com/shorts/UEUm4P6PWBE
2026-08-05,2026-08-05T00:15:52Z,Pt6KqatWetg,"""Rule 7: Practice hardship on purpose"" — Musonius Rufus | Stoicism",41,0,2,https://youtube.com/shorts/Pt6KqatWetg
2026-08-05,2026-08-04T09:57:09Z,_5w1THAHfuU,"""Nero's tutor watched his student turn"" — Seneca | Stoicism",187,1,2,https://youtube.com/shorts/_5w1THAHfuU
2026-08-05,2026-08-04T05:51:46Z,uwv4rzTGnsI,"""It's already given"" — Zeno of Citium | Stoicism",451,6,2,https://youtube.com/shorts/uwv4rzTGnsI
2026-08-05,2026-08-04T00:21:28Z,Soqjc5yHmUo,"""Hold your own line"" — Marcus Aurelius | Stoicism",302,5,2,https://youtube.com/shorts/Soqjc5yHmUo
2026-08-05,2026-08-03T11:00:53Z,E4W1O_-CD8s,"""If no one saw today—"" — Epictetus | Stoicism",8,0,2,https://youtube.com/shorts/E4W1O_-CD8s
2026-08-05,2026-08-03T06:22:02Z,QNa1HVZUxvA,"""Rule 7: Be loved, not feared"" — Musonius Rufus | Stoicism",175,5,4,https://youtube.com/shorts/QNa1HVZUxvA
2026-08-05,2026-08-03T00:11:55Z,D56LXXdfYgA,"""Nero sent him one final order"" — Seneca | Stoicism",676,7,2,https://youtube.com/shorts/D56LXXdfYgA
2026-08-05,2026-08-02T09:23:23Z,9arMWeXLsdU,"""Stand unshaken"" — Zeno of Citium | Stoicism",1167,13,2,https://youtube.com/shorts/9arMWeXLsdU
2026-08-05,2026-08-02T05:56:54Z,752yaoky0Kg,"""You keep wanting more"" — Marcus Aurelius | Stoicism",619,7,2,https://youtube.com/shorts/752yaoky0Kg
2026-08-05,2026-08-02T00:12:42Z,XwKlbO2NDF0,"""Still replaying what they said"" — Epictetus | Stoicism",570,8,2,https://youtube.com/shorts/XwKlbO2NDF0
2026-08-05,2026-08-01T09:19:18Z,jKqGbBDMJ1M,"""Rule 7: Fight only what you can move"" — Musonius Rufus | Stoicism",301,4,2,https://youtube.com/shorts/jKqGbBDMJ1M
2026-08-05,2026-08-01T06:01:23Z,Mue8NTxs_dk,"""Rome's richest advisor learned this the hard way"" — Seneca | Stoicism",295,3,2,https://youtube.com/shorts/Mue8NTxs_dk
2026-08-05,2026-08-01T00:09:43Z,-NDMY1q2EnY,"""The door is open"" — Zeno of Citium | Stoicism",551,10,3,https://youtube.com/shorts/-NDMY1q2EnY
2026-08-05,2026-08-05T12:36:59Z,XKx6CkWoP-M,"""You already have enough"" — Marcus Aurelius | Stoicism",43,1,2,https://youtube.com/shorts/XKx6CkWoP-M
2026-08-05,2026-08-05T09:54:31Z,UEUm4P6PWBE,"""If you snapped again tonight—"" — Epictetus | Stoicism",16,0,2,https://youtube.com/shorts/UEUm4P6PWBE
2026-08-05,2026-08-05T00:15:52Z,Pt6KqatWetg,"""Rule 7: Practice hardship on purpose"" — Musonius Rufus | Stoicism",41,0,2,https://youtube.com/shorts/Pt6KqatWetg
2026-08-05,2026-08-04T09:57:09Z,_5w1THAHfuU,"""Nero's tutor watched his student turn"" — Seneca | Stoicism",187,1,2,https://youtube.com/shorts/_5w1THAHfuU
2026-08-05,2026-08-04T05:51:46Z,uwv4rzTGnsI,"""It's already given"" — Zeno of Citium | Stoicism",451,6,2,https://youtube.com/shorts/uwv4rzTGnsI
2026-08-05,2026-08-04T00:21:28Z,Soqjc5yHmUo,"""Hold your own line"" — Marcus Aurelius | Stoicism",302,5,2,https://youtube.com/shorts/Soqjc5yHmUo
2026-08-05,2026-08-03T11:00:53Z,E4W1O_-CD8s,"""If no one saw today—"" — Epictetus | Stoicism",8,0,2,https://youtube.com/shorts/E4W1O_-CD8s
2026-08-05,2026-08-03T06:22:02Z,QNa1HVZUxvA,"""Rule 7: Be loved, not feared"" — Musonius Rufus | Stoicism",175,5,4,https://youtube.com/shorts/QNa1HVZUxvA
2026-08-05,2026-08-03T00:11:55Z,D56LXXdfYgA,"""Nero sent him one final order"" — Seneca | Stoicism",676,7,2,https://youtube.com/shorts/D56LXXdfYgA
2026-08-05,2026-08-02T09:23:23Z,9arMWeXLsdU,"""Stand unshaken"" — Zeno of Citium | Stoicism",1167,13,2,https://youtube.com/shorts/9arMWeXLsdU
2026-08-05,2026-08-02T05:56:54Z,752yaoky0Kg,"""You keep wanting more"" — Marcus Aurelius | Stoicism",619,7,2,https://youtube.com/shorts/752yaoky0Kg
2026-08-05,2026-08-02T00:12:42Z,XwKlbO2NDF0,"""Still replaying what they said"" — Epictetus | Stoicism",570,8,2,https://youtube.com/shorts/XwKlbO2NDF0
2026-08-05,2026-08-01T09:19:18Z,jKqGbBDMJ1M,"""Rule 7: Fight only what you can move"" — Musonius Rufus | Stoicism",301,4,2,https://youtube.com/shorts/jKqGbBDMJ1M
2026-08-05,2026-08-01T06:01:23Z,Mue8NTxs_dk,"""Rome's richest advisor learned this the hard way"" — Seneca | Stoicism",295,3,2,https://youtube.com/shorts/Mue8NTxs_dk
2026-08-05,2026-08-01T00:09:43Z,-NDMY1q2EnY,"""The door is open"" — Zeno of Citium | Stoicism",551,10,3,https://youtube.com/shorts/-NDMY1q2EnY
2026-08-06,2026-08-06T00:09:49Z,Ee2V0qV1Lbk,"""Nothing lands"" — Zeno of Citium | Stoicism",0,0,2,https://youtube.com/shorts/Ee2V0qV1Lbk
2026-08-06,2026-08-05T12:36:59Z,XKx6CkWoP-M,"""You already have enough"" — Marcus Aurelius | Stoicism",53,1,2,https://youtube.com/shorts/XKx6CkWoP-M
2026-08-06,2026-08-05T09:54:31Z,UEUm4P6PWBE,"""If you snapped again tonight—"" — Epictetus | Stoicism",17,0,2,https://youtube.com/shorts/UEUm4P6PWBE
2026-08-06,2026-08-05T00:15:52Z,Pt6KqatWetg,"""Rule 7: Practice hardship on purpose"" — Musonius Rufus | Stoicism",57,1,2,https://youtube.com/shorts/Pt6KqatWetg
2026-08-06,2026-08-04T09:57:09Z,_5w1THAHfuU,"""Nero's tutor watched his student turn"" — Seneca | Stoicism",187,1,2,https://youtube.com/shorts/_5w1THAHfuU
2026-08-06,2026-08-04T05:51:46Z,uwv4rzTGnsI,"""It's already given"" — Zeno of Citium | Stoicism",451,6,2,https://youtube.com/shorts/uwv4rzTGnsI
2026-08-06,2026-08-04T00:21:28Z,Soqjc5yHmUo,"""Hold your own line"" — Marcus Aurelius | Stoicism",302,5,2,https://youtube.com/shorts/Soqjc5yHmUo
2026-08-06,2026-08-03T11:00:53Z,E4W1O_-CD8s,"""If no one saw today—"" — Epictetus | Stoicism",8,0,2,https://youtube.com/shorts/E4W1O_-CD8s
2026-08-06,2026-08-03T06:22:02Z,QNa1HVZUxvA,"""Rule 7: Be loved, not feared"" — Musonius Rufus | Stoicism",175,5,4,https://youtube.com/shorts/QNa1HVZUxvA
2026-08-06,2026-08-03T00:11:55Z,D56LXXdfYgA,"""Nero sent him one final order"" — Seneca | Stoicism",676,7,2,https://youtube.com/shorts/D56LXXdfYgA
2026-08-06,2026-08-02T09:23:23Z,9arMWeXLsdU,"""Stand unshaken"" — Zeno of Citium | Stoicism",1167,13,2,https://youtube.com/shorts/9arMWeXLsdU
2026-08-06,2026-08-02T05:56:54Z,752yaoky0Kg,"""You keep wanting more"" — Marcus Aurelius | Stoicism",619,7,2,https://youtube.com/shorts/752yaoky0Kg
2026-08-06,2026-08-02T00:12:42Z,XwKlbO2NDF0,"""Still replaying what they said"" — Epictetus | Stoicism",570,8,2,https://youtube.com/shorts/XwKlbO2NDF0
2026-08-06,2026-08-01T09:19:18Z,jKqGbBDMJ1M,"""Rule 7: Fight only what you can move"" — Musonius Rufus | Stoicism",301,4,2,https://youtube.com/shorts/jKqGbBDMJ1M
2026-08-06,2026-08-01T06:01:23Z,Mue8NTxs_dk,"""Rome's richest advisor learned this the hard way"" — Seneca | Stoicism",295,3,2,https://youtube.com/shorts/Mue8NTxs_dk
2026-08-06,2026-08-06T05:51:29Z,LBuY6oAgdTc,"""Nero handed him a death sentence"" — Seneca | Stoicism",0,0,2,https://youtube.com/shorts/LBuY6oAgdTc
2026-08-06,2026-08-06T00:10:14Z,Ee2V0qV1Lbk,"""Nothing lands"" — Zeno of Citium | Stoicism",67,2,2,https://youtube.com/shorts/Ee2V0qV1Lbk
2026-08-06,2026-08-05T12:36:59Z,XKx6CkWoP-M,"""You already have enough"" — Marcus Aurelius | Stoicism",55,1,2,https://youtube.com/shorts/XKx6CkWoP-M
2026-08-06,2026-08-05T09:54:31Z,UEUm4P6PWBE,"""If you snapped again tonight—"" — Epictetus | Stoicism",17,0,2,https://youtube.com/shorts/UEUm4P6PWBE
2026-08-06,2026-08-05T00:15:52Z,Pt6KqatWetg,"""Rule 7: Practice hardship on purpose"" — Musonius Rufus | Stoicism",73,2,2,https://youtube.com/shorts/Pt6KqatWetg
2026-08-06,2026-08-04T09:57:09Z,_5w1THAHfuU,"""Nero's tutor watched his student turn"" — Seneca | Stoicism",191,1,2,https://youtube.com/shorts/_5w1THAHfuU
2026-08-06,2026-08-04T05:51:46Z,uwv4rzTGnsI,"""It's already given"" — Zeno of Citium | Stoicism",451,6,2,https://youtube.com/shorts/uwv4rzTGnsI
2026-08-06,2026-08-04T00:21:28Z,Soqjc5yHmUo,"""Hold your own line"" — Marcus Aurelius | Stoicism",302,5,2,https://youtube.com/shorts/Soqjc5yHmUo
2026-08-06,2026-08-03T11:00:53Z,E4W1O_-CD8s,"""If no one saw today—"" — Epictetus | Stoicism",8,0,2,https://youtube.com/shorts/E4W1O_-CD8s
2026-08-06,2026-08-03T06:22:02Z,QNa1HVZUxvA,"""Rule 7: Be loved, not feared"" — Musonius Rufus | Stoicism",176,6,4,https://youtube.com/shorts/QNa1HVZUxvA
2026-08-06,2026-08-03T00:11:55Z,D56LXXdfYgA,"""Nero sent him one final order"" — Seneca | Stoicism",676,7,2,https://youtube.com/shorts/D56LXXdfYgA
2026-08-06,2026-08-02T09:23:23Z,9arMWeXLsdU,"""Stand unshaken"" — Zeno of Citium | Stoicism",1166,13,2,https://youtube.com/shorts/9arMWeXLsdU
2026-08-06,2026-08-02T05:56:54Z,752yaoky0Kg,"""You keep wanting more"" — Marcus Aurelius | Stoicism",617,7,2,https://youtube.com/shorts/752yaoky0Kg
2026-08-06,2026-08-02T00:12:42Z,XwKlbO2NDF0,"""Still replaying what they said"" — Epictetus | Stoicism",570,8,2,https://youtube.com/shorts/XwKlbO2NDF0
2026-08-06,2026-08-01T09:19:18Z,jKqGbBDMJ1M,"""Rule 7: Fight only what you can move"" — Musonius Rufus | Stoicism",301,4,2,https://youtube.com/shorts/jKqGbBDMJ1M
2026-08-06,2026-08-06T09:56:45Z,FZFK5J219UM,"""Rule 7: Choose who you build with"" — Musonius Rufus | Stoicism",0,0,2,https://youtube.com/shorts/FZFK5J219UM
2026-08-06,2026-08-06T05:51:29Z,LBuY6oAgdTc,"""Nero handed him a death sentence"" — Seneca | Stoicism",8,0,2,https://youtube.com/shorts/LBuY6oAgdTc
2026-08-06,2026-08-06T00:10:14Z,Ee2V0qV1Lbk,"""Nothing lands"" — Zeno of Citium | Stoicism",87,3,2,https://youtube.com/shorts/Ee2V0qV1Lbk
2026-08-06,2026-08-05T12:36:59Z,XKx6CkWoP-M,"""You already have enough"" — Marcus Aurelius | Stoicism",56,1,2,https://youtube.com/shorts/XKx6CkWoP-M
2026-08-06,2026-08-05T09:54:31Z,UEUm4P6PWBE,"""If you snapped again tonight—"" — Epictetus | Stoicism",17,0,2,https://youtube.com/shorts/UEUm4P6PWBE
2026-08-06,2026-08-05T00:15:52Z,Pt6KqatWetg,"""Rule 7: Practice hardship on purpose"" — Musonius Rufus | Stoicism",76,2,2,https://youtube.com/shorts/Pt6KqatWetg
2026-08-06,2026-08-04T09:57:09Z,_5w1THAHfuU,"""Nero's tutor watched his student turn"" — Seneca | Stoicism",191,1,2,https://youtube.com/shorts/_5w1THAHfuU
2026-08-06,2026-08-04T05:51:46Z,uwv4rzTGnsI,"""It's already given"" — Zeno of Citium | Stoicism",451,6,2,https://youtube.com/shorts/uwv4rzTGnsI
2026-08-06,2026-08-04T00:21:28Z,Soqjc5yHmUo,"""Hold your own line"" — Marcus Aurelius | Stoicism",302,5,2,https://youtube.com/shorts/Soqjc5yHmUo
2026-08-06,2026-08-03T11:00:53Z,E4W1O_-CD8s,"""If no one saw today—"" — Epictetus | Stoicism",8,0,2,https://youtube.com/shorts/E4W1O_-CD8s
2026-08-06,2026-08-03T06:22:02Z,QNa1HVZUxvA,"""Rule 7: Be loved, not feared"" — Musonius Rufus | Stoicism",177,6,4,https://youtube.com/shorts/QNa1HVZUxvA
2026-08-06,2026-08-03T00:11:55Z,D56LXXdfYgA,"""Nero sent him one final order"" — Seneca | Stoicism",671,7,2,https://youtube.com/shorts/D56LXXdfYgA
2026-08-06,2026-08-02T09:23:23Z,9arMWeXLsdU,"""Stand unshaken"" — Zeno of Citium | Stoicism",1166,13,2,https://youtube.com/shorts/9arMWeXLsdU
2026-08-06,2026-08-02T05:56:54Z,752yaoky0Kg,"""You keep wanting more"" — Marcus Aurelius | Stoicism",616,7,2,https://youtube.com/shorts/752yaoky0Kg
2026-08-06,2026-08-02T00:12:42Z,XwKlbO2NDF0,"""Still replaying what they said"" — Epictetus | Stoicism",570,8,2,https://youtube.com/shorts/XwKlbO2NDF0
2026-08-06,2026-08-06T09:56:45Z,FZFK5J219UM,"""Rule 7: Choose who you build with"" — Musonius Rufus | Stoicism",4,2,2,https://youtube.com/shorts/FZFK5J219UM
2026-08-06,2026-08-06T05:51:29Z,LBuY6oAgdTc,"""Nero handed him a death sentence"" — Seneca | Stoicism",9,0,2,https://youtube.com/shorts/LBuY6oAgdTc
2026-08-06,2026-08-06T00:10:14Z,Ee2V0qV1Lbk,"""Nothing lands"" — Zeno of Citium | Stoicism",87,3,2,https://youtube.com/shorts/Ee2V0qV1Lbk
2026-08-06,2026-08-05T12:36:59Z,XKx6CkWoP-M,"""You already have enough"" — Marcus Aurelius | Stoicism",56,1,2,https://youtube.com/shorts/XKx6CkWoP-M
2026-08-06,2026-08-05T09:54:31Z,UEUm4P6PWBE,"""If you snapped again tonight—"" — Epictetus | Stoicism",17,0,2,https://youtube.com/shorts/UEUm4P6PWBE
2026-08-06,2026-08-05T00:15:52Z,Pt6KqatWetg,"""Rule 7: Practice hardship on purpose"" — Musonius Rufus | Stoicism",79,2,2,https://youtube.com/shorts/Pt6KqatWetg
2026-08-06,2026-08-04T09:57:09Z,_5w1THAHfuU,"""Nero's tutor watched his student turn"" — Seneca | Stoicism",185,1,2,https://youtube.com/shorts/_5w1THAHfuU
2026-08-06,2026-08-04T05:51:46Z,uwv4rzTGnsI,"""It's already given"" — Zeno of Citium | Stoicism",443,6,2,https://youtube.com/shorts/uwv4rzTGnsI
2026-08-06,2026-08-04T00:21:28Z,Soqjc5yHmUo,"""Hold your own line"" — Marcus Aurelius | Stoicism",302,5,2,https://youtube.com/shorts/Soqjc5yHmUo
2026-08-06,2026-08-03T11:00:53Z,E4W1O_-CD8s,"""If no one saw today—"" — Epictetus | Stoicism",8,0,2,https://youtube.com/shorts/E4W1O_-CD8s
2026-08-06,2026-08-03T06:22:02Z,QNa1HVZUxvA,"""Rule 7: Be loved, not feared"" — Musonius Rufus | Stoicism",177,6,4,https://youtube.com/shorts/QNa1HVZUxvA
2026-08-06,2026-08-03T00:11:55Z,D56LXXdfYgA,"""Nero sent him one final order"" — Seneca | Stoicism",671,7,2,https://youtube.com/shorts/D56LXXdfYgA
2026-08-06,2026-08-02T09:23:23Z,9arMWeXLsdU,"""Stand unshaken"" — Zeno of Citium | Stoicism",1166,13,2,https://youtube.com/shorts/9arMWeXLsdU
2026-08-06,2026-08-02T05:56:54Z,752yaoky0Kg,"""You keep wanting more"" — Marcus Aurelius | Stoicism",616,7,2,https://youtube.com/shorts/752yaoky0Kg
2026-08-06,2026-08-02T00:12:42Z,XwKlbO2NDF0,"""Still replaying what they said"" — Epictetus | Stoicism",571,8,2,https://youtube.com/shorts/XwKlbO2NDF0
2026-08-07,2026-08-06T09:56:45Z,FZFK5J219UM,"""Rule 7: Choose who you build with"" — Musonius Rufus | Stoicism",90,4,2,https://youtube.com/shorts/FZFK5J219UM
2026-08-07,2026-08-06T05:51:29Z,LBuY6oAgdTc,"""Nero handed him a death sentence"" — Seneca | Stoicism",16,0,2,https://youtube.com/shorts/LBuY6oAgdTc
2026-08-07,2026-08-06T00:10:14Z,Ee2V0qV1Lbk,"""Nothing lands"" — Zeno of Citium | Stoicism",93,4,2,https://youtube.com/shorts/Ee2V0qV1Lbk
2026-08-07,2026-08-05T12:36:59Z,XKx6CkWoP-M,"""You already have enough"" — Marcus Aurelius | Stoicism",52,1,2,https://youtube.com/shorts/XKx6CkWoP-M
2026-08-07,2026-08-05T09:54:31Z,UEUm4P6PWBE,"""If you snapped again tonight—"" — Epictetus | Stoicism",17,0,2,https://youtube.com/shorts/UEUm4P6PWBE
2026-08-07,2026-08-05T00:15:52Z,Pt6KqatWetg,"""Rule 7: Practice hardship on purpose"" — Musonius Rufus | Stoicism",76,2,2,https://youtube.com/shorts/Pt6KqatWetg
2026-08-07,2026-08-04T09:57:09Z,_5w1THAHfuU,"""Nero's tutor watched his student turn"" — Seneca | Stoicism",184,1,2,https://youtube.com/shorts/_5w1THAHfuU
2026-08-07,2026-08-04T05:51:46Z,uwv4rzTGnsI,"""It's already given"" — Zeno of Citium | Stoicism",443,6,2,https://youtube.com/shorts/uwv4rzTGnsI
2026-08-07,2026-08-04T00:21:28Z,Soqjc5yHmUo,"""Hold your own line"" — Marcus Aurelius | Stoicism",302,5,2,https://youtube.com/shorts/Soqjc5yHmUo
2026-08-07,2026-08-03T11:00:53Z,E4W1O_-CD8s,"""If no one saw today—"" — Epictetus | Stoicism",8,0,2,https://youtube.com/shorts/E4W1O_-CD8s
2026-08-07,2026-08-03T06:22:02Z,QNa1HVZUxvA,"""Rule 7: Be loved, not feared"" — Musonius Rufus | Stoicism",177,6,4,https://youtube.com/shorts/QNa1HVZUxvA
2026-08-07,2026-08-03T00:11:55Z,D56LXXdfYgA,"""Nero sent him one final order"" — Seneca | Stoicism",677,7,2,https://youtube.com/shorts/D56LXXdfYgA
2026-08-07,2026-08-02T09:23:23Z,9arMWeXLsdU,"""Stand unshaken"" — Zeno of Citium | Stoicism",1166,13,2,https://youtube.com/shorts/9arMWeXLsdU
2026-08-07,2026-08-02T05:56:54Z,752yaoky0Kg,"""You keep wanting more"" — Marcus Aurelius | Stoicism",616,7,2,https://youtube.com/shorts/752yaoky0Kg
2026-08-07,2026-08-02T00:12:42Z,XwKlbO2NDF0,"""Still replaying what they said"" — Epictetus | Stoicism",571,8,2,https://youtube.com/shorts/XwKlbO2NDF0
2026-08-07,2026-08-07T00:45:28Z,pFwsEOPUAf4,"""If doing right cost you today—"" — Epictetus | Stoicism",12,0,2,https://youtube.com/shorts/pFwsEOPUAf4
2026-08-07,2026-08-06T09:56:45Z,FZFK5J219UM,"""Rule 7: Choose who you build with"" — Musonius Rufus | Stoicism",90,4,2,https://youtube.com/shorts/FZFK5J219UM
2026-08-07,2026-08-06T05:51:29Z,LBuY6oAgdTc,"""Nero handed him a death sentence"" — Seneca | Stoicism",16,0,2,https://youtube.com/shorts/LBuY6oAgdTc
2026-08-07,2026-08-06T00:10:14Z,Ee2V0qV1Lbk,"""Nothing lands"" — Zeno of Citium | Stoicism",95,4,2,https://youtube.com/shorts/Ee2V0qV1Lbk
2026-08-07,2026-08-05T12:36:59Z,XKx6CkWoP-M,"""You already have enough"" — Marcus Aurelius | Stoicism",52,1,2,https://youtube.com/shorts/XKx6CkWoP-M
2026-08-07,2026-08-05T09:54:31Z,UEUm4P6PWBE,"""If you snapped again tonight—"" — Epictetus | Stoicism",17,0,2,https://youtube.com/shorts/UEUm4P6PWBE
2026-08-07,2026-08-05T00:15:52Z,Pt6KqatWetg,"""Rule 7: Practice hardship on purpose"" — Musonius Rufus | Stoicism",76,2,2,https://youtube.com/shorts/Pt6KqatWetg
2026-08-07,2026-08-04T09:57:09Z,_5w1THAHfuU,"""Nero's tutor watched his student turn"" — Seneca | Stoicism",184,1,2,https://youtube.com/shorts/_5w1THAHfuU
2026-08-07,2026-08-04T05:51:46Z,uwv4rzTGnsI,"""It's already given"" — Zeno of Citium | Stoicism",443,6,2,https://youtube.com/shorts/uwv4rzTGnsI
2026-08-07,2026-08-04T00:21:28Z,Soqjc5yHmUo,"""Hold your own line"" — Marcus Aurelius | Stoicism",302,5,2,https://youtube.com/shorts/Soqjc5yHmUo
2026-08-07,2026-08-03T11:00:53Z,E4W1O_-CD8s,"""If no one saw today—"" — Epictetus | Stoicism",8,0,2,https://youtube.com/shorts/E4W1O_-CD8s
2026-08-07,2026-08-03T06:22:02Z,QNa1HVZUxvA,"""Rule 7: Be loved, not feared"" — Musonius Rufus | Stoicism",177,6,4,https://youtube.com/shorts/QNa1HVZUxvA
2026-08-07,2026-08-03T00:11:55Z,D56LXXdfYgA,"""Nero sent him one final order"" — Seneca | Stoicism",677,7,2,https://youtube.com/shorts/D56LXXdfYgA
2026-08-07,2026-08-02T09:23:23Z,9arMWeXLsdU,"""Stand unshaken"" — Zeno of Citium | Stoicism",1166,13,2,https://youtube.com/shorts/9arMWeXLsdU
2026-08-07,2026-08-02T05:56:54Z,752yaoky0Kg,"""You keep wanting more"" — Marcus Aurelius | Stoicism",616,7,2,https://youtube.com/shorts/752yaoky0Kg
2026-08-07,2026-08-07T02:15:11Z,t9uf2y6z2v4,"""The tools are already yours"" — Marcus Aurelius | Stoicism",0,0,2,https://youtube.com/shorts/t9uf2y6z2v4
2026-08-07,2026-08-07T01:52:24Z,BYsOd1MrUuc,"""If the day handed you the wrong role—"" — Epictetus | Stoicism",1,0,2,https://youtube.com/shorts/BYsOd1MrUuc
2026-08-07,2026-08-07T00:45:28Z,pFwsEOPUAf4,"""If doing right cost you today—"" — Epictetus | Stoicism",23,1,2,https://youtube.com/shorts/pFwsEOPUAf4
2026-08-07,2026-08-06T09:56:45Z,FZFK5J219UM,"""Rule 7: Choose who you build with"" — Musonius Rufus | Stoicism",90,4,2,https://youtube.com/shorts/FZFK5J219UM
2026-08-07,2026-08-06T05:51:29Z,LBuY6oAgdTc,"""Nero handed him a death sentence"" — Seneca | Stoicism",16,0,2,https://youtube.com/shorts/LBuY6oAgdTc
2026-08-07,2026-08-06T00:10:14Z,Ee2V0qV1Lbk,"""Nothing lands"" — Zeno of Citium | Stoicism",93,4,2,https://youtube.com/shorts/Ee2V0qV1Lbk
2026-08-07,2026-08-05T12:36:59Z,XKx6CkWoP-M,"""You already have enough"" — Marcus Aurelius | Stoicism",52,1,2,https://youtube.com/shorts/XKx6CkWoP-M
2026-08-07,2026-08-05T09:54:31Z,UEUm4P6PWBE,"""If you snapped again tonight—"" — Epictetus | Stoicism",17,0,2,https://youtube.com/shorts/UEUm4P6PWBE
2026-08-07,2026-08-05T00:15:52Z,Pt6KqatWetg,"""Rule 7: Practice hardship on purpose"" — Musonius Rufus | Stoicism",76,2,2,https://youtube.com/shorts/Pt6KqatWetg
2026-08-07,2026-08-04T09:57:09Z,_5w1THAHfuU,"""Nero's tutor watched his student turn"" — Seneca | Stoicism",185,1,2,https://youtube.com/shorts/_5w1THAHfuU
2026-08-07,2026-08-04T05:51:46Z,uwv4rzTGnsI,"""It's already given"" — Zeno of Citium | Stoicism",443,6,2,https://youtube.com/shorts/uwv4rzTGnsI
2026-08-07,2026-08-04T00:21:28Z,Soqjc5yHmUo,"""Hold your own line"" — Marcus Aurelius | Stoicism",302,5,2,https://youtube.com/shorts/Soqjc5yHmUo
2026-08-07,2026-08-03T11:00:53Z,E4W1O_-CD8s,"""If no one saw today—"" — Epictetus | Stoicism",8,0,2,https://youtube.com/shorts/E4W1O_-CD8s
2026-08-07,2026-08-03T06:22:02Z,QNa1HVZUxvA,"""Rule 7: Be loved, not feared"" — Musonius Rufus | Stoicism",177,6,4,https://youtube.com/shorts/QNa1HVZUxvA
2026-08-07,2026-08-03T00:11:55Z,D56LXXdfYgA,"""Nero sent him one final order"" — Seneca | Stoicism",677,7,2,https://youtube.com/shorts/D56LXXdfYgA
2026-08-07,2026-08-07T05:00:53Z,J60qfqLTQdU,"""Nothing left to prove"" — Zeno of Citium | Stoicism",0,0,2,https://youtube.com/shorts/J60qfqLTQdU
2026-08-07,2026-08-07T02:15:11Z,t9uf2y6z2v4,"""The tools are already yours"" — Marcus Aurelius | Stoicism",16,1,2,https://youtube.com/shorts/t9uf2y6z2v4
2026-08-07,2026-08-07T01:52:24Z,BYsOd1MrUuc,"""If the day handed you the wrong role—"" — Epictetus | Stoicism",3,0,2,https://youtube.com/shorts/BYsOd1MrUuc
2026-08-07,2026-08-07T00:45:28Z,pFwsEOPUAf4,"""If doing right cost you today—"" — Epictetus | Stoicism",36,2,2,https://youtube.com/shorts/pFwsEOPUAf4
2026-08-07,2026-08-06T09:56:45Z,FZFK5J219UM,"""Rule 7: Choose who you build with"" — Musonius Rufus | Stoicism",112,5,2,https://youtube.com/shorts/FZFK5J219UM
2026-08-07,2026-08-06T05:51:29Z,LBuY6oAgdTc,"""Nero handed him a death sentence"" — Seneca | Stoicism",19,0,2,https://youtube.com/shorts/LBuY6oAgdTc
2026-08-07,2026-08-06T00:10:14Z,Ee2V0qV1Lbk,"""Nothing lands"" — Zeno of Citium | Stoicism",95,4,2,https://youtube.com/shorts/Ee2V0qV1Lbk
2026-08-07,2026-08-05T12:36:59Z,XKx6CkWoP-M,"""You already have enough"" — Marcus Aurelius | Stoicism",57,1,2,https://youtube.com/shorts/XKx6CkWoP-M
2026-08-07,2026-08-05T09:54:31Z,UEUm4P6PWBE,"""If you snapped again tonight—"" — Epictetus | Stoicism",17,0,2,https://youtube.com/shorts/UEUm4P6PWBE
2026-08-07,2026-08-05T00:15:52Z,Pt6KqatWetg,"""Rule 7: Practice hardship on purpose"" — Musonius Rufus | Stoicism",76,2,2,https://youtube.com/shorts/Pt6KqatWetg
2026-08-07,2026-08-04T09:57:09Z,_5w1THAHfuU,"""Nero's tutor watched his student turn"" — Seneca | Stoicism",187,1,2,https://youtube.com/shorts/_5w1THAHfuU
2026-08-07,2026-08-04T05:51:46Z,uwv4rzTGnsI,"""It's already given"" — Zeno of Citium | Stoicism",445,6,2,https://youtube.com/shorts/uwv4rzTGnsI
2026-08-07,2026-08-04T00:21:28Z,Soqjc5yHmUo,"""Hold your own line"" — Marcus Aurelius | Stoicism",303,5,2,https://youtube.com/shorts/Soqjc5yHmUo
2026-08-07,2026-08-03T11:00:53Z,E4W1O_-CD8s,"""If no one saw today—"" — Epictetus | Stoicism",8,0,2,https://youtube.com/shorts/E4W1O_-CD8s
2026-08-07,2026-08-03T06:22:02Z,QNa1HVZUxvA,"""Rule 7: Be loved, not feared"" — Musonius Rufus | Stoicism",179,6,4,https://youtube.com/shorts/QNa1HVZUxvA
2026-08-07,2026-08-07T05:00:53Z,J60qfqLTQdU,"""Nothing left to prove"" — Zeno of Citium | Stoicism",5,0,2,https://youtube.com/shorts/J60qfqLTQdU
2026-08-07,2026-08-07T02:15:11Z,t9uf2y6z2v4,"""The tools are already yours"" — Marcus Aurelius | Stoicism",43,1,2,https://youtube.com/shorts/t9uf2y6z2v4
2026-08-07,2026-08-07T01:52:24Z,BYsOd1MrUuc,"""If the day handed you the wrong role—"" — Epictetus | Stoicism",18,1,2,https://youtube.com/shorts/BYsOd1MrUuc
2026-08-07,2026-08-07T00:45:28Z,pFwsEOPUAf4,"""If doing right cost you today—"" — Epictetus | Stoicism",72,2,2,https://youtube.com/shorts/pFwsEOPUAf4
2026-08-07,2026-08-06T09:56:45Z,FZFK5J219UM,"""Rule 7: Choose who you build with"" — Musonius Rufus | Stoicism",119,5,2,https://youtube.com/shorts/FZFK5J219UM
2026-08-07,2026-08-06T05:51:29Z,LBuY6oAgdTc,"""Nero handed him a death sentence"" — Seneca | Stoicism",24,0,2,https://youtube.com/shorts/LBuY6oAgdTc
2026-08-07,2026-08-06T00:10:14Z,Ee2V0qV1Lbk,"""Nothing lands"" — Zeno of Citium | Stoicism",101,4,2,https://youtube.com/shorts/Ee2V0qV1Lbk
2026-08-07,2026-08-05T12:36:59Z,XKx6CkWoP-M,"""You already have enough"" — Marcus Aurelius | Stoicism",59,1,2,https://youtube.com/shorts/XKx6CkWoP-M
2026-08-07,2026-08-05T09:54:31Z,UEUm4P6PWBE,"""If you snapped again tonight—"" — Epictetus | Stoicism",17,0,2,https://youtube.com/shorts/UEUm4P6PWBE
2026-08-07,2026-08-05T00:15:52Z,Pt6KqatWetg,"""Rule 7: Practice hardship on purpose"" — Musonius Rufus | Stoicism",76,2,2,https://youtube.com/shorts/Pt6KqatWetg
2026-08-07,2026-08-04T09:57:09Z,_5w1THAHfuU,"""Nero's tutor watched his student turn"" — Seneca | Stoicism",187,1,2,https://youtube.com/shorts/_5w1THAHfuU
2026-08-07,2026-08-04T05:51:46Z,uwv4rzTGnsI,"""It's already given"" — Zeno of Citium | Stoicism",438,6,2,https://youtube.com/shorts/uwv4rzTGnsI
2026-08-07,2026-08-04T00:21:28Z,Soqjc5yHmUo,"""Hold your own line"" — Marcus Aurelius | Stoicism",303,5,2,https://youtube.com/shorts/Soqjc5yHmUo
2026-08-07,2026-08-03T11:00:53Z,E4W1O_-CD8s,"""If no one saw today—"" — Epictetus | Stoicism",8,0,2,https://youtube.com/shorts/E4W1O_-CD8s
2026-08-07,2026-08-03T06:22:02Z,QNa1HVZUxvA,"""Rule 7: Be loved, not feared"" — Musonius Rufus | Stoicism",179,6,4,https://youtube.com/shorts/QNa1HVZUxvA
2026-08-07,2026-08-07T05:00:53Z,J60qfqLTQdU,"""Nothing left to prove"" — Zeno of Citium | Stoicism",17,0,2,https://youtube.com/shorts/J60qfqLTQdU
2026-08-07,2026-08-07T02:15:11Z,t9uf2y6z2v4,"""The tools are already yours"" — Marcus Aurelius | Stoicism",52,1,2,https://youtube.com/shorts/t9uf2y6z2v4
2026-08-07,2026-08-07T01:52:24Z,BYsOd1MrUuc,"""If the day handed you the wrong role—"" — Epictetus | Stoicism",23,1,2,https://youtube.com/shorts/BYsOd1MrUuc
2026-08-07,2026-08-07T00:45:28Z,pFwsEOPUAf4,"""If doing right cost you today—"" — Epictetus | Stoicism",78,2,2,https://youtube.com/shorts/pFwsEOPUAf4
2026-08-07,2026-08-06T09:56:45Z,FZFK5J219UM,"""Rule 7: Choose who you build with"" — Musonius Rufus | Stoicism",120,5,2,https://youtube.com/shorts/FZFK5J219UM
2026-08-07,2026-08-06T05:51:29Z,LBuY6oAgdTc,"""Nero handed him a death sentence"" — Seneca | Stoicism",24,0,2,https://youtube.com/shorts/LBuY6oAgdTc
2026-08-07,2026-08-06T00:10:14Z,Ee2V0qV1Lbk,"""Nothing lands"" — Zeno of Citium | Stoicism",101,4,2,https://youtube.com/shorts/Ee2V0qV1Lbk
2026-08-07,2026-08-05T12:36:59Z,XKx6CkWoP-M,"""You already have enough"" — Marcus Aurelius | Stoicism",59,1,2,https://youtube.com/shorts/XKx6CkWoP-M
2026-08-07,2026-08-05T09:54:31Z,UEUm4P6PWBE,"""If you snapped again tonight—"" — Epictetus | Stoicism",17,0,2,https://youtube.com/shorts/UEUm4P6PWBE
2026-08-07,2026-08-05T00:15:52Z,Pt6KqatWetg,"""Rule 7: Practice hardship on purpose"" — Musonius Rufus | Stoicism",76,2,2,https://youtube.com/shorts/Pt6KqatWetg
2026-08-07,2026-08-04T09:57:09Z,_5w1THAHfuU,"""Nero's tutor watched his student turn"" — Seneca | Stoicism",187,1,2,https://youtube.com/shorts/_5w1THAHfuU
2026-08-07,2026-08-04T05:51:46Z,uwv4rzTGnsI,"""It's already given"" — Zeno of Citium | Stoicism",438,6,2,https://youtube.com/shorts/uwv4rzTGnsI
2026-08-07,2026-08-04T00:21:28Z,Soqjc5yHmUo,"""Hold your own line"" — Marcus Aurelius | Stoicism",303,5,2,https://youtube.com/shorts/Soqjc5yHmUo
2026-08-07,2026-08-03T11:00:53Z,E4W1O_-CD8s,"""If no one saw today—"" — Epictetus | Stoicism",8,0,2,https://youtube.com/shorts/E4W1O_-CD8s
2026-08-07,2026-08-03T06:22:02Z,QNa1HVZUxvA,"""Rule 7: Be loved, not feared"" — Musonius Rufus | Stoicism",179,6,4,https://youtube.com/shorts/QNa1HVZUxvA
2026-08-07,2026-08-07T05:00:53Z,J60qfqLTQdU,"""Nothing left to prove"" — Zeno of Citium | Stoicism",17,0,2,https://youtube.com/shorts/J60qfqLTQdU
2026-08-07,2026-08-07T02:15:11Z,t9uf2y6z2v4,"""The tools are already yours"" — Marcus Aurelius | Stoicism",52,1,2,https://youtube.com/shorts/t9uf2y6z2v4
2026-08-07,2026-08-07T01:52:24Z,BYsOd1MrUuc,"""If the day handed you the wrong role—"" — Epictetus | Stoicism",23,1,2,https://youtube.com/shorts/BYsOd1MrUuc
2026-08-07,2026-08-07T00:45:28Z,pFwsEOPUAf4,"""If doing right cost you today—"" — Epictetus | Stoicism",78,2,2,https://youtube.com/shorts/pFwsEOPUAf4
2026-08-07,2026-08-06T09:56:45Z,FZFK5J219UM,"""Rule 7: Choose who you build with"" — Musonius Rufus | Stoicism",119,5,2,https://youtube.com/shorts/FZFK5J219UM
2026-08-07,2026-08-06T05:51:29Z,LBuY6oAgdTc,"""Nero handed him a death sentence"" — Seneca | Stoicism",24,0,2,https://youtube.com/shorts/LBuY6oAgdTc
2026-08-07,2026-08-06T00:10:14Z,Ee2V0qV1Lbk,"""Nothing lands"" — Zeno of Citium | Stoicism",101,4,2,https://youtube.com/shorts/Ee2V0qV1Lbk
2026-08-07,2026-08-05T12:36:59Z,XKx6CkWoP-M,"""You already have enough"" — Marcus Aurelius | Stoicism",59,1,2,https://youtube.com/shorts/XKx6CkWoP-M
2026-08-07,2026-08-05T09:54:31Z,UEUm4P6PWBE,"""If you snapped again tonight—"" — Epictetus | Stoicism",17,0,2,https://youtube.com/shorts/UEUm4P6PWBE
2026-08-07,2026-08-05T00:15:52Z,Pt6KqatWetg,"""Rule 7: Practice hardship on purpose"" — Musonius Rufus | Stoicism",76,2,2,https://youtube.com/shorts/Pt6KqatWetg
2026-08-07,2026-08-04T09:57:09Z,_5w1THAHfuU,"""Nero's tutor watched his student turn"" — Seneca | Stoicism",187,1,2,https://youtube.com/shorts/_5w1THAHfuU
2026-08-07,2026-08-04T05:51:46Z,uwv4rzTGnsI,"""It's already given"" — Zeno of Citium | Stoicism",438,6,2,https://youtube.com/shorts/uwv4rzTGnsI
2026-08-07,2026-08-04T00:21:28Z,Soqjc5yHmUo,"""Hold your own line"" — Marcus Aurelius | Stoicism",303,5,2,https://youtube.com/shorts/Soqjc5yHmUo
2026-08-07,2026-08-03T11:00:53Z,E4W1O_-CD8s,"""If no one saw today—"" — Epictetus | Stoicism",8,0,2,https://youtube.com/shorts/E4W1O_-CD8s
2026-08-07,2026-08-03T06:22:02Z,QNa1HVZUxvA,"""Rule 7: Be loved, not feared"" — Musonius Rufus | Stoicism",177,6,4,https://youtube.com/shorts/QNa1HVZUxvA
2026-08-07,2026-08-07T05:00:53Z,J60qfqLTQdU,"""Nothing left to prove"" — Zeno of Citium | Stoicism",17,0,2,https://youtube.com/shorts/J60qfqLTQdU
2026-08-07,2026-08-07T02:15:11Z,t9uf2y6z2v4,"""The tools are already yours"" — Marcus Aurelius | Stoicism",49,1,2,https://youtube.com/shorts/t9uf2y6z2v4
2026-08-07,2026-08-07T01:52:24Z,BYsOd1MrUuc,"""If the day handed you the wrong role—"" — Epictetus | Stoicism",23,1,2,https://youtube.com/shorts/BYsOd1MrUuc
2026-08-07,2026-08-07T00:45:28Z,pFwsEOPUAf4,"""If doing right cost you today—"" — Epictetus | Stoicism",78,2,2,https://youtube.com/shorts/pFwsEOPUAf4
2026-08-07,2026-08-06T09:56:45Z,FZFK5J219UM,"""Rule 7: Choose who you build with"" — Musonius Rufus | Stoicism",119,6,2,https://youtube.com/shorts/FZFK5J219UM
2026-08-07,2026-08-06T05:51:29Z,LBuY6oAgdTc,"""Nero handed him a death sentence"" — Seneca | Stoicism",24,0,2,https://youtube.com/shorts/LBuY6oAgdTc
2026-08-07,2026-08-06T00:10:14Z,Ee2V0qV1Lbk,"""Nothing lands"" — Zeno of Citium | Stoicism",100,4,2,https://youtube.com/shorts/Ee2V0qV1Lbk
2026-08-07,2026-08-05T12:36:59Z,XKx6CkWoP-M,"""You already have enough"" — Marcus Aurelius | Stoicism",59,1,2,https://youtube.com/shorts/XKx6CkWoP-M
2026-08-07,2026-08-05T09:54:31Z,UEUm4P6PWBE,"""If you snapped again tonight—"" — Epictetus | Stoicism",17,0,2,https://youtube.com/shorts/UEUm4P6PWBE
2026-08-07,2026-08-05T00:15:52Z,Pt6KqatWetg,"""Rule 7: Practice hardship on purpose"" — Musonius Rufus | Stoicism",76,2,2,https://youtube.com/shorts/Pt6KqatWetg
2026-08-07,2026-08-04T09:57:09Z,_5w1THAHfuU,"""Nero's tutor watched his student turn"" — Seneca | Stoicism",185,1,2,https://youtube.com/shorts/_5w1THAHfuU
2026-08-07,2026-08-04T05:51:46Z,uwv4rzTGnsI,"""It's already given"" — Zeno of Citium | Stoicism",437,6,2,https://youtube.com/shorts/uwv4rzTGnsI
2026-08-07,2026-08-04T00:21:28Z,Soqjc5yHmUo,"""Hold your own line"" — Marcus Aurelius | Stoicism",303,5,2,https://youtube.com/shorts/Soqjc5yHmUo
2026-08-07,2026-08-03T11:00:53Z,E4W1O_-CD8s,"""If no one saw today—"" — Epictetus | Stoicism",8,0,2,https://youtube.com/shorts/E4W1O_-CD8s
2026-08-07,2026-08-03T06:22:02Z,QNa1HVZUxvA,"""Rule 7: Be loved, not feared"" — Musonius Rufus | Stoicism",177,6,6,https://youtube.com/shorts/QNa1HVZUxvA
2026-08-07,2026-08-07T19:09:44Z,5UbOicTNAn0,"""Rome's most powerful mind bowed to no one"" — Seneca | Stoicism",4,0,2,https://youtube.com/shorts/5UbOicTNAn0
2026-08-07,2026-08-07T05:00:53Z,J60qfqLTQdU,"""Nothing left to prove"" — Zeno of Citium | Stoicism",17,0,2,https://youtube.com/shorts/J60qfqLTQdU
2026-08-07,2026-08-07T02:15:11Z,t9uf2y6z2v4,"""The tools are already yours"" — Marcus Aurelius | Stoicism",49,1,2,https://youtube.com/shorts/t9uf2y6z2v4
2026-08-07,2026-08-07T01:52:24Z,BYsOd1MrUuc,"""If the day handed you the wrong role—"" — Epictetus | Stoicism",23,1,2,https://youtube.com/shorts/BYsOd1MrUuc
2026-08-07,2026-08-07T00:45:28Z,pFwsEOPUAf4,"""If doing right cost you today—"" — Epictetus | Stoicism",78,2,2,https://youtube.com/shorts/pFwsEOPUAf4
2026-08-07,2026-08-06T09:56:45Z,FZFK5J219UM,"""Rule 7: Choose who you build with"" — Musonius Rufus | Stoicism",119,6,2,https://youtube.com/shorts/FZFK5J219UM
2026-08-07,2026-08-06T05:51:29Z,LBuY6oAgdTc,"""Nero handed him a death sentence"" — Seneca | Stoicism",24,0,2,https://youtube.com/shorts/LBuY6oAgdTc
2026-08-07,2026-08-06T00:10:14Z,Ee2V0qV1Lbk,"""Nothing lands"" — Zeno of Citium | Stoicism",100,4,2,https://youtube.com/shorts/Ee2V0qV1Lbk
2026-08-07,2026-08-05T12:36:59Z,XKx6CkWoP-M,"""You already have enough"" — Marcus Aurelius | Stoicism",59,1,2,https://youtube.com/shorts/XKx6CkWoP-M
2026-08-07,2026-08-05T09:54:31Z,UEUm4P6PWBE,"""If you snapped again tonight—"" — Epictetus | Stoicism",17,0,2,https://youtube.com/shorts/UEUm4P6PWBE
2026-08-07,2026-08-05T00:15:52Z,Pt6KqatWetg,"""Rule 7: Practice hardship on purpose"" — Musonius Rufus | Stoicism",76,2,2,https://youtube.com/shorts/Pt6KqatWetg
2026-08-07,2026-08-04T09:57:09Z,_5w1THAHfuU,"""Nero's tutor watched his student turn"" — Seneca | Stoicism",187,1,2,https://youtube.com/shorts/_5w1THAHfuU
2026-08-07,2026-08-04T05:51:46Z,uwv4rzTGnsI,"""It's already given"" — Zeno of Citium | Stoicism",437,6,2,https://youtube.com/shorts/uwv4rzTGnsI
2026-08-07,2026-08-04T00:21:28Z,Soqjc5yHmUo,"""Hold your own line"" — Marcus Aurelius | Stoicism",303,5,2,https://youtube.com/shorts/Soqjc5yHmUo
2026-08-07,2026-08-03T11:00:53Z,E4W1O_-CD8s,"""If no one saw today—"" — Epictetus | Stoicism",8,0,2,https://youtube.com/shorts/E4W1O_-CD8s
2026-08-07,2026-08-07T19:09:44Z,5UbOicTNAn0,"""Rome's most powerful mind bowed to no one"" — Seneca | Stoicism",4,0,2,https://youtube.com/shorts/5UbOicTNAn0
2026-08-07,2026-08-07T05:00:53Z,J60qfqLTQdU,"""Nothing left to prove"" — Zeno of Citium | Stoicism",17,0,2,https://youtube.com/shorts/J60qfqLTQdU
2026-08-07,2026-08-07T02:15:11Z,t9uf2y6z2v4,"""The tools are already yours"" — Marcus Aurelius | Stoicism",49,1,2,https://youtube.com/shorts/t9uf2y6z2v4
2026-08-07,2026-08-07T01:52:24Z,BYsOd1MrUuc,"""If the day handed you the wrong role—"" — Epictetus | Stoicism",23,1,2,https://youtube.com/shorts/BYsOd1MrUuc
2026-08-07,2026-08-07T00:45:28Z,pFwsEOPUAf4,"""If doing right cost you today—"" — Epictetus | Stoicism",78,2,2,https://youtube.com/shorts/pFwsEOPUAf4
2026-08-07,2026-08-06T09:56:45Z,FZFK5J219UM,"""Rule 7: Choose who you build with"" — Musonius Rufus | Stoicism",119,6,2,https://youtube.com/shorts/FZFK5J219UM
2026-08-07,2026-08-06T05:51:29Z,LBuY6oAgdTc,"""Nero handed him a death sentence"" — Seneca | Stoicism",24,0,2,https://youtube.com/shorts/LBuY6oAgdTc
2026-08-07,2026-08-06T00:10:14Z,Ee2V0qV1Lbk,"""Nothing lands"" — Zeno of Citium | Stoicism",100,4,2,https://youtube.com/shorts/Ee2V0qV1Lbk
2026-08-07,2026-08-05T12:36:59Z,XKx6CkWoP-M,"""You already have enough"" — Marcus Aurelius | Stoicism",59,1,2,https://youtube.com/shorts/XKx6CkWoP-M
2026-08-07,2026-08-05T09:54:31Z,UEUm4P6PWBE,"""If you snapped again tonight—"" — Epictetus | Stoicism",17,0,2,https://youtube.com/shorts/UEUm4P6PWBE
2026-08-07,2026-08-05T00:15:52Z,Pt6KqatWetg,"""Rule 7: Practice hardship on purpose"" — Musonius Rufus | Stoicism",76,2,2,https://youtube.com/shorts/Pt6KqatWetg
2026-08-07,2026-08-04T09:57:09Z,_5w1THAHfuU,"""Nero's tutor watched his student turn"" — Seneca | Stoicism",185,1,2,https://youtube.com/shorts/_5w1THAHfuU
2026-08-07,2026-08-04T05:51:46Z,uwv4rzTGnsI,"""It's already given"" — Zeno of Citium | Stoicism",437,6,2,https://youtube.com/shorts/uwv4rzTGnsI
2026-08-07,2026-08-04T00:21:28Z,Soqjc5yHmUo,"""Hold your own line"" — Marcus Aurelius | Stoicism",303,5,2,https://youtube.com/shorts/Soqjc5yHmUo
2026-08-07,2026-08-03T11:00:53Z,E4W1O_-CD8s,"""If no one saw today—"" — Epictetus | Stoicism",8,0,2,https://youtube.com/shorts/E4W1O_-CD8s
2026-08-07,2026-08-07T19:09:44Z,5UbOicTNAn0,"""Rome's most powerful mind bowed to no one"" — Seneca | Stoicism",8,0,2,https://youtube.com/shorts/5UbOicTNAn0
2026-08-07,2026-08-07T05:00:53Z,J60qfqLTQdU,"""Nothing left to prove"" — Zeno of Citium | Stoicism",26,0,2,https://youtube.com/shorts/J60qfqLTQdU
2026-08-07,2026-08-07T02:15:11Z,t9uf2y6z2v4,"""The tools are already yours"" — Marcus Aurelius | Stoicism",54,1,2,https://youtube.com/shorts/t9uf2y6z2v4
2026-08-07,2026-08-07T01:52:24Z,BYsOd1MrUuc,"""If the day handed you the wrong role—"" — Epictetus | Stoicism",24,1,2,https://youtube.com/shorts/BYsOd1MrUuc
2026-08-07,2026-08-07T00:45:28Z,pFwsEOPUAf4,"""If doing right cost you today—"" — Epictetus | Stoicism",79,2,2,https://youtube.com/shorts/pFwsEOPUAf4
2026-08-07,2026-08-06T09:56:45Z,FZFK5J219UM,"""Rule 7: Choose who you build with"" — Musonius Rufus | Stoicism",120,6,2,https://youtube.com/shorts/FZFK5J219UM
2026-08-07,2026-08-06T05:51:29Z,LBuY6oAgdTc,"""Nero handed him a death sentence"" — Seneca | Stoicism",24,0,2,https://youtube.com/shorts/LBuY6oAgdTc
2026-08-07,2026-08-06T00:10:14Z,Ee2V0qV1Lbk,"""Nothing lands"" — Zeno of Citium | Stoicism",100,4,2,https://youtube.com/shorts/Ee2V0qV1Lbk
2026-08-07,2026-08-05T12:36:59Z,XKx6CkWoP-M,"""You already have enough"" — Marcus Aurelius | Stoicism",59,1,2,https://youtube.com/shorts/XKx6CkWoP-M
2026-08-07,2026-08-05T09:54:31Z,UEUm4P6PWBE,"""If you snapped again tonight—"" — Epictetus | Stoicism",17,0,2,https://youtube.com/shorts/UEUm4P6PWBE
2026-08-07,2026-08-05T00:15:52Z,Pt6KqatWetg,"""Rule 7: Practice hardship on purpose"" — Musonius Rufus | Stoicism",76,2,2,https://youtube.com/shorts/Pt6KqatWetg
2026-08-07,2026-08-04T09:57:09Z,_5w1THAHfuU,"""Nero's tutor watched his student turn"" — Seneca | Stoicism",185,1,2,https://youtube.com/shorts/_5w1THAHfuU
2026-08-07,2026-08-04T05:51:46Z,uwv4rzTGnsI,"""It's already given"" — Zeno of Citium | Stoicism",437,6,2,https://youtube.com/shorts/uwv4rzTGnsI
2026-08-07,2026-08-04T00:21:28Z,Soqjc5yHmUo,"""Hold your own line"" — Marcus Aurelius | Stoicism",303,5,2,https://youtube.com/shorts/Soqjc5yHmUo
2026-08-07,2026-08-03T11:00:53Z,E4W1O_-CD8s,"""If no one saw today—"" — Epictetus | Stoicism",8,0,2,https://youtube.com/shorts/E4W1O_-CD8s
2026-08-08,2026-08-08T04:19:03Z,S7ekx1F0avE,"""Rule 12: Train what you can hold"" — Musonius Rufus | Stoicism",0,0,2,https://youtube.com/shorts/S7ekx1F0avE
2026-08-08,2026-08-07T19:09:44Z,5UbOicTNAn0,"""Rome's most powerful mind bowed to no one"" — Seneca | Stoicism",53,0,2,https://youtube.com/shorts/5UbOicTNAn0
2026-08-08,2026-08-07T05:00:53Z,J60qfqLTQdU,"""Nothing left to prove"" — Zeno of Citium | Stoicism",26,0,2,https://youtube.com/shorts/J60qfqLTQdU
2026-08-08,2026-08-07T02:15:11Z,t9uf2y6z2v4,"""The tools are already yours"" — Marcus Aurelius | Stoicism",54,1,2,https://youtube.com/shorts/t9uf2y6z2v4
2026-08-08,2026-08-07T01:52:24Z,BYsOd1MrUuc,"""If the day handed you the wrong role—"" — Epictetus | Stoicism",24,1,2,https://youtube.com/shorts/BYsOd1MrUuc
2026-08-08,2026-08-07T00:45:28Z,pFwsEOPUAf4,"""If doing right cost you today—"" — Epictetus | Stoicism",79,2,2,https://youtube.com/shorts/pFwsEOPUAf4
2026-08-08,2026-08-06T09:56:45Z,FZFK5J219UM,"""Rule 7: Choose who you build with"" — Musonius Rufus | Stoicism",120,6,2,https://youtube.com/shorts/FZFK5J219UM
2026-08-08,2026-08-06T05:51:29Z,LBuY6oAgdTc,"""Nero handed him a death sentence"" — Seneca | Stoicism",24,0,2,https://youtube.com/shorts/LBuY6oAgdTc
2026-08-08,2026-08-06T00:10:14Z,Ee2V0qV1Lbk,"""Nothing lands"" — Zeno of Citium | Stoicism",100,4,2,https://youtube.com/shorts/Ee2V0qV1Lbk
2026-08-08,2026-08-05T12:36:59Z,XKx6CkWoP-M,"""You already have enough"" — Marcus Aurelius | Stoicism",59,1,2,https://youtube.com/shorts/XKx6CkWoP-M
2026-08-08,2026-08-05T09:54:31Z,UEUm4P6PWBE,"""If you snapped again tonight—"" — Epictetus | Stoicism",17,0,2,https://youtube.com/shorts/UEUm4P6PWBE
2026-08-08,2026-08-05T00:15:52Z,Pt6KqatWetg,"""Rule 7: Practice hardship on purpose"" — Musonius Rufus | Stoicism",76,2,2,https://youtube.com/shorts/Pt6KqatWetg
2026-08-08,2026-08-04T09:57:09Z,_5w1THAHfuU,"""Nero's tutor watched his student turn"" — Seneca | Stoicism",185,1,2,https://youtube.com/shorts/_5w1THAHfuU
2026-08-08,2026-08-04T05:51:46Z,uwv4rzTGnsI,"""It's already given"" — Zeno of Citium | Stoicism",437,6,2,https://youtube.com/shorts/uwv4rzTGnsI
2026-08-08,2026-08-04T00:21:28Z,Soqjc5yHmUo,"""Hold your own line"" — Marcus Aurelius | Stoicism",303,5,2,https://youtube.com/shorts/Soqjc5yHmUo
2026-08-08,2026-08-08T08:08:10Z,jpkuxMdr2CM,"""Still shaking a little"" — Epictetus | Stoicism",0,0,2,https://youtube.com/shorts/jpkuxMdr2CM
2026-08-08,2026-08-08T04:19:17Z,S7ekx1F0avE,"""Rule 12: Train what you can hold"" — Musonius Rufus | Stoicism",67,1,2,https://youtube.com/shorts/S7ekx1F0avE
2026-08-08,2026-08-07T19:09:44Z,5UbOicTNAn0,"""Rome's most powerful mind bowed to no one"" — Seneca | Stoicism",55,0,2,https://youtube.com/shorts/5UbOicTNAn0
2026-08-08,2026-08-07T05:00:53Z,J60qfqLTQdU,"""Nothing left to prove"" — Zeno of Citium | Stoicism",27,0,2,https://youtube.com/shorts/J60qfqLTQdU
2026-08-08,2026-08-07T02:15:11Z,t9uf2y6z2v4,"""The tools are already yours"" — Marcus Aurelius | Stoicism",55,1,2,https://youtube.com/shorts/t9uf2y6z2v4
2026-08-08,2026-08-07T01:52:24Z,BYsOd1MrUuc,"""If the day handed you the wrong role—"" — Epictetus | Stoicism",25,1,2,https://youtube.com/shorts/BYsOd1MrUuc
2026-08-08,2026-08-07T00:45:28Z,pFwsEOPUAf4,"""If doing right cost you today—"" — Epictetus | Stoicism",79,2,2,https://youtube.com/shorts/pFwsEOPUAf4
2026-08-08,2026-08-06T09:56:45Z,FZFK5J219UM,"""Rule 7: Choose who you build with"" — Musonius Rufus | Stoicism",120,6,2,https://youtube.com/shorts/FZFK5J219UM
2026-08-08,2026-08-06T05:51:29Z,LBuY6oAgdTc,"""Nero handed him a death sentence"" — Seneca | Stoicism",24,0,2,https://youtube.com/shorts/LBuY6oAgdTc
2026-08-08,2026-08-06T00:10:14Z,Ee2V0qV1Lbk,"""Nothing lands"" — Zeno of Citium | Stoicism",100,4,2,https://youtube.com/shorts/Ee2V0qV1Lbk
2026-08-08,2026-08-05T12:36:59Z,XKx6CkWoP-M,"""You already have enough"" — Marcus Aurelius | Stoicism",59,1,2,https://youtube.com/shorts/XKx6CkWoP-M
2026-08-08,2026-08-05T09:54:31Z,UEUm4P6PWBE,"""If you snapped again tonight—"" — Epictetus | Stoicism",17,0,2,https://youtube.com/shorts/UEUm4P6PWBE
2026-08-08,2026-08-05T00:15:52Z,Pt6KqatWetg,"""Rule 7: Practice hardship on purpose"" — Musonius Rufus | Stoicism",76,2,2,https://youtube.com/shorts/Pt6KqatWetg
2026-08-08,2026-08-04T09:57:09Z,_5w1THAHfuU,"""Nero's tutor watched his student turn"" — Seneca | Stoicism",184,1,2,https://youtube.com/shorts/_5w1THAHfuU
2026-08-08,2026-08-04T05:51:46Z,uwv4rzTGnsI,"""It's already given"" — Zeno of Citium | Stoicism",437,6,2,https://youtube.com/shorts/uwv4rzTGnsI
2026-08-08,2026-08-08T11:29:08Z,l-WrB3A_qXc,"""Chase less tonight"" — Marcus Aurelius | Stoicism",0,0,2,https://youtube.com/shorts/l-WrB3A_qXc
2026-08-08,2026-08-08T08:08:10Z,jpkuxMdr2CM,"""Still shaking a little"" — Epictetus | Stoicism",23,0,2,https://youtube.com/shorts/jpkuxMdr2CM
2026-08-08,2026-08-08T04:19:17Z,S7ekx1F0avE,"""Rule 12: Train what you can hold"" — Musonius Rufus | Stoicism",84,0,2,https://youtube.com/shorts/S7ekx1F0avE
2026-08-08,2026-08-07T19:09:44Z,5UbOicTNAn0,"""Rome's most powerful mind bowed to no one"" — Seneca | Stoicism",56,0,2,https://youtube.com/shorts/5UbOicTNAn0
2026-08-08,2026-08-07T05:00:53Z,J60qfqLTQdU,"""Nothing left to prove"" — Zeno of Citium | Stoicism",27,0,2,https://youtube.com/shorts/J60qfqLTQdU
2026-08-08,2026-08-07T02:15:11Z,t9uf2y6z2v4,"""The tools are already yours"" — Marcus Aurelius | Stoicism",55,1,2,https://youtube.com/shorts/t9uf2y6z2v4
2026-08-08,2026-08-07T01:52:24Z,BYsOd1MrUuc,"""If the day handed you the wrong role—"" — Epictetus | Stoicism",25,1,2,https://youtube.com/shorts/BYsOd1MrUuc
2026-08-08,2026-08-07T00:45:28Z,pFwsEOPUAf4,"""If doing right cost you today—"" — Epictetus | Stoicism",79,2,2,https://youtube.com/shorts/pFwsEOPUAf4
2026-08-08,2026-08-06T09:56:45Z,FZFK5J219UM,"""Rule 7: Choose who you build with"" — Musonius Rufus | Stoicism",120,6,2,https://youtube.com/shorts/FZFK5J219UM
2026-08-08,2026-08-06T05:51:29Z,LBuY6oAgdTc,"""Nero handed him a death sentence"" — Seneca | Stoicism",24,0,2,https://youtube.com/shorts/LBuY6oAgdTc
2026-08-08,2026-08-06T00:10:14Z,Ee2V0qV1Lbk,"""Nothing lands"" — Zeno of Citium | Stoicism",100,4,2,https://youtube.com/shorts/Ee2V0qV1Lbk
2026-08-08,2026-08-05T12:36:59Z,XKx6CkWoP-M,"""You already have enough"" — Marcus Aurelius | Stoicism",59,1,2,https://youtube.com/shorts/XKx6CkWoP-M
2026-08-08,2026-08-05T09:54:31Z,UEUm4P6PWBE,"""If you snapped again tonight—"" — Epictetus | Stoicism",17,0,2,https://youtube.com/shorts/UEUm4P6PWBE
2026-08-08,2026-08-05T00:15:52Z,Pt6KqatWetg,"""Rule 7: Practice hardship on purpose"" — Musonius Rufus | Stoicism",76,2,2,https://youtube.com/shorts/Pt6KqatWetg
2026-08-08,2026-08-04T09:57:09Z,_5w1THAHfuU,"""Nero's tutor watched his student turn"" — Seneca | Stoicism",184,1,2,https://youtube.com/shorts/_5w1THAHfuU
2026-08-08,2026-08-08T11:29:08Z,l-WrB3A_qXc,"""Chase less tonight"" — Marcus Aurelius | Stoicism",132,1,3,https://youtube.com/shorts/l-WrB3A_qXc
2026-08-08,2026-08-08T08:08:10Z,jpkuxMdr2CM,"""Still shaking a little"" — Epictetus | Stoicism",49,0,2,https://youtube.com/shorts/jpkuxMdr2CM
2026-08-08,2026-08-08T04:19:17Z,S7ekx1F0avE,"""Rule 12: Train what you can hold"" — Musonius Rufus | Stoicism",84,0,2,https://youtube.com/shorts/S7ekx1F0avE
2026-08-08,2026-08-07T19:09:44Z,5UbOicTNAn0,"""Rome's most powerful mind bowed to no one"" — Seneca | Stoicism",57,0,2,https://youtube.com/shorts/5UbOicTNAn0
2026-08-08,2026-08-07T05:00:53Z,J60qfqLTQdU,"""Nothing left to prove"" — Zeno of Citium | Stoicism",27,0,2,https://youtube.com/shorts/J60qfqLTQdU
2026-08-08,2026-08-07T02:15:11Z,t9uf2y6z2v4,"""The tools are already yours"" — Marcus Aurelius | Stoicism",55,1,2,https://youtube.com/shorts/t9uf2y6z2v4
2026-08-08,2026-08-07T01:52:24Z,BYsOd1MrUuc,"""If the day handed you the wrong role—"" — Epictetus | Stoicism",25,1,2,https://youtube.com/shorts/BYsOd1MrUuc
2026-08-08,2026-08-07T00:45:28Z,pFwsEOPUAf4,"""If doing right cost you today—"" — Epictetus | Stoicism",79,2,2,https://youtube.com/shorts/pFwsEOPUAf4
2026-08-08,2026-08-06T09:56:45Z,FZFK5J219UM,"""Rule 7: Choose who you build with"" — Musonius Rufus | Stoicism",120,6,2,https://youtube.com/shorts/FZFK5J219UM
2026-08-08,2026-08-06T05:51:29Z,LBuY6oAgdTc,"""Nero handed him a death sentence"" — Seneca | Stoicism",24,0,2,https://youtube.com/shorts/LBuY6oAgdTc
2026-08-08,2026-08-06T00:10:14Z,Ee2V0qV1Lbk,"""Nothing lands"" — Zeno of Citium | Stoicism",100,4,2,https://youtube.com/shorts/Ee2V0qV1Lbk
2026-08-08,2026-08-05T12:36:59Z,XKx6CkWoP-M,"""You already have enough"" — Marcus Aurelius | Stoicism",59,1,2,https://youtube.com/shorts/XKx6CkWoP-M
2026-08-08,2026-08-05T09:54:31Z,UEUm4P6PWBE,"""If you snapped again tonight—"" — Epictetus | Stoicism",17,0,2,https://youtube.com/shorts/UEUm4P6PWBE
2026-08-08,2026-08-05T00:15:52Z,Pt6KqatWetg,"""Rule 7: Practice hardship on purpose"" — Musonius Rufus | Stoicism",76,2,2,https://youtube.com/shorts/Pt6KqatWetg
2026-08-08,2026-08-04T09:57:09Z,_5w1THAHfuU,"""Nero's tutor watched his student turn"" — Seneca | Stoicism",184,1,2,https://youtube.com/shorts/_5w1THAHfuU
2026-08-08,2026-08-08T16:31:36Z,7E1R1quwj9Q,"""Bend, don't break"" — Zeno of Citium | Stoicism",0,0,2,https://youtube.com/shorts/7E1R1quwj9Q
2026-08-08,2026-08-08T11:29:08Z,l-WrB3A_qXc,"""Chase less tonight"" — Marcus Aurelius | Stoicism",130,1,3,https://youtube.com/shorts/l-WrB3A_qXc
2026-08-08,2026-08-08T08:08:10Z,jpkuxMdr2CM,"""Still shaking a little"" — Epictetus | Stoicism",56,0,2,https://youtube.com/shorts/jpkuxMdr2CM
2026-08-08,2026-08-08T04:19:17Z,S7ekx1F0avE,"""Rule 12: Train what you can hold"" — Musonius Rufus | Stoicism",84,0,2,https://youtube.com/shorts/S7ekx1F0avE
2026-08-08,2026-08-07T19:09:44Z,5UbOicTNAn0,"""Rome's most powerful mind bowed to no one"" — Seneca | Stoicism",57,0,2,https://youtube.com/shorts/5UbOicTNAn0
2026-08-08,2026-08-07T05:00:53Z,J60qfqLTQdU,"""Nothing left to prove"" — Zeno of Citium | Stoicism",27,0,2,https://youtube.com/shorts/J60qfqLTQdU
2026-08-08,2026-08-07T02:15:11Z,t9uf2y6z2v4,"""The tools are already yours"" — Marcus Aurelius | Stoicism",55,1,2,https://youtube.com/shorts/t9uf2y6z2v4
2026-08-08,2026-08-07T01:52:24Z,BYsOd1MrUuc,"""If the day handed you the wrong role—"" — Epictetus | Stoicism",25,1,2,https://youtube.com/shorts/BYsOd1MrUuc
2026-08-08,2026-08-07T00:45:28Z,pFwsEOPUAf4,"""If doing right cost you today—"" — Epictetus | Stoicism",79,2,2,https://youtube.com/shorts/pFwsEOPUAf4
2026-08-08,2026-08-06T09:56:45Z,FZFK5J219UM,"""Rule 7: Choose who you build with"" — Musonius Rufus | Stoicism",120,6,2,https://youtube.com/shorts/FZFK5J219UM
2026-08-08,2026-08-06T05:51:29Z,LBuY6oAgdTc,"""Nero handed him a death sentence"" — Seneca | Stoicism",24,0,2,https://youtube.com/shorts/LBuY6oAgdTc
2026-08-08,2026-08-06T00:10:14Z,Ee2V0qV1Lbk,"""Nothing lands"" — Zeno of Citium | Stoicism",100,4,2,https://youtube.com/shorts/Ee2V0qV1Lbk
2026-08-08,2026-08-05T12:36:59Z,XKx6CkWoP-M,"""You already have enough"" — Marcus Aurelius | Stoicism",59,1,2,https://youtube.com/shorts/XKx6CkWoP-M
2026-08-08,2026-08-05T09:54:31Z,UEUm4P6PWBE,"""If you snapped again tonight—"" — Epictetus | Stoicism",18,0,2,https://youtube.com/shorts/UEUm4P6PWBE
2026-08-08,2026-08-05T00:15:52Z,Pt6KqatWetg,"""Rule 7: Practice hardship on purpose"" — Musonius Rufus | Stoicism",76,2,2,https://youtube.com/shorts/Pt6KqatWetg
2026-08-08,2026-08-08T16:31:36Z,7E1R1quwj9Q,"""Bend, don't break"" — Zeno of Citium | Stoicism",88,0,2,https://youtube.com/shorts/7E1R1quwj9Q
2026-08-08,2026-08-08T11:29:08Z,l-WrB3A_qXc,"""Chase less tonight"" — Marcus Aurelius | Stoicism",161,1,3,https://youtube.com/shorts/l-WrB3A_qXc
2026-08-08,2026-08-08T08:08:10Z,jpkuxMdr2CM,"""Still shaking a little"" — Epictetus | Stoicism",57,0,2,https://youtube.com/shorts/jpkuxMdr2CM
2026-08-08,2026-08-08T04:19:17Z,S7ekx1F0avE,"""Rule 12: Train what you can hold"" — Musonius Rufus | Stoicism",89,0,2,https://youtube.com/shorts/S7ekx1F0avE
2026-08-08,2026-08-07T19:09:44Z,5UbOicTNAn0,"""Rome's most powerful mind bowed to no one"" — Seneca | Stoicism",53,0,2,https://youtube.com/shorts/5UbOicTNAn0
2026-08-08,2026-08-07T05:00:53Z,J60qfqLTQdU,"""Nothing left to prove"" — Zeno of Citium | Stoicism",27,0,2,https://youtube.com/shorts/J60qfqLTQdU
2026-08-08,2026-08-07T02:15:11Z,t9uf2y6z2v4,"""The tools are already yours"" — Marcus Aurelius | Stoicism",56,1,2,https://youtube.com/shorts/t9uf2y6z2v4
2026-08-08,2026-08-07T01:52:24Z,BYsOd1MrUuc,"""If the day handed you the wrong role—"" — Epictetus | Stoicism",26,1,2,https://youtube.com/shorts/BYsOd1MrUuc
2026-08-08,2026-08-07T00:45:28Z,pFwsEOPUAf4,"""If doing right cost you today—"" — Epictetus | Stoicism",79,2,2,https://youtube.com/shorts/pFwsEOPUAf4
2026-08-08,2026-08-06T09:56:45Z,FZFK5J219UM,"""Rule 7: Choose who you build with"" — Musonius Rufus | Stoicism",121,6,2,https://youtube.com/shorts/FZFK5J219UM
2026-08-08,2026-08-06T05:51:29Z,LBuY6oAgdTc,"""Nero handed him a death sentence"" — Seneca | Stoicism",24,0,2,https://youtube.com/shorts/LBuY6oAgdTc
2026-08-08,2026-08-06T00:10:14Z,Ee2V0qV1Lbk,"""Nothing lands"" — Zeno of Citium | Stoicism",101,4,2,https://youtube.com/shorts/Ee2V0qV1Lbk
2026-08-08,2026-08-05T12:36:59Z,XKx6CkWoP-M,"""You already have enough"" — Marcus Aurelius | Stoicism",59,1,2,https://youtube.com/shorts/XKx6CkWoP-M
2026-08-08,2026-08-05T09:54:31Z,UEUm4P6PWBE,"""If you snapped again tonight—"" — Epictetus | Stoicism",18,0,2,https://youtube.com/shorts/UEUm4P6PWBE
2026-08-08,2026-08-05T00:15:52Z,Pt6KqatWetg,"""Rule 7: Practice hardship on purpose"" — Musonius Rufus | Stoicism",78,2,2,https://youtube.com/shorts/Pt6KqatWetg
2026-08-08,2026-08-08T16:31:36Z,7E1R1quwj9Q,"""Bend, don't break"" — Zeno of Citium | Stoicism",92,0,2,https://youtube.com/shorts/7E1R1quwj9Q
2026-08-08,2026-08-08T11:29:08Z,l-WrB3A_qXc,"""Chase less tonight"" — Marcus Aurelius | Stoicism",154,1,3,https://youtube.com/shorts/l-WrB3A_qXc
2026-08-08,2026-08-08T08:08:10Z,jpkuxMdr2CM,"""Still shaking a little"" — Epictetus | Stoicism",58,0,2,https://youtube.com/shorts/jpkuxMdr2CM
2026-08-08,2026-08-08T04:19:17Z,S7ekx1F0avE,"""Rule 12: Train what you can hold"" — Musonius Rufus | Stoicism",89,0,2,https://youtube.com/shorts/S7ekx1F0avE
2026-08-08,2026-08-07T19:09:44Z,5UbOicTNAn0,"""Rome's most powerful mind bowed to no one"" — Seneca | Stoicism",53,0,2,https://youtube.com/shorts/5UbOicTNAn0
2026-08-08,2026-08-07T05:00:53Z,J60qfqLTQdU,"""Nothing left to prove"" — Zeno of Citium | Stoicism",27,0,2,https://youtube.com/shorts/J60qfqLTQdU
2026-08-08,2026-08-07T02:15:11Z,t9uf2y6z2v4,"""The tools are already yours"" — Marcus Aurelius | Stoicism",56,1,2,https://youtube.com/shorts/t9uf2y6z2v4
2026-08-08,2026-08-07T01:52:24Z,BYsOd1MrUuc,"""If the day handed you the wrong role—"" — Epictetus | Stoicism",26,1,2,https://youtube.com/shorts/BYsOd1MrUuc
2026-08-08,2026-08-07T00:45:28Z,pFwsEOPUAf4,"""If doing right cost you today—"" — Epictetus | Stoicism",79,2,2,https://youtube.com/shorts/pFwsEOPUAf4
2026-08-08,2026-08-06T09:56:45Z,FZFK5J219UM,"""Rule 7: Choose who you build with"" — Musonius Rufus | Stoicism",120,6,2,https://youtube.com/shorts/FZFK5J219UM
2026-08-08,2026-08-06T05:51:29Z,LBuY6oAgdTc,"""Nero handed him a death sentence"" — Seneca | Stoicism",24,0,2,https://youtube.com/shorts/LBuY6oAgdTc
2026-08-08,2026-08-06T00:10:14Z,Ee2V0qV1Lbk,"""Nothing lands"" — Zeno of Citium | Stoicism",100,4,2,https://youtube.com/shorts/Ee2V0qV1Lbk
2026-08-08,2026-08-05T12:36:59Z,XKx6CkWoP-M,"""You already have enough"" — Marcus Aurelius | Stoicism",59,1,2,https://youtube.com/shorts/XKx6CkWoP-M
2026-08-08,2026-08-05T09:54:31Z,UEUm4P6PWBE,"""If you snapped again tonight—"" — Epictetus | Stoicism",18,0,2,https://youtube.com/shorts/UEUm4P6PWBE
2026-08-08,2026-08-05T00:15:52Z,Pt6KqatWetg,"""Rule 7: Practice hardship on purpose"" — Musonius Rufus | Stoicism",78,2,2,https://youtube.com/shorts/Pt6KqatWetg
2026-08-08,2026-08-08T16:31:36Z,7E1R1quwj9Q,"""Bend, don't break"" — Zeno of Citium | Stoicism",168,1,2,https://youtube.com/shorts/7E1R1quwj9Q
2026-08-08,2026-08-07T05:00:53Z,J60qfqLTQdU,"""Nothing left to prove"" — Zeno of Citium | Stoicism",27,1,2,https://youtube.com/shorts/J60qfqLTQdU
2026-08-08,2026-08-07T02:15:11Z,t9uf2y6z2v4,"""The tools are already yours"" — Marcus Aurelius | Stoicism",56,1,2,https://youtube.com/shorts/t9uf2y6z2v4
2026-08-08,2026-08-07T01:52:24Z,BYsOd1MrUuc,"""If the day handed you the wrong role—"" — Epictetus | Stoicism",27,1,2,https://youtube.com/shorts/BYsOd1MrUuc
2026-08-08,2026-08-07T00:45:28Z,pFwsEOPUAf4,"""If doing right cost you today—"" — Epictetus | Stoicism",79,2,2,https://youtube.com/shorts/pFwsEOPUAf4
2026-08-08,2026-08-06T09:56:45Z,FZFK5J219UM,"""Rule 7: Choose who you build with"" — Musonius Rufus | Stoicism",121,6,2,https://youtube.com/shorts/FZFK5J219UM
2026-08-08,2026-08-06T05:51:29Z,LBuY6oAgdTc,"""Nero handed him a death sentence"" — Seneca | Stoicism",24,0,2,https://youtube.com/shorts/LBuY6oAgdTc
2026-08-08,2026-08-06T00:10:14Z,Ee2V0qV1Lbk,"""Nothing lands"" — Zeno of Citium | Stoicism",101,4,2,https://youtube.com/shorts/Ee2V0qV1Lbk
2026-08-08,2026-08-05T12:36:59Z,XKx6CkWoP-M,"""You already have enough"" — Marcus Aurelius | Stoicism",59,1,2,https://youtube.com/shorts/XKx6CkWoP-M
2026-08-08,2026-08-05T09:54:31Z,UEUm4P6PWBE,"""If you snapped again tonight—"" — Epictetus | Stoicism",18,0,2,https://youtube.com/shorts/UEUm4P6PWBE
2026-08-08,2026-08-05T00:15:52Z,Pt6KqatWetg,"""Rule 7: Practice hardship on purpose"" — Musonius Rufus | Stoicism",78,2,2,https://youtube.com/shorts/Pt6KqatWetg
2026-08-08,2026-08-04T09:57:09Z,_5w1THAHfuU,"""Nero's tutor watched his student turn"" — Seneca | Stoicism",184,1,2,https://youtube.com/shorts/_5w1THAHfuU
2026-08-08,2026-08-04T05:51:46Z,uwv4rzTGnsI,"""It's already given"" — Zeno of Citium | Stoicism",437,6,2,https://youtube.com/shorts/uwv4rzTGnsI
2026-08-08,2026-08-04T00:21:28Z,Soqjc5yHmUo,"""Hold your own line"" — Marcus Aurelius | Stoicism",337,5,2,https://youtube.com/shorts/Soqjc5yHmUo
2026-08-08,2026-08-03T11:00:53Z,E4W1O_-CD8s,"""If no one saw today—"" — Epictetus | Stoicism",8,0,2,https://youtube.com/shorts/E4W1O_-CD8s
2026-08-09,2026-08-09T04:21:59Z,lvLtxkeFLEM,"""One order from Nero changed his whole life"" — Seneca | Stoicism",0,0,2,https://youtube.com/shorts/lvLtxkeFLEM
2026-08-09,2026-08-08T16:31:36Z,7E1R1quwj9Q,"""Bend, don't break"" — Zeno of Citium | Stoicism",203,2,2,https://youtube.com/shorts/7E1R1quwj9Q
2026-08-09,2026-08-07T05:00:53Z,J60qfqLTQdU,"""Nothing left to prove"" — Zeno of Citium | Stoicism",31,1,2,https://youtube.com/shorts/J60qfqLTQdU
2026-08-09,2026-08-07T02:15:11Z,t9uf2y6z2v4,"""The tools are already yours"" — Marcus Aurelius | Stoicism",59,2,2,https://youtube.com/shorts/t9uf2y6z2v4
2026-08-09,2026-08-07T01:52:24Z,BYsOd1MrUuc,"""If the day handed you the wrong role—"" — Epictetus | Stoicism",27,1,2,https://youtube.com/shorts/BYsOd1MrUuc
2026-08-09,2026-08-07T00:45:28Z,pFwsEOPUAf4,"""If doing right cost you today—"" — Epictetus | Stoicism",79,2,2,https://youtube.com/shorts/pFwsEOPUAf4
2026-08-09,2026-08-06T09:56:45Z,FZFK5J219UM,"""Rule 7: Choose who you build with"" — Musonius Rufus | Stoicism",121,6,2,https://youtube.com/shorts/FZFK5J219UM
2026-08-09,2026-08-06T05:51:29Z,LBuY6oAgdTc,"""Nero handed him a death sentence"" — Seneca | Stoicism",24,0,2,https://youtube.com/shorts/LBuY6oAgdTc
2026-08-09,2026-08-06T00:10:14Z,Ee2V0qV1Lbk,"""Nothing lands"" — Zeno of Citium | Stoicism",101,4,2,https://youtube.com/shorts/Ee2V0qV1Lbk
2026-08-09,2026-08-05T12:36:59Z,XKx6CkWoP-M,"""You already have enough"" — Marcus Aurelius | Stoicism",59,1,2,https://youtube.com/shorts/XKx6CkWoP-M
2026-08-09,2026-08-05T09:54:31Z,UEUm4P6PWBE,"""If you snapped again tonight—"" — Epictetus | Stoicism",18,0,2,https://youtube.com/shorts/UEUm4P6PWBE
2026-08-09,2026-08-05T00:15:52Z,Pt6KqatWetg,"""Rule 7: Practice hardship on purpose"" — Musonius Rufus | Stoicism",78,2,2,https://youtube.com/shorts/Pt6KqatWetg
2026-08-09,2026-08-04T09:57:09Z,_5w1THAHfuU,"""Nero's tutor watched his student turn"" — Seneca | Stoicism",184,1,2,https://youtube.com/shorts/_5w1THAHfuU
2026-08-09,2026-08-04T05:51:46Z,uwv4rzTGnsI,"""It's already given"" — Zeno of Citium | Stoicism",437,6,2,https://youtube.com/shorts/uwv4rzTGnsI
2026-08-09,2026-08-04T00:21:28Z,Soqjc5yHmUo,"""Hold your own line"" — Marcus Aurelius | Stoicism",337,5,2,https://youtube.com/shorts/Soqjc5yHmUo
2026-08-09,2026-08-09T04:22:29Z,lvLtxkeFLEM,"""One order from Nero changed his whole life"" — Seneca | Stoicism",293,11,2,https://youtube.com/shorts/lvLtxkeFLEM
2026-08-09,2026-08-08T16:31:36Z,7E1R1quwj9Q,"""Bend, don't break"" — Zeno of Citium | Stoicism",205,2,2,https://youtube.com/shorts/7E1R1quwj9Q
2026-08-09,2026-08-07T05:00:53Z,J60qfqLTQdU,"""Nothing left to prove"" — Zeno of Citium | Stoicism",32,1,2,https://youtube.com/shorts/J60qfqLTQdU
2026-08-09,2026-08-07T02:15:11Z,t9uf2y6z2v4,"""The tools are already yours"" — Marcus Aurelius | Stoicism",59,2,2,https://youtube.com/shorts/t9uf2y6z2v4
2026-08-09,2026-08-07T01:52:24Z,BYsOd1MrUuc,"""If the day handed you the wrong role—"" — Epictetus | Stoicism",27,1,2,https://youtube.com/shorts/BYsOd1MrUuc
2026-08-09,2026-08-07T00:45:28Z,pFwsEOPUAf4,"""If doing right cost you today—"" — Epictetus | Stoicism",79,2,2,https://youtube.com/shorts/pFwsEOPUAf4
2026-08-09,2026-08-06T09:56:45Z,FZFK5J219UM,"""Rule 7: Choose who you build with"" — Musonius Rufus | Stoicism",121,6,2,https://youtube.com/shorts/FZFK5J219UM
2026-08-09,2026-08-06T05:51:29Z,LBuY6oAgdTc,"""Nero handed him a death sentence"" — Seneca | Stoicism",24,0,2,https://youtube.com/shorts/LBuY6oAgdTc
2026-08-09,2026-08-06T00:10:14Z,Ee2V0qV1Lbk,"""Nothing lands"" — Zeno of Citium | Stoicism",101,4,2,https://youtube.com/shorts/Ee2V0qV1Lbk
2026-08-09,2026-08-05T12:36:59Z,XKx6CkWoP-M,"""You already have enough"" — Marcus Aurelius | Stoicism",59,1,2,https://youtube.com/shorts/XKx6CkWoP-M
2026-08-09,2026-08-05T09:54:31Z,UEUm4P6PWBE,"""If you snapped again tonight—"" — Epictetus | Stoicism",18,0,2,https://youtube.com/shorts/UEUm4P6PWBE
2026-08-09,2026-08-05T00:15:52Z,Pt6KqatWetg,"""Rule 7: Practice hardship on purpose"" — Musonius Rufus | Stoicism",78,2,2,https://youtube.com/shorts/Pt6KqatWetg
2026-08-09,2026-08-04T09:57:09Z,_5w1THAHfuU,"""Nero's tutor watched his student turn"" — Seneca | Stoicism",184,1,2,https://youtube.com/shorts/_5w1THAHfuU
2026-08-09,2026-08-04T05:51:46Z,uwv4rzTGnsI,"""It's already given"" — Zeno of Citium | Stoicism",436,6,2,https://youtube.com/shorts/uwv4rzTGnsI
2026-08-09,2026-08-04T00:21:28Z,Soqjc5yHmUo,"""Hold your own line"" — Marcus Aurelius | Stoicism",337,5,2,https://youtube.com/shorts/Soqjc5yHmUo
2026-08-09,2026-08-09T11:27:39Z,4DLKY3xg7DU,"""Nobody thanked you today—"" — Epictetus | Stoicism",0,0,2,https://youtube.com/shorts/4DLKY3xg7DU
2026-08-09,2026-08-09T08:06:10Z,3JOBY99exNk,"""Rule 3: Give before you're asked"" — Musonius Rufus | Stoicism",175,8,2,https://youtube.com/shorts/3JOBY99exNk
2026-08-09,2026-08-09T04:22:29Z,lvLtxkeFLEM,"""One order from Nero changed his whole life"" — Seneca | Stoicism",449,13,2,https://youtube.com/shorts/lvLtxkeFLEM
2026-08-09,2026-08-08T16:31:36Z,7E1R1quwj9Q,"""Bend, don't break"" — Zeno of Citium | Stoicism",208,4,2,https://youtube.com/shorts/7E1R1quwj9Q
2026-08-09,2026-08-07T05:00:53Z,J60qfqLTQdU,"""Nothing left to prove"" — Zeno of Citium | Stoicism",33,1,2,https://youtube.com/shorts/J60qfqLTQdU
2026-08-09,2026-08-07T02:15:11Z,t9uf2y6z2v4,"""The tools are already yours"" — Marcus Aurelius | Stoicism",59,2,2,https://youtube.com/shorts/t9uf2y6z2v4
2026-08-09,2026-08-07T01:52:24Z,BYsOd1MrUuc,"""If the day handed you the wrong role—"" — Epictetus | Stoicism",27,2,2,https://youtube.com/shorts/BYsOd1MrUuc
2026-08-09,2026-08-07T00:45:28Z,pFwsEOPUAf4,"""If doing right cost you today—"" — Epictetus | Stoicism",79,3,2,https://youtube.com/shorts/pFwsEOPUAf4
2026-08-09,2026-08-06T09:56:45Z,FZFK5J219UM,"""Rule 7: Choose who you build with"" — Musonius Rufus | Stoicism",121,6,2,https://youtube.com/shorts/FZFK5J219UM
2026-08-09,2026-08-06T05:51:29Z,LBuY6oAgdTc,"""Nero handed him a death sentence"" — Seneca | Stoicism",24,0,2,https://youtube.com/shorts/LBuY6oAgdTc
2026-08-09,2026-08-06T00:10:14Z,Ee2V0qV1Lbk,"""Nothing lands"" — Zeno of Citium | Stoicism",101,4,2,https://youtube.com/shorts/Ee2V0qV1Lbk
2026-08-09,2026-08-05T12:36:59Z,XKx6CkWoP-M,"""You already have enough"" — Marcus Aurelius | Stoicism",59,1,2,https://youtube.com/shorts/XKx6CkWoP-M
2026-08-09,2026-08-05T09:54:31Z,UEUm4P6PWBE,"""If you snapped again tonight—"" — Epictetus | Stoicism",18,0,2,https://youtube.com/shorts/UEUm4P6PWBE
2026-08-09,2026-08-05T00:15:52Z,Pt6KqatWetg,"""Rule 7: Practice hardship on purpose"" — Musonius Rufus | Stoicism",76,2,2,https://youtube.com/shorts/Pt6KqatWetg
2026-08-09,2026-08-04T09:57:09Z,_5w1THAHfuU,"""Nero's tutor watched his student turn"" — Seneca | Stoicism",184,1,2,https://youtube.com/shorts/_5w1THAHfuU
2026-08-09,2026-08-09T11:27:39Z,4DLKY3xg7DU,"""Nobody thanked you today—"" — Epictetus | Stoicism",143,3,2,https://youtube.com/shorts/4DLKY3xg7DU
2026-08-09,2026-08-09T08:06:10Z,3JOBY99exNk,"""Rule 3: Give before you're asked"" — Musonius Rufus | Stoicism",274,10,2,https://youtube.com/shorts/3JOBY99exNk
2026-08-09,2026-08-09T04:22:29Z,lvLtxkeFLEM,"""One order from Nero changed his whole life"" — Seneca | Stoicism",485,13,2,https://youtube.com/shorts/lvLtxkeFLEM
2026-08-09,2026-08-08T16:31:36Z,7E1R1quwj9Q,"""Bend, don't break"" — Zeno of Citium | Stoicism",208,4,2,https://youtube.com/shorts/7E1R1quwj9Q
2026-08-09,2026-08-07T05:00:53Z,J60qfqLTQdU,"""Nothing left to prove"" — Zeno of Citium | Stoicism",36,1,2,https://youtube.com/shorts/J60qfqLTQdU
2026-08-09,2026-08-07T02:15:11Z,t9uf2y6z2v4,"""The tools are already yours"" — Marcus Aurelius | Stoicism",61,2,2,https://youtube.com/shorts/t9uf2y6z2v4
2026-08-09,2026-08-07T01:52:24Z,BYsOd1MrUuc,"""If the day handed you the wrong role—"" — Epictetus | Stoicism",28,2,2,https://youtube.com/shorts/BYsOd1MrUuc
2026-08-09,2026-08-07T00:45:28Z,pFwsEOPUAf4,"""If doing right cost you today—"" — Epictetus | Stoicism",81,3,2,https://youtube.com/shorts/pFwsEOPUAf4
2026-08-09,2026-08-06T09:56:45Z,FZFK5J219UM,"""Rule 7: Choose who you build with"" — Musonius Rufus | Stoicism",124,6,2,https://youtube.com/shorts/FZFK5J219UM
2026-08-09,2026-08-06T05:51:29Z,LBuY6oAgdTc,"""Nero handed him a death sentence"" — Seneca | Stoicism",25,0,2,https://youtube.com/shorts/LBuY6oAgdTc
2026-08-09,2026-08-06T00:10:14Z,Ee2V0qV1Lbk,"""Nothing lands"" — Zeno of Citium | Stoicism",103,4,2,https://youtube.com/shorts/Ee2V0qV1Lbk
2026-08-09,2026-08-05T12:36:59Z,XKx6CkWoP-M,"""You already have enough"" — Marcus Aurelius | Stoicism",62,1,2,https://youtube.com/shorts/XKx6CkWoP-M
2026-08-09,2026-08-05T09:54:31Z,UEUm4P6PWBE,"""If you snapped again tonight—"" — Epictetus | Stoicism",18,0,2,https://youtube.com/shorts/UEUm4P6PWBE
2026-08-09,2026-08-05T00:15:52Z,Pt6KqatWetg,"""Rule 7: Practice hardship on purpose"" — Musonius Rufus | Stoicism",79,3,2,https://youtube.com/shorts/Pt6KqatWetg
2026-08-09,2026-08-04T09:57:09Z,_5w1THAHfuU,"""Nero's tutor watched his student turn"" — Seneca | Stoicism",185,1,2,https://youtube.com/shorts/_5w1THAHfuU
2026-08-09,2026-08-09T11:27:39Z,4DLKY3xg7DU,"""Nobody thanked you today—"" — Epictetus | Stoicism",165,3,2,https://youtube.com/shorts/4DLKY3xg7DU
2026-08-09,2026-08-09T08:06:10Z,3JOBY99exNk,"""Rule 3: Give before you're asked"" — Musonius Rufus | Stoicism",312,10,2,https://youtube.com/shorts/3JOBY99exNk
2026-08-09,2026-08-09T04:22:29Z,lvLtxkeFLEM,"""One order from Nero changed his whole life"" — Seneca | Stoicism",483,13,2,https://youtube.com/shorts/lvLtxkeFLEM
2026-08-09,2026-08-08T16:31:36Z,7E1R1quwj9Q,"""Bend, don't break"" — Zeno of Citium | Stoicism",210,4,2,https://youtube.com/shorts/7E1R1quwj9Q
2026-08-09,2026-08-07T05:00:53Z,J60qfqLTQdU,"""Nothing left to prove"" — Zeno of Citium | Stoicism",36,1,2,https://youtube.com/shorts/J60qfqLTQdU
2026-08-09,2026-08-07T02:15:11Z,t9uf2y6z2v4,"""The tools are already yours"" — Marcus Aurelius | Stoicism",61,2,2,https://youtube.com/shorts/t9uf2y6z2v4
2026-08-09,2026-08-07T01:52:24Z,BYsOd1MrUuc,"""If the day handed you the wrong role—"" — Epictetus | Stoicism",28,2,2,https://youtube.com/shorts/BYsOd1MrUuc
2026-08-09,2026-08-07T00:45:28Z,pFwsEOPUAf4,"""If doing right cost you today—"" — Epictetus | Stoicism",81,3,2,https://youtube.com/shorts/pFwsEOPUAf4
2026-08-09,2026-08-06T09:56:45Z,FZFK5J219UM,"""Rule 7: Choose who you build with"" — Musonius Rufus | Stoicism",124,6,2,https://youtube.com/shorts/FZFK5J219UM
2026-08-09,2026-08-06T05:51:29Z,LBuY6oAgdTc,"""Nero handed him a death sentence"" — Seneca | Stoicism",25,0,2,https://youtube.com/shorts/LBuY6oAgdTc
2026-08-09,2026-08-06T00:10:14Z,Ee2V0qV1Lbk,"""Nothing lands"" — Zeno of Citium | Stoicism",103,4,2,https://youtube.com/shorts/Ee2V0qV1Lbk
2026-08-09,2026-08-05T12:36:59Z,XKx6CkWoP-M,"""You already have enough"" — Marcus Aurelius | Stoicism",62,1,2,https://youtube.com/shorts/XKx6CkWoP-M
2026-08-09,2026-08-05T09:54:31Z,UEUm4P6PWBE,"""If you snapped again tonight—"" — Epictetus | Stoicism",18,0,2,https://youtube.com/shorts/UEUm4P6PWBE
2026-08-09,2026-08-05T00:15:52Z,Pt6KqatWetg,"""Rule 7: Practice hardship on purpose"" — Musonius Rufus | Stoicism",79,3,2,https://youtube.com/shorts/Pt6KqatWetg
2026-08-09,2026-08-04T09:57:09Z,_5w1THAHfuU,"""Nero's tutor watched his student turn"" — Seneca | Stoicism",185,1,2,https://youtube.com/shorts/_5w1THAHfuU
2026-08-09,2026-08-09T11:27:39Z,4DLKY3xg7DU,"""Nobody thanked you today—"" — Epictetus | Stoicism",165,3,2,https://youtube.com/shorts/4DLKY3xg7DU
2026-08-09,2026-08-09T08:06:10Z,3JOBY99exNk,"""Rule 3: Give before you're asked"" — Musonius Rufus | Stoicism",312,10,2,https://youtube.com/shorts/3JOBY99exNk
2026-08-09,2026-08-09T04:22:29Z,lvLtxkeFLEM,"""One order from Nero changed his whole life"" — Seneca | Stoicism",483,13,2,https://youtube.com/shorts/lvLtxkeFLEM
2026-08-09,2026-08-08T16:31:36Z,7E1R1quwj9Q,"""Bend, don't break"" — Zeno of Citium | Stoicism",210,4,2,https://youtube.com/shorts/7E1R1quwj9Q
2026-08-09,2026-08-07T05:00:53Z,J60qfqLTQdU,"""Nothing left to prove"" — Zeno of Citium | Stoicism",36,1,2,https://youtube.com/shorts/J60qfqLTQdU
2026-08-09,2026-08-07T02:15:11Z,t9uf2y6z2v4,"""The tools are already yours"" — Marcus Aurelius | Stoicism",61,2,2,https://youtube.com/shorts/t9uf2y6z2v4
2026-08-09,2026-08-07T01:52:24Z,BYsOd1MrUuc,"""If the day handed you the wrong role—"" — Epictetus | Stoicism",28,2,2,https://youtube.com/shorts/BYsOd1MrUuc
2026-08-09,2026-08-07T00:45:28Z,pFwsEOPUAf4,"""If doing right cost you today—"" — Epictetus | Stoicism",81,3,2,https://youtube.com/shorts/pFwsEOPUAf4
2026-08-09,2026-08-06T09:56:45Z,FZFK5J219UM,"""Rule 7: Choose who you build with"" — Musonius Rufus | Stoicism",124,6,2,https://youtube.com/shorts/FZFK5J219UM
2026-08-09,2026-08-06T05:51:29Z,LBuY6oAgdTc,"""Nero handed him a death sentence"" — Seneca | Stoicism",25,0,2,https://youtube.com/shorts/LBuY6oAgdTc
2026-08-09,2026-08-06T00:10:14Z,Ee2V0qV1Lbk,"""Nothing lands"" — Zeno of Citium | Stoicism",103,4,2,https://youtube.com/shorts/Ee2V0qV1Lbk
2026-08-09,2026-08-05T12:36:59Z,XKx6CkWoP-M,"""You already have enough"" — Marcus Aurelius | Stoicism",62,1,2,https://youtube.com/shorts/XKx6CkWoP-M
2026-08-09,2026-08-05T09:54:31Z,UEUm4P6PWBE,"""If you snapped again tonight—"" — Epictetus | Stoicism",18,0,2,https://youtube.com/shorts/UEUm4P6PWBE
2026-08-09,2026-08-05T00:15:52Z,Pt6KqatWetg,"""Rule 7: Practice hardship on purpose"" — Musonius Rufus | Stoicism",79,3,2,https://youtube.com/shorts/Pt6KqatWetg
2026-08-09,2026-08-04T09:57:09Z,_5w1THAHfuU,"""Nero's tutor watched his student turn"" — Seneca | Stoicism",185,1,2,https://youtube.com/shorts/_5w1THAHfuU
2026-08-09,2026-08-09T11:27:39Z,4DLKY3xg7DU,"""Nobody thanked you today—"" — Epictetus | Stoicism",165,3,2,https://youtube.com/shorts/4DLKY3xg7DU
2026-08-09,2026-08-09T08:06:10Z,3JOBY99exNk,"""Rule 3: Give before you're asked"" — Musonius Rufus | Stoicism",348,10,2,https://youtube.com/shorts/3JOBY99exNk
2026-08-09,2026-08-09T04:22:29Z,lvLtxkeFLEM,"""One order from Nero changed his whole life"" — Seneca | Stoicism",485,14,2,https://youtube.com/shorts/lvLtxkeFLEM
2026-08-09,2026-08-08T16:31:36Z,7E1R1quwj9Q,"""Bend, don't break"" — Zeno of Citium | Stoicism",210,4,2,https://youtube.com/shorts/7E1R1quwj9Q
2026-08-09,2026-08-07T05:00:53Z,J60qfqLTQdU,"""Nothing left to prove"" — Zeno of Citium | Stoicism",36,1,2,https://youtube.com/shorts/J60qfqLTQdU
2026-08-09,2026-08-07T02:15:11Z,t9uf2y6z2v4,"""The tools are already yours"" — Marcus Aurelius | Stoicism",61,2,2,https://youtube.com/shorts/t9uf2y6z2v4
2026-08-09,2026-08-07T01:52:24Z,BYsOd1MrUuc,"""If the day handed you the wrong role—"" — Epictetus | Stoicism",28,2,2,https://youtube.com/shorts/BYsOd1MrUuc
2026-08-09,2026-08-07T00:45:28Z,pFwsEOPUAf4,"""If doing right cost you today—"" — Epictetus | Stoicism",81,3,2,https://youtube.com/shorts/pFwsEOPUAf4
2026-08-09,2026-08-06T09:56:45Z,FZFK5J219UM,"""Rule 7: Choose who you build with"" — Musonius Rufus | Stoicism",124,6,2,https://youtube.com/shorts/FZFK5J219UM
2026-08-09,2026-08-06T05:51:29Z,LBuY6oAgdTc,"""Nero handed him a death sentence"" — Seneca | Stoicism",25,0,2,https://youtube.com/shorts/LBuY6oAgdTc
2026-08-09,2026-08-06T00:10:14Z,Ee2V0qV1Lbk,"""Nothing lands"" — Zeno of Citium | Stoicism",103,4,2,https://youtube.com/shorts/Ee2V0qV1Lbk
2026-08-09,2026-08-05T12:36:59Z,XKx6CkWoP-M,"""You already have enough"" — Marcus Aurelius | Stoicism",62,1,2,https://youtube.com/shorts/XKx6CkWoP-M
2026-08-09,2026-08-05T09:54:31Z,UEUm4P6PWBE,"""If you snapped again tonight—"" — Epictetus | Stoicism",18,0,2,https://youtube.com/shorts/UEUm4P6PWBE
2026-08-09,2026-08-05T00:15:52Z,Pt6KqatWetg,"""Rule 7: Practice hardship on purpose"" — Musonius Rufus | Stoicism",79,3,2,https://youtube.com/shorts/Pt6KqatWetg
2026-08-09,2026-08-04T09:57:09Z,_5w1THAHfuU,"""Nero's tutor watched his student turn"" — Seneca | Stoicism",185,1,2,https://youtube.com/shorts/_5w1THAHfuU
2026-08-10,2026-08-10T00:42:02Z,x7pWacebp1E,"""The source is inside"" — Marcus Aurelius | Stoicism",0,0,2,https://youtube.com/shorts/x7pWacebp1E
2026-08-10,2026-08-09T11:27:39Z,4DLKY3xg7DU,"""Nobody thanked you today—"" — Epictetus | Stoicism",165,3,2,https://youtube.com/shorts/4DLKY3xg7DU
2026-08-10,2026-08-09T08:06:10Z,3JOBY99exNk,"""Rule 3: Give before you're asked"" — Musonius Rufus | Stoicism",362,11,2,https://youtube.com/shorts/3JOBY99exNk
2026-08-10,2026-08-09T04:22:29Z,lvLtxkeFLEM,"""One order from Nero changed his whole life"" — Seneca | Stoicism",485,14,2,https://youtube.com/shorts/lvLtxkeFLEM
2026-08-10,2026-08-08T16:31:36Z,7E1R1quwj9Q,"""Bend, don't break"" — Zeno of Citium | Stoicism",211,4,2,https://youtube.com/shorts/7E1R1quwj9Q
2026-08-10,2026-08-07T05:00:53Z,J60qfqLTQdU,"""Nothing left to prove"" — Zeno of Citium | Stoicism",36,1,2,https://youtube.com/shorts/J60qfqLTQdU
2026-08-10,2026-08-07T02:15:11Z,t9uf2y6z2v4,"""The tools are already yours"" — Marcus Aurelius | Stoicism",61,2,2,https://youtube.com/shorts/t9uf2y6z2v4
2026-08-10,2026-08-07T01:52:24Z,BYsOd1MrUuc,"""If the day handed you the wrong role—"" — Epictetus | Stoicism",28,2,2,https://youtube.com/shorts/BYsOd1MrUuc
2026-08-10,2026-08-07T00:45:28Z,pFwsEOPUAf4,"""If doing right cost you today—"" — Epictetus | Stoicism",81,3,2,https://youtube.com/shorts/pFwsEOPUAf4
2026-08-10,2026-08-06T09:56:45Z,FZFK5J219UM,"""Rule 7: Choose who you build with"" — Musonius Rufus | Stoicism",124,6,2,https://youtube.com/shorts/FZFK5J219UM
2026-08-10,2026-08-06T05:51:29Z,LBuY6oAgdTc,"""Nero handed him a death sentence"" — Seneca | Stoicism",25,0,2,https://youtube.com/shorts/LBuY6oAgdTc
2026-08-10,2026-08-06T00:10:14Z,Ee2V0qV1Lbk,"""Nothing lands"" — Zeno of Citium | Stoicism",103,4,2,https://youtube.com/shorts/Ee2V0qV1Lbk
2026-08-10,2026-08-05T12:36:59Z,XKx6CkWoP-M,"""You already have enough"" — Marcus Aurelius | Stoicism",62,1,2,https://youtube.com/shorts/XKx6CkWoP-M
2026-08-10,2026-08-05T09:54:31Z,UEUm4P6PWBE,"""If you snapped again tonight—"" — Epictetus | Stoicism",18,0,2,https://youtube.com/shorts/UEUm4P6PWBE
2026-08-10,2026-08-05T00:15:52Z,Pt6KqatWetg,"""Rule 7: Practice hardship on purpose"" — Musonius Rufus | Stoicism",79,3,2,https://youtube.com/shorts/Pt6KqatWetg
2026-08-10,2026-08-10T04:30:27Z,vhJfUrDC8wk,"""Same ending. All of us"" — Zeno of Citium | Stoicism",0,0,2,https://youtube.com/shorts/vhJfUrDC8wk
2026-08-10,2026-08-10T00:42:48Z,x7pWacebp1E,"""The source is inside"" — Marcus Aurelius | Stoicism",0,0,2,https://youtube.com/shorts/x7pWacebp1E
2026-08-10,2026-08-09T11:27:39Z,4DLKY3xg7DU,"""Nobody thanked you today—"" — Epictetus | Stoicism",173,3,2,https://youtube.com/shorts/4DLKY3xg7DU
2026-08-10,2026-08-09T08:06:10Z,3JOBY99exNk,"""Rule 3: Give before you're asked"" — Musonius Rufus | Stoicism",372,11,2,https://youtube.com/shorts/3JOBY99exNk
2026-08-10,2026-08-09T04:22:29Z,lvLtxkeFLEM,"""One order from Nero changed his whole life"" — Seneca | Stoicism",494,15,2,https://youtube.com/shorts/lvLtxkeFLEM
2026-08-10,2026-08-08T16:31:36Z,7E1R1quwj9Q,"""Bend, don't break"" — Zeno of Citium | Stoicism",211,4,2,https://youtube.com/shorts/7E1R1quwj9Q
2026-08-10,2026-08-07T05:00:53Z,J60qfqLTQdU,"""Nothing left to prove"" — Zeno of Citium | Stoicism",36,1,2,https://youtube.com/shorts/J60qfqLTQdU
2026-08-10,2026-08-07T02:15:11Z,t9uf2y6z2v4,"""The tools are already yours"" — Marcus Aurelius | Stoicism",61,2,2,https://youtube.com/shorts/t9uf2y6z2v4
2026-08-10,2026-08-07T01:52:24Z,BYsOd1MrUuc,"""If the day handed you the wrong role—"" — Epictetus | Stoicism",28,2,2,https://youtube.com/shorts/BYsOd1MrUuc
2026-08-10,2026-08-07T00:45:28Z,pFwsEOPUAf4,"""If doing right cost you today—"" — Epictetus | Stoicism",81,3,2,https://youtube.com/shorts/pFwsEOPUAf4
2026-08-10,2026-08-06T09:56:45Z,FZFK5J219UM,"""Rule 7: Choose who you build with"" — Musonius Rufus | Stoicism",124,6,2,https://youtube.com/shorts/FZFK5J219UM
2026-08-10,2026-08-06T05:51:29Z,LBuY6oAgdTc,"""Nero handed him a death sentence"" — Seneca | Stoicism",25,0,2,https://youtube.com/shorts/LBuY6oAgdTc
2026-08-10,2026-08-06T00:10:14Z,Ee2V0qV1Lbk,"""Nothing lands"" — Zeno of Citium | Stoicism",103,4,2,https://youtube.com/shorts/Ee2V0qV1Lbk
2026-08-10,2026-08-05T12:36:59Z,XKx6CkWoP-M,"""You already have enough"" — Marcus Aurelius | Stoicism",62,1,2,https://youtube.com/shorts/XKx6CkWoP-M
2026-08-10,2026-08-05T09:54:31Z,UEUm4P6PWBE,"""If you snapped again tonight—"" — Epictetus | Stoicism",18,0,2,https://youtube.com/shorts/UEUm4P6PWBE
2026-08-10,2026-08-10T04:30:27Z,vhJfUrDC8wk,"""Same ending. All of us"" — Zeno of Citium | Stoicism",44,0,2,https://youtube.com/shorts/vhJfUrDC8wk
2026-08-10,2026-08-10T00:42:48Z,x7pWacebp1E,"""The source is inside"" — Marcus Aurelius | Stoicism",33,2,2,https://youtube.com/shorts/x7pWacebp1E
2026-08-10,2026-08-09T11:27:39Z,4DLKY3xg7DU,"""Nobody thanked you today—"" — Epictetus | Stoicism",175,3,2,https://youtube.com/shorts/4DLKY3xg7DU
2026-08-10,2026-08-09T08:06:10Z,3JOBY99exNk,"""Rule 3: Give before you're asked"" — Musonius Rufus | Stoicism",378,11,2,https://youtube.com/shorts/3JOBY99exNk
2026-08-10,2026-08-09T04:22:29Z,lvLtxkeFLEM,"""One order from Nero changed his whole life"" — Seneca | Stoicism",494,15,2,https://youtube.com/shorts/lvLtxkeFLEM
2026-08-10,2026-08-08T16:31:36Z,7E1R1quwj9Q,"""Bend, don't break"" — Zeno of Citium | Stoicism",211,4,2,https://youtube.com/shorts/7E1R1quwj9Q
2026-08-10,2026-08-07T05:00:53Z,J60qfqLTQdU,"""Nothing left to prove"" — Zeno of Citium | Stoicism",36,1,2,https://youtube.com/shorts/J60qfqLTQdU
2026-08-10,2026-08-07T02:15:11Z,t9uf2y6z2v4,"""The tools are already yours"" — Marcus Aurelius | Stoicism",61,2,2,https://youtube.com/shorts/t9uf2y6z2v4
2026-08-10,2026-08-07T01:52:24Z,BYsOd1MrUuc,"""If the day handed you the wrong role—"" — Epictetus | Stoicism",28,2,2,https://youtube.com/shorts/BYsOd1MrUuc
2026-08-10,2026-08-07T00:45:28Z,pFwsEOPUAf4,"""If doing right cost you today—"" — Epictetus | Stoicism",81,3,2,https://youtube.com/shorts/pFwsEOPUAf4
2026-08-10,2026-08-06T09:56:45Z,FZFK5J219UM,"""Rule 7: Choose who you build with"" — Musonius Rufus | Stoicism",124,6,2,https://youtube.com/shorts/FZFK5J219UM
2026-08-10,2026-08-06T05:51:29Z,LBuY6oAgdTc,"""Nero handed him a death sentence"" — Seneca | Stoicism",25,0,2,https://youtube.com/shorts/LBuY6oAgdTc
2026-08-10,2026-08-06T00:10:14Z,Ee2V0qV1Lbk,"""Nothing lands"" — Zeno of Citium | Stoicism",103,4,2,https://youtube.com/shorts/Ee2V0qV1Lbk
2026-08-10,2026-08-05T12:36:59Z,XKx6CkWoP-M,"""You already have enough"" — Marcus Aurelius | Stoicism",62,1,2,https://youtube.com/shorts/XKx6CkWoP-M
2026-08-10,2026-08-05T09:54:31Z,UEUm4P6PWBE,"""If you snapped again tonight—"" — Epictetus | Stoicism",18,0,2,https://youtube.com/shorts/UEUm4P6PWBE
2026-08-10,2026-08-10T09:03:05Z,IKub-zaJyVY,"""The advisor who owned half of Rome"" — Seneca | Stoicism",0,0,2,https://youtube.com/shorts/IKub-zaJyVY
2026-08-10,2026-08-10T04:30:27Z,vhJfUrDC8wk,"""Same ending. All of us"" — Zeno of Citium | Stoicism",111,2,2,https://youtube.com/shorts/vhJfUrDC8wk
2026-08-10,2026-08-10T00:42:48Z,x7pWacebp1E,"""The source is inside"" — Marcus Aurelius | Stoicism",40,2,2,https://youtube.com/shorts/x7pWacebp1E
2026-08-10,2026-08-09T11:27:39Z,4DLKY3xg7DU,"""Nobody thanked you today—"" — Epictetus | Stoicism",175,3,2,https://youtube.com/shorts/4DLKY3xg7DU
2026-08-10,2026-08-09T08:06:10Z,3JOBY99exNk,"""Rule 3: Give before you're asked"" — Musonius Rufus | Stoicism",395,11,2,https://youtube.com/shorts/3JOBY99exNk
2026-08-10,2026-08-09T04:22:29Z,lvLtxkeFLEM,"""One order from Nero changed his whole life"" — Seneca | Stoicism",495,15,2,https://youtube.com/shorts/lvLtxkeFLEM
2026-08-10,2026-08-08T16:31:36Z,7E1R1quwj9Q,"""Bend, don't break"" — Zeno of Citium | Stoicism",211,4,2,https://youtube.com/shorts/7E1R1quwj9Q
2026-08-10,2026-08-07T05:00:53Z,J60qfqLTQdU,"""Nothing left to prove"" — Zeno of Citium | Stoicism",36,1,2,https://youtube.com/shorts/J60qfqLTQdU
2026-08-10,2026-08-07T02:15:11Z,t9uf2y6z2v4,"""The tools are already yours"" — Marcus Aurelius | Stoicism",61,2,2,https://youtube.com/shorts/t9uf2y6z2v4
2026-08-10,2026-08-07T01:52:24Z,BYsOd1MrUuc,"""If the day handed you the wrong role—"" — Epictetus | Stoicism",28,2,2,https://youtube.com/shorts/BYsOd1MrUuc
2026-08-10,2026-08-07T00:45:28Z,pFwsEOPUAf4,"""If doing right cost you today—"" — Epictetus | Stoicism",81,3,2,https://youtube.com/shorts/pFwsEOPUAf4
2026-08-10,2026-08-06T09:56:45Z,FZFK5J219UM,"""Rule 7: Choose who you build with"" — Musonius Rufus | Stoicism",124,6,2,https://youtube.com/shorts/FZFK5J219UM
2026-08-10,2026-08-06T05:51:29Z,LBuY6oAgdTc,"""Nero handed him a death sentence"" — Seneca | Stoicism",25,0,2,https://youtube.com/shorts/LBuY6oAgdTc
2026-08-10,2026-08-06T00:10:14Z,Ee2V0qV1Lbk,"""Nothing lands"" — Zeno of Citium | Stoicism",103,4,2,https://youtube.com/shorts/Ee2V0qV1Lbk
2026-08-10,2026-08-05T12:36:59Z,XKx6CkWoP-M,"""You already have enough"" — Marcus Aurelius | Stoicism",62,1,2,https://youtube.com/shorts/XKx6CkWoP-M
2026-08-10,2026-08-10T09:03:05Z,IKub-zaJyVY,"""The advisor who owned half of Rome"" — Seneca | Stoicism",3,0,2,https://youtube.com/shorts/IKub-zaJyVY
2026-08-10,2026-08-10T04:30:27Z,vhJfUrDC8wk,"""Same ending. All of us"" — Zeno of Citium | Stoicism",124,2,2,https://youtube.com/shorts/vhJfUrDC8wk
2026-08-10,2026-08-10T00:42:48Z,x7pWacebp1E,"""The source is inside"" — Marcus Aurelius | Stoicism",49,1,2,https://youtube.com/shorts/x7pWacebp1E
2026-08-10,2026-08-09T11:27:39Z,4DLKY3xg7DU,"""Nobody thanked you today—"" — Epictetus | Stoicism",176,3,2,https://youtube.com/shorts/4DLKY3xg7DU
2026-08-10,2026-08-09T08:06:10Z,3JOBY99exNk,"""Rule 3: Give before you're asked"" — Musonius Rufus | Stoicism",461,11,2,https://youtube.com/shorts/3JOBY99exNk
2026-08-10,2026-08-09T04:22:29Z,lvLtxkeFLEM,"""One order from Nero changed his whole life"" — Seneca | Stoicism",496,15,2,https://youtube.com/shorts/lvLtxkeFLEM
2026-08-10,2026-08-08T16:31:36Z,7E1R1quwj9Q,"""Bend, don't break"" — Zeno of Citium | Stoicism",211,4,2,https://youtube.com/shorts/7E1R1quwj9Q
2026-08-10,2026-08-07T05:00:53Z,J60qfqLTQdU,"""Nothing left to prove"" — Zeno of Citium | Stoicism",36,1,2,https://youtube.com/shorts/J60qfqLTQdU
2026-08-10,2026-08-07T02:15:11Z,t9uf2y6z2v4,"""The tools are already yours"" — Marcus Aurelius | Stoicism",61,2,2,https://youtube.com/shorts/t9uf2y6z2v4
2026-08-10,2026-08-07T01:52:24Z,BYsOd1MrUuc,"""If the day handed you the wrong role—"" — Epictetus | Stoicism",28,2,2,https://youtube.com/shorts/BYsOd1MrUuc
2026-08-10,2026-08-07T00:45:28Z,pFwsEOPUAf4,"""If doing right cost you today—"" — Epictetus | Stoicism",81,3,2,https://youtube.com/shorts/pFwsEOPUAf4
2026-08-10,2026-08-06T09:56:45Z,FZFK5J219UM,"""Rule 7: Choose who you build with"" — Musonius Rufus | Stoicism",124,6,2,https://youtube.com/shorts/FZFK5J219UM
2026-08-10,2026-08-06T05:51:29Z,LBuY6oAgdTc,"""Nero handed him a death sentence"" — Seneca | Stoicism",25,0,2,https://youtube.com/shorts/LBuY6oAgdTc
2026-08-10,2026-08-06T00:10:14Z,Ee2V0qV1Lbk,"""Nothing lands"" — Zeno of Citium | Stoicism",103,4,2,https://youtube.com/shorts/Ee2V0qV1Lbk
2026-08-10,2026-08-05T12:36:59Z,XKx6CkWoP-M,"""You already have enough"" — Marcus Aurelius | Stoicism",67,1,2,https://youtube.com/shorts/XKx6CkWoP-M
2026-08-10,2026-08-10T09:03:05Z,IKub-zaJyVY,"""The advisor who owned half of Rome"" — Seneca | Stoicism",14,1,2,https://youtube.com/shorts/IKub-zaJyVY
2026-08-10,2026-08-10T04:30:27Z,vhJfUrDC8wk,"""Same ending. All of us"" — Zeno of Citium | Stoicism",126,2,2,https://youtube.com/shorts/vhJfUrDC8wk
2026-08-10,2026-08-10T00:42:48Z,x7pWacebp1E,"""The source is inside"" — Marcus Aurelius | Stoicism",53,1,2,https://youtube.com/shorts/x7pWacebp1E
2026-08-10,2026-08-09T11:27:39Z,4DLKY3xg7DU,"""Nobody thanked you today—"" — Epictetus | Stoicism",176,3,2,https://youtube.com/shorts/4DLKY3xg7DU
2026-08-10,2026-08-09T08:06:10Z,3JOBY99exNk,"""Rule 3: Give before you're asked"" — Musonius Rufus | Stoicism",462,11,2,https://youtube.com/shorts/3JOBY99exNk
2026-08-10,2026-08-09T04:22:29Z,lvLtxkeFLEM,"""One order from Nero changed his whole life"" — Seneca | Stoicism",496,14,2,https://youtube.com/shorts/lvLtxkeFLEM
2026-08-10,2026-08-08T16:31:36Z,7E1R1quwj9Q,"""Bend, don't break"" — Zeno of Citium | Stoicism",211,4,2,https://youtube.com/shorts/7E1R1quwj9Q
2026-08-10,2026-08-07T05:00:53Z,J60qfqLTQdU,"""Nothing left to prove"" — Zeno of Citium | Stoicism",36,1,2,https://youtube.com/shorts/J60qfqLTQdU
2026-08-10,2026-08-07T02:15:11Z,t9uf2y6z2v4,"""The tools are already yours"" — Marcus Aurelius | Stoicism",61,2,2,https://youtube.com/shorts/t9uf2y6z2v4
2026-08-10,2026-08-07T01:52:24Z,BYsOd1MrUuc,"""If the day handed you the wrong role—"" — Epictetus | Stoicism",28,2,2,https://youtube.com/shorts/BYsOd1MrUuc
2026-08-10,2026-08-07T00:45:28Z,pFwsEOPUAf4,"""If doing right cost you today—"" — Epictetus | Stoicism",81,3,2,https://youtube.com/shorts/pFwsEOPUAf4
2026-08-10,2026-08-06T09:56:45Z,FZFK5J219UM,"""Rule 7: Choose who you build with"" — Musonius Rufus | Stoicism",124,6,2,https://youtube.com/shorts/FZFK5J219UM
2026-08-10,2026-08-06T05:51:29Z,LBuY6oAgdTc,"""Nero handed him a death sentence"" — Seneca | Stoicism",25,0,2,https://youtube.com/shorts/LBuY6oAgdTc
2026-08-10,2026-08-06T00:10:14Z,Ee2V0qV1Lbk,"""Nothing lands"" — Zeno of Citium | Stoicism",103,4,2,https://youtube.com/shorts/Ee2V0qV1Lbk
2026-08-10,2026-08-05T12:36:59Z,XKx6CkWoP-M,"""You already have enough"" — Marcus Aurelius | Stoicism",67,1,2,https://youtube.com/shorts/XKx6CkWoP-M
2026-08-10,2026-08-10T09:03:05Z,IKub-zaJyVY,"""The advisor who owned half of Rome"" — Seneca | Stoicism",20,1,2,https://youtube.com/shorts/IKub-zaJyVY
2026-08-10,2026-08-10T04:30:27Z,vhJfUrDC8wk,"""Same ending. All of us"" — Zeno of Citium | Stoicism",128,2,2,https://youtube.com/shorts/vhJfUrDC8wk
2026-08-10,2026-08-10T00:42:48Z,x7pWacebp1E,"""The source is inside"" — Marcus Aurelius | Stoicism",53,1,2,https://youtube.com/shorts/x7pWacebp1E
2026-08-10,2026-08-09T11:27:39Z,4DLKY3xg7DU,"""Nobody thanked you today—"" — Epictetus | Stoicism",176,3,2,https://youtube.com/shorts/4DLKY3xg7DU
2026-08-10,2026-08-09T08:06:10Z,3JOBY99exNk,"""Rule 3: Give before you're asked"" — Musonius Rufus | Stoicism",463,11,2,https://youtube.com/shorts/3JOBY99exNk
2026-08-10,2026-08-09T04:22:29Z,lvLtxkeFLEM,"""One order from Nero changed his whole life"" — Seneca | Stoicism",495,14,2,https://youtube.com/shorts/lvLtxkeFLEM
2026-08-10,2026-08-08T16:31:36Z,7E1R1quwj9Q,"""Bend, don't break"" — Zeno of Citium | Stoicism",211,4,2,https://youtube.com/shorts/7E1R1quwj9Q
2026-08-10,2026-08-07T05:00:53Z,J60qfqLTQdU,"""Nothing left to prove"" — Zeno of Citium | Stoicism",36,1,2,https://youtube.com/shorts/J60qfqLTQdU
2026-08-10,2026-08-07T02:15:11Z,t9uf2y6z2v4,"""The tools are already yours"" — Marcus Aurelius | Stoicism",61,2,2,https://youtube.com/shorts/t9uf2y6z2v4
2026-08-10,2026-08-07T01:52:24Z,BYsOd1MrUuc,"""If the day handed you the wrong role—"" — Epictetus | Stoicism",28,2,2,https://youtube.com/shorts/BYsOd1MrUuc
2026-08-10,2026-08-07T00:45:28Z,pFwsEOPUAf4,"""If doing right cost you today—"" — Epictetus | Stoicism",81,3,2,https://youtube.com/shorts/pFwsEOPUAf4
2026-08-10,2026-08-06T09:56:45Z,FZFK5J219UM,"""Rule 7: Choose who you build with"" — Musonius Rufus | Stoicism",124,6,2,https://youtube.com/shorts/FZFK5J219UM
2026-08-10,2026-08-06T05:51:29Z,LBuY6oAgdTc,"""Nero handed him a death sentence"" — Seneca | Stoicism",25,0,2,https://youtube.com/shorts/LBuY6oAgdTc
2026-08-10,2026-08-06T00:10:14Z,Ee2V0qV1Lbk,"""Nothing lands"" — Zeno of Citium | Stoicism",103,4,2,https://youtube.com/shorts/Ee2V0qV1Lbk
2026-08-10,2026-08-05T12:36:59Z,XKx6CkWoP-M,"""You already have enough"" — Marcus Aurelius | Stoicism",67,1,2,https://youtube.com/shorts/XKx6CkWoP-M
2026-08-10,2026-08-10T09:03:05Z,IKub-zaJyVY,"""The advisor who owned half of Rome"" — Seneca | Stoicism",20,1,2,https://youtube.com/shorts/IKub-zaJyVY
2026-08-10,2026-08-10T04:30:27Z,vhJfUrDC8wk,"""Same ending. All of us"" — Zeno of Citium | Stoicism",128,2,2,https://youtube.com/shorts/vhJfUrDC8wk
2026-08-10,2026-08-10T00:42:48Z,x7pWacebp1E,"""The source is inside"" — Marcus Aurelius | Stoicism",53,1,2,https://youtube.com/shorts/x7pWacebp1E
2026-08-10,2026-08-09T11:27:39Z,4DLKY3xg7DU,"""Nobody thanked you today—"" — Epictetus | Stoicism",171,3,2,https://youtube.com/shorts/4DLKY3xg7DU
2026-08-10,2026-08-09T08:06:10Z,3JOBY99exNk,"""Rule 3: Give before you're asked"" — Musonius Rufus | Stoicism",463,11,2,https://youtube.com/shorts/3JOBY99exNk
2026-08-10,2026-08-09T04:22:29Z,lvLtxkeFLEM,"""One order from Nero changed his whole life"" — Seneca | Stoicism",495,14,2,https://youtube.com/shorts/lvLtxkeFLEM
2026-08-10,2026-08-08T16:31:36Z,7E1R1quwj9Q,"""Bend, don't break"" — Zeno of Citium | Stoicism",211,4,2,https://youtube.com/shorts/7E1R1quwj9Q
2026-08-10,2026-08-07T05:00:53Z,J60qfqLTQdU,"""Nothing left to prove"" — Zeno of Citium | Stoicism",36,1,2,https://youtube.com/shorts/J60qfqLTQdU
2026-08-10,2026-08-07T02:15:11Z,t9uf2y6z2v4,"""The tools are already yours"" — Marcus Aurelius | Stoicism",61,2,2,https://youtube.com/shorts/t9uf2y6z2v4
2026-08-10,2026-08-07T01:52:24Z,BYsOd1MrUuc,"""If the day handed you the wrong role—"" — Epictetus | Stoicism",28,2,2,https://youtube.com/shorts/BYsOd1MrUuc
2026-08-10,2026-08-07T00:45:28Z,pFwsEOPUAf4,"""If doing right cost you today—"" — Epictetus | Stoicism",81,3,2,https://youtube.com/shorts/pFwsEOPUAf4
2026-08-10,2026-08-06T09:56:45Z,FZFK5J219UM,"""Rule 7: Choose who you build with"" — Musonius Rufus | Stoicism",124,6,2,https://youtube.com/shorts/FZFK5J219UM
2026-08-10,2026-08-06T05:51:29Z,LBuY6oAgdTc,"""Nero handed him a death sentence"" — Seneca | Stoicism",25,0,2,https://youtube.com/shorts/LBuY6oAgdTc
2026-08-10,2026-08-06T00:10:14Z,Ee2V0qV1Lbk,"""Nothing lands"" — Zeno of Citium | Stoicism",103,4,2,https://youtube.com/shorts/Ee2V0qV1Lbk
2026-08-10,2026-08-05T12:36:59Z,XKx6CkWoP-M,"""You already have enough"" — Marcus Aurelius | Stoicism",67,1,2,https://youtube.com/shorts/XKx6CkWoP-M
2026-08-10,2026-08-10T09:03:05Z,IKub-zaJyVY,"""The advisor who owned half of Rome"" — Seneca | Stoicism",20,1,2,https://youtube.com/shorts/IKub-zaJyVY
2026-08-10,2026-08-10T04:30:27Z,vhJfUrDC8wk,"""Same ending. All of us"" — Zeno of Citium | Stoicism",129,2,2,https://youtube.com/shorts/vhJfUrDC8wk
2026-08-10,2026-08-10T00:42:48Z,x7pWacebp1E,"""The source is inside"" — Marcus Aurelius | Stoicism",53,1,2,https://youtube.com/shorts/x7pWacebp1E
2026-08-10,2026-08-09T11:27:39Z,4DLKY3xg7DU,"""Nobody thanked you today—"" — Epictetus | Stoicism",173,3,2,https://youtube.com/shorts/4DLKY3xg7DU
2026-08-10,2026-08-09T08:06:10Z,3JOBY99exNk,"""Rule 3: Give before you're asked"" — Musonius Rufus | Stoicism",463,11,2,https://youtube.com/shorts/3JOBY99exNk
2026-08-10,2026-08-09T04:22:29Z,lvLtxkeFLEM,"""One order from Nero changed his whole life"" — Seneca | Stoicism",495,14,2,https://youtube.com/shorts/lvLtxkeFLEM
2026-08-10,2026-08-08T16:31:36Z,7E1R1quwj9Q,"""Bend, don't break"" — Zeno of Citium | Stoicism",211,4,2,https://youtube.com/shorts/7E1R1quwj9Q
2026-08-10,2026-08-07T05:00:53Z,J60qfqLTQdU,"""Nothing left to prove"" — Zeno of Citium | Stoicism",36,1,2,https://youtube.com/shorts/J60qfqLTQdU
2026-08-10,2026-08-07T02:15:11Z,t9uf2y6z2v4,"""The tools are already yours"" — Marcus Aurelius | Stoicism",61,2,2,https://youtube.com/shorts/t9uf2y6z2v4
2026-08-10,2026-08-07T01:52:24Z,BYsOd1MrUuc,"""If the day handed you the wrong role—"" — Epictetus | Stoicism",28,2,2,https://youtube.com/shorts/BYsOd1MrUuc
2026-08-10,2026-08-07T00:45:28Z,pFwsEOPUAf4,"""If doing right cost you today—"" — Epictetus | Stoicism",81,3,2,https://youtube.com/shorts/pFwsEOPUAf4
2026-08-10,2026-08-06T09:56:45Z,FZFK5J219UM,"""Rule 7: Choose who you build with"" — Musonius Rufus | Stoicism",124,6,2,https://youtube.com/shorts/FZFK5J219UM
2026-08-10,2026-08-06T05:51:29Z,LBuY6oAgdTc,"""Nero handed him a death sentence"" — Seneca | Stoicism",25,0,2,https://youtube.com/shorts/LBuY6oAgdTc
2026-08-10,2026-08-06T00:10:14Z,Ee2V0qV1Lbk,"""Nothing lands"" — Zeno of Citium | Stoicism",103,4,2,https://youtube.com/shorts/Ee2V0qV1Lbk
2026-08-10,2026-08-05T12:36:59Z,XKx6CkWoP-M,"""You already have enough"" — Marcus Aurelius | Stoicism",67,1,2,https://youtube.com/shorts/XKx6CkWoP-M
2026-08-11,2026-08-11T04:22:57Z,z_vD6ymLa9I,"""Rule 19: Stop fighting what's already fixed"" — Musonius Rufus | Stoicism",0,0,2,https://youtube.com/shorts/z_vD6ymLa9I
2026-08-11,2026-08-10T09:03:05Z,IKub-zaJyVY,"""The advisor who owned half of Rome"" — Seneca | Stoicism",25,1,2,https://youtube.com/shorts/IKub-zaJyVY
2026-08-11,2026-08-10T04:30:27Z,vhJfUrDC8wk,"""Same ending. All of us"" — Zeno of Citium | Stoicism",129,2,2,https://youtube.com/shorts/vhJfUrDC8wk
2026-08-11,2026-08-10T00:42:48Z,x7pWacebp1E,"""The source is inside"" — Marcus Aurelius | Stoicism",56,1,2,https://youtube.com/shorts/x7pWacebp1E
2026-08-11,2026-08-09T11:27:39Z,4DLKY3xg7DU,"""Nobody thanked you today—"" — Epictetus | Stoicism",173,3,2,https://youtube.com/shorts/4DLKY3xg7DU
2026-08-11,2026-08-09T08:06:10Z,3JOBY99exNk,"""Rule 3: Give before you're asked"" — Musonius Rufus | Stoicism",463,11,2,https://youtube.com/shorts/3JOBY99exNk
2026-08-11,2026-08-09T04:22:29Z,lvLtxkeFLEM,"""One order from Nero changed his whole life"" — Seneca | Stoicism",495,14,2,https://youtube.com/shorts/lvLtxkeFLEM
2026-08-11,2026-08-08T16:31:36Z,7E1R1quwj9Q,"""Bend, don't break"" — Zeno of Citium | Stoicism",211,4,2,https://youtube.com/shorts/7E1R1quwj9Q
2026-08-11,2026-08-07T05:00:53Z,J60qfqLTQdU,"""Nothing left to prove"" — Zeno of Citium | Stoicism",36,1,2,https://youtube.com/shorts/J60qfqLTQdU
2026-08-11,2026-08-07T02:15:11Z,t9uf2y6z2v4,"""The tools are already yours"" — Marcus Aurelius | Stoicism",61,2,2,https://youtube.com/shorts/t9uf2y6z2v4
2026-08-11,2026-08-07T01:52:24Z,BYsOd1MrUuc,"""If the day handed you the wrong role—"" — Epictetus | Stoicism",28,2,2,https://youtube.com/shorts/BYsOd1MrUuc
2026-08-11,2026-08-07T00:45:28Z,pFwsEOPUAf4,"""If doing right cost you today—"" — Epictetus | Stoicism",81,3,2,https://youtube.com/shorts/pFwsEOPUAf4
2026-08-11,2026-08-06T09:56:45Z,FZFK5J219UM,"""Rule 7: Choose who you build with"" — Musonius Rufus | Stoicism",124,6,2,https://youtube.com/shorts/FZFK5J219UM
2026-08-11,2026-08-06T05:51:29Z,LBuY6oAgdTc,"""Nero handed him a death sentence"" — Seneca | Stoicism",25,0,2,https://youtube.com/shorts/LBuY6oAgdTc
2026-08-11,2026-08-06T00:10:14Z,Ee2V0qV1Lbk,"""Nothing lands"" — Zeno of Citium | Stoicism",103,4,2,https://youtube.com/shorts/Ee2V0qV1Lbk
2026-08-11,2026-08-11T08:28:21Z,7uSSDaHmxII,"""Still clenching your jaw"" — Epictetus | Stoicism",0,0,2,https://youtube.com/shorts/7uSSDaHmxII
2026-08-11,2026-08-11T04:23:22Z,z_vD6ymLa9I,"""Rule 19: Stop fighting what's already fixed"" — Musonius Rufus | Stoicism",12,0,2,https://youtube.com/shorts/z_vD6ymLa9I
2026-08-11,2026-08-10T09:03:05Z,IKub-zaJyVY,"""The advisor who owned half of Rome"" — Seneca | Stoicism",26,1,2,https://youtube.com/shorts/IKub-zaJyVY
2026-08-11,2026-08-10T04:30:27Z,vhJfUrDC8wk,"""Same ending. All of us"" — Zeno of Citium | Stoicism",130,2,2,https://youtube.com/shorts/vhJfUrDC8wk
2026-08-11,2026-08-10T00:42:48Z,x7pWacebp1E,"""The source is inside"" — Marcus Aurelius | Stoicism",56,1,2,https://youtube.com/shorts/x7pWacebp1E
2026-08-11,2026-08-09T11:27:39Z,4DLKY3xg7DU,"""Nobody thanked you today—"" — Epictetus | Stoicism",173,4,2,https://youtube.com/shorts/4DLKY3xg7DU
2026-08-11,2026-08-09T08:06:10Z,3JOBY99exNk,"""Rule 3: Give before you're asked"" — Musonius Rufus | Stoicism",463,11,2,https://youtube.com/shorts/3JOBY99exNk
2026-08-11,2026-08-09T04:22:29Z,lvLtxkeFLEM,"""One order from Nero changed his whole life"" — Seneca | Stoicism",496,14,2,https://youtube.com/shorts/lvLtxkeFLEM
2026-08-11,2026-08-08T16:31:36Z,7E1R1quwj9Q,"""Bend, don't break"" — Zeno of Citium | Stoicism",211,4,2,https://youtube.com/shorts/7E1R1quwj9Q
2026-08-11,2026-08-07T05:00:53Z,J60qfqLTQdU,"""Nothing left to prove"" — Zeno of Citium | Stoicism",36,1,2,https://youtube.com/shorts/J60qfqLTQdU
2026-08-11,2026-08-07T02:15:11Z,t9uf2y6z2v4,"""The tools are already yours"" — Marcus Aurelius | Stoicism",61,2,2,https://youtube.com/shorts/t9uf2y6z2v4
2026-08-11,2026-08-07T01:52:24Z,BYsOd1MrUuc,"""If the day handed you the wrong role—"" — Epictetus | Stoicism",28,2,2,https://youtube.com/shorts/BYsOd1MrUuc
2026-08-11,2026-08-07T00:45:28Z,pFwsEOPUAf4,"""If doing right cost you today—"" — Epictetus | Stoicism",81,3,2,https://youtube.com/shorts/pFwsEOPUAf4
2026-08-11,2026-08-06T09:56:45Z,FZFK5J219UM,"""Rule 7: Choose who you build with"" — Musonius Rufus | Stoicism",124,6,2,https://youtube.com/shorts/FZFK5J219UM
2026-08-11,2026-08-06T05:51:29Z,LBuY6oAgdTc,"""Nero handed him a death sentence"" — Seneca | Stoicism",25,0,2,https://youtube.com/shorts/LBuY6oAgdTc
2026-08-11,2026-08-11T11:44:19Z,UAtmv79K-yg,"""Weigh what you chase"" — Marcus Aurelius | Stoicism",0,0,2,https://youtube.com/shorts/UAtmv79K-yg
2026-08-11,2026-08-11T08:28:21Z,7uSSDaHmxII,"""Still clenching your jaw"" — Epictetus | Stoicism",5,0,2,https://youtube.com/shorts/7uSSDaHmxII
2026-08-11,2026-08-11T04:23:22Z,z_vD6ymLa9I,"""Rule 19: Stop fighting what's already fixed"" — Musonius Rufus | Stoicism",17,0,2,https://youtube.com/shorts/z_vD6ymLa9I
2026-08-11,2026-08-10T09:03:05Z,IKub-zaJyVY,"""The advisor who owned half of Rome"" — Seneca | Stoicism",28,1,2,https://youtube.com/shorts/IKub-zaJyVY
2026-08-11,2026-08-10T04:30:27Z,vhJfUrDC8wk,"""Same ending. All of us"" — Zeno of Citium | Stoicism",130,2,2,https://youtube.com/shorts/vhJfUrDC8wk
2026-08-11,2026-08-10T00:42:48Z,x7pWacebp1E,"""The source is inside"" — Marcus Aurelius | Stoicism",56,1,2,https://youtube.com/shorts/x7pWacebp1E
2026-08-11,2026-08-09T11:27:39Z,4DLKY3xg7DU,"""Nobody thanked you today—"" — Epictetus | Stoicism",176,3,2,https://youtube.com/shorts/4DLKY3xg7DU
2026-08-11,2026-08-09T08:06:10Z,3JOBY99exNk,"""Rule 3: Give before you're asked"" — Musonius Rufus | Stoicism",463,11,2,https://youtube.com/shorts/3JOBY99exNk
2026-08-11,2026-08-09T04:22:29Z,lvLtxkeFLEM,"""One order from Nero changed his whole life"" — Seneca | Stoicism",496,14,2,https://youtube.com/shorts/lvLtxkeFLEM
2026-08-11,2026-08-08T16:31:36Z,7E1R1quwj9Q,"""Bend, don't break"" — Zeno of Citium | Stoicism",211,4,2,https://youtube.com/shorts/7E1R1quwj9Q
2026-08-11,2026-08-07T05:00:53Z,J60qfqLTQdU,"""Nothing left to prove"" — Zeno of Citium | Stoicism",36,1,2,https://youtube.com/shorts/J60qfqLTQdU
2026-08-11,2026-08-07T02:15:11Z,t9uf2y6z2v4,"""The tools are already yours"" — Marcus Aurelius | Stoicism",61,2,2,https://youtube.com/shorts/t9uf2y6z2v4
2026-08-11,2026-08-07T01:52:24Z,BYsOd1MrUuc,"""If the day handed you the wrong role—"" — Epictetus | Stoicism",28,2,2,https://youtube.com/shorts/BYsOd1MrUuc
2026-08-11,2026-08-07T00:45:28Z,pFwsEOPUAf4,"""If doing right cost you today—"" — Epictetus | Stoicism",81,3,2,https://youtube.com/shorts/pFwsEOPUAf4
2026-08-11,2026-08-06T09:56:45Z,FZFK5J219UM,"""Rule 7: Choose who you build with"" — Musonius Rufus | Stoicism",124,6,2,https://youtube.com/shorts/FZFK5J219UM
2026-08-11,2026-08-11T11:44:19Z,UAtmv79K-yg,"""Weigh what you chase"" — Marcus Aurelius | Stoicism",3,0,2,https://youtube.com/shorts/UAtmv79K-yg
2026-08-11,2026-08-11T08:28:21Z,7uSSDaHmxII,"""Still clenching your jaw"" — Epictetus | Stoicism",14,0,2,https://youtube.com/shorts/7uSSDaHmxII
2026-08-11,2026-08-11T04:23:22Z,z_vD6ymLa9I,"""Rule 19: Stop fighting what's already fixed"" — Musonius Rufus | Stoicism",17,1,2,https://youtube.com/shorts/z_vD6ymLa9I
2026-08-11,2026-08-10T09:03:05Z,IKub-zaJyVY,"""The advisor who owned half of Rome"" — Seneca | Stoicism",32,1,2,https://youtube.com/shorts/IKub-zaJyVY
2026-08-11,2026-08-10T04:30:27Z,vhJfUrDC8wk,"""Same ending. All of us"" — Zeno of Citium | Stoicism",134,2,2,https://youtube.com/shorts/vhJfUrDC8wk
2026-08-11,2026-08-10T00:42:48Z,x7pWacebp1E,"""The source is inside"" — Marcus Aurelius | Stoicism",57,1,2,https://youtube.com/shorts/x7pWacebp1E
2026-08-11,2026-08-09T11:27:39Z,4DLKY3xg7DU,"""Nobody thanked you today—"" — Epictetus | Stoicism",176,3,2,https://youtube.com/shorts/4DLKY3xg7DU
2026-08-11,2026-08-09T08:06:10Z,3JOBY99exNk,"""Rule 3: Give before you're asked"" — Musonius Rufus | Stoicism",464,11,2,https://youtube.com/shorts/3JOBY99exNk
2026-08-11,2026-08-09T04:22:29Z,lvLtxkeFLEM,"""One order from Nero changed his whole life"" — Seneca | Stoicism",497,14,2,https://youtube.com/shorts/lvLtxkeFLEM
2026-08-11,2026-08-08T16:31:36Z,7E1R1quwj9Q,"""Bend, don't break"" — Zeno of Citium | Stoicism",211,4,2,https://youtube.com/shorts/7E1R1quwj9Q
2026-08-11,2026-08-07T05:00:53Z,J60qfqLTQdU,"""Nothing left to prove"" — Zeno of Citium | Stoicism",36,1,2,https://youtube.com/shorts/J60qfqLTQdU
2026-08-11,2026-08-07T02:15:11Z,t9uf2y6z2v4,"""The tools are already yours"" — Marcus Aurelius | Stoicism",62,2,2,https://youtube.com/shorts/t9uf2y6z2v4
2026-08-11,2026-08-07T01:52:24Z,BYsOd1MrUuc,"""If the day handed you the wrong role—"" — Epictetus | Stoicism",28,2,2,https://youtube.com/shorts/BYsOd1MrUuc
2026-08-11,2026-08-07T00:45:28Z,pFwsEOPUAf4,"""If doing right cost you today—"" — Epictetus | Stoicism",81,3,2,https://youtube.com/shorts/pFwsEOPUAf4
2026-08-11,2026-08-06T09:56:45Z,FZFK5J219UM,"""Rule 7: Choose who you build with"" — Musonius Rufus | Stoicism",124,6,2,https://youtube.com/shorts/FZFK5J219UM
2026-08-11,2026-08-11T11:44:19Z,UAtmv79K-yg,"""Weigh what you chase"" — Marcus Aurelius | Stoicism",14,0,2,https://youtube.com/shorts/UAtmv79K-yg
2026-08-11,2026-08-11T08:28:21Z,7uSSDaHmxII,"""Still clenching your jaw"" — Epictetus | Stoicism",15,0,2,https://youtube.com/shorts/7uSSDaHmxII
2026-08-11,2026-08-11T04:23:22Z,z_vD6ymLa9I,"""Rule 19: Stop fighting what's already fixed"" — Musonius Rufus | Stoicism",23,1,2,https://youtube.com/shorts/z_vD6ymLa9I
2026-08-11,2026-08-10T09:03:05Z,IKub-zaJyVY,"""The advisor who owned half of Rome"" — Seneca | Stoicism",33,1,2,https://youtube.com/shorts/IKub-zaJyVY
2026-08-11,2026-08-10T04:30:27Z,vhJfUrDC8wk,"""Same ending. All of us"" — Zeno of Citium | Stoicism",135,2,2,https://youtube.com/shorts/vhJfUrDC8wk
2026-08-11,2026-08-10T00:42:48Z,x7pWacebp1E,"""The source is inside"" — Marcus Aurelius | Stoicism",57,1,2,https://youtube.com/shorts/x7pWacebp1E
2026-08-11,2026-08-09T11:27:39Z,4DLKY3xg7DU,"""Nobody thanked you today—"" — Epictetus | Stoicism",176,3,2,https://youtube.com/shorts/4DLKY3xg7DU
2026-08-11,2026-08-09T08:06:10Z,3JOBY99exNk,"""Rule 3: Give before you're asked"" — Musonius Rufus | Stoicism",464,11,2,https://youtube.com/shorts/3JOBY99exNk
2026-08-11,2026-08-09T04:22:29Z,lvLtxkeFLEM,"""One order from Nero changed his whole life"" — Seneca | Stoicism",497,14,2,https://youtube.com/shorts/lvLtxkeFLEM
2026-08-11,2026-08-08T16:31:36Z,7E1R1quwj9Q,"""Bend, don't break"" — Zeno of Citium | Stoicism",211,4,2,https://youtube.com/shorts/7E1R1quwj9Q
2026-08-11,2026-08-07T05:00:53Z,J60qfqLTQdU,"""Nothing left to prove"" — Zeno of Citium | Stoicism",36,1,2,https://youtube.com/shorts/J60qfqLTQdU
2026-08-11,2026-08-07T02:15:11Z,t9uf2y6z2v4,"""The tools are already yours"" — Marcus Aurelius | Stoicism",62,2,2,https://youtube.com/shorts/t9uf2y6z2v4
2026-08-11,2026-08-07T01:52:24Z,BYsOd1MrUuc,"""If the day handed you the wrong role—"" — Epictetus | Stoicism",28,2,2,https://youtube.com/shorts/BYsOd1MrUuc
2026-08-11,2026-08-07T00:45:28Z,pFwsEOPUAf4,"""If doing right cost you today—"" — Epictetus | Stoicism",81,3,2,https://youtube.com/shorts/pFwsEOPUAf4
2026-08-11,2026-08-06T09:56:45Z,FZFK5J219UM,"""Rule 7: Choose who you build with"" — Musonius Rufus | Stoicism",124,6,2,https://youtube.com/shorts/FZFK5J219UM
2026-08-11,2026-08-11T11:44:19Z,UAtmv79K-yg,"""Weigh what you chase"" — Marcus Aurelius | Stoicism",14,0,2,https://youtube.com/shorts/UAtmv79K-yg
2026-08-11,2026-08-11T08:28:21Z,7uSSDaHmxII,"""Still clenching your jaw"" — Epictetus | Stoicism",15,0,2,https://youtube.com/shorts/7uSSDaHmxII
2026-08-11,2026-08-11T04:23:22Z,z_vD6ymLa9I,"""Rule 19: Stop fighting what's already fixed"" — Musonius Rufus | Stoicism",23,1,2,https://youtube.com/shorts/z_vD6ymLa9I
2026-08-11,2026-08-10T09:03:05Z,IKub-zaJyVY,"""The advisor who owned half of Rome"" — Seneca | Stoicism",33,1,2,https://youtube.com/shorts/IKub-zaJyVY
2026-08-11,2026-08-10T04:30:27Z,vhJfUrDC8wk,"""Same ending. All of us"" — Zeno of Citium | Stoicism",135,2,2,https://youtube.com/shorts/vhJfUrDC8wk
2026-08-11,2026-08-10T00:42:48Z,x7pWacebp1E,"""The source is inside"" — Marcus Aurelius | Stoicism",57,1,2,https://youtube.com/shorts/x7pWacebp1E
2026-08-11,2026-08-09T11:27:39Z,4DLKY3xg7DU,"""Nobody thanked you today—"" — Epictetus | Stoicism",176,3,2,https://youtube.com/shorts/4DLKY3xg7DU
2026-08-11,2026-08-09T08:06:10Z,3JOBY99exNk,"""Rule 3: Give before you're asked"" — Musonius Rufus | Stoicism",464,11,2,https://youtube.com/shorts/3JOBY99exNk
2026-08-11,2026-08-09T04:22:29Z,lvLtxkeFLEM,"""One order from Nero changed his whole life"" — Seneca | Stoicism",497,14,2,https://youtube.com/shorts/lvLtxkeFLEM
2026-08-11,2026-08-08T16:31:36Z,7E1R1quwj9Q,"""Bend, don't break"" — Zeno of Citium | Stoicism",211,4,2,https://youtube.com/shorts/7E1R1quwj9Q
2026-08-11,2026-08-07T05:00:53Z,J60qfqLTQdU,"""Nothing left to prove"" — Zeno of Citium | Stoicism",36,1,2,https://youtube.com/shorts/J60qfqLTQdU
2026-08-11,2026-08-07T02:15:11Z,t9uf2y6z2v4,"""The tools are already yours"" — Marcus Aurelius | Stoicism",62,2,2,https://youtube.com/shorts/t9uf2y6z2v4
2026-08-11,2026-08-07T01:52:24Z,BYsOd1MrUuc,"""If the day handed you the wrong role—"" — Epictetus | Stoicism",28,2,2,https://youtube.com/shorts/BYsOd1MrUuc
2026-08-11,2026-08-07T00:45:28Z,pFwsEOPUAf4,"""If doing right cost you today—"" — Epictetus | Stoicism",81,3,2,https://youtube.com/shorts/pFwsEOPUAf4
2026-08-11,2026-08-06T09:56:45Z,FZFK5J219UM,"""Rule 7: Choose who you build with"" — Musonius Rufus | Stoicism",124,6,2,https://youtube.com/shorts/FZFK5J219UM
2026-08-11,2026-08-11T11:44:19Z,UAtmv79K-yg,"""Weigh what you chase"" — Marcus Aurelius | Stoicism",16,0,2,https://youtube.com/shorts/UAtmv79K-yg
2026-08-11,2026-08-11T08:28:21Z,7uSSDaHmxII,"""Still clenching your jaw"" — Epictetus | Stoicism",15,0,2,https://youtube.com/shorts/7uSSDaHmxII
2026-08-11,2026-08-11T04:23:22Z,z_vD6ymLa9I,"""Rule 19: Stop fighting what's already fixed"" — Musonius Rufus | Stoicism",23,1,2,https://youtube.com/shorts/z_vD6ymLa9I
2026-08-11,2026-08-10T09:03:05Z,IKub-zaJyVY,"""The advisor who owned half of Rome"" — Seneca | Stoicism",36,1,2,https://youtube.com/shorts/IKub-zaJyVY
2026-08-11,2026-08-10T04:30:27Z,vhJfUrDC8wk,"""Same ending. All of us"" — Zeno of Citium | Stoicism",136,2,2,https://youtube.com/shorts/vhJfUrDC8wk
2026-08-11,2026-08-10T00:42:48Z,x7pWacebp1E,"""The source is inside"" — Marcus Aurelius | Stoicism",57,1,2,https://youtube.com/shorts/x7pWacebp1E
2026-08-11,2026-08-09T11:27:39Z,4DLKY3xg7DU,"""Nobody thanked you today—"" — Epictetus | Stoicism",176,3,2,https://youtube.com/shorts/4DLKY3xg7DU
2026-08-11,2026-08-09T08:06:10Z,3JOBY99exNk,"""Rule 3: Give before you're asked"" — Musonius Rufus | Stoicism",464,11,2,https://youtube.com/shorts/3JOBY99exNk
2026-08-11,2026-08-09T04:22:29Z,lvLtxkeFLEM,"""One order from Nero changed his whole life"" — Seneca | Stoicism",497,14,2,https://youtube.com/shorts/lvLtxkeFLEM
2026-08-11,2026-08-08T16:31:36Z,7E1R1quwj9Q,"""Bend, don't break"" — Zeno of Citium | Stoicism",211,4,2,https://youtube.com/shorts/7E1R1quwj9Q
2026-08-11,2026-08-07T05:00:53Z,J60qfqLTQdU,"""Nothing left to prove"" — Zeno of Citium | Stoicism",36,1,2,https://youtube.com/shorts/J60qfqLTQdU
2026-08-11,2026-08-07T02:15:11Z,t9uf2y6z2v4,"""The tools are already yours"" — Marcus Aurelius | Stoicism",62,2,2,https://youtube.com/shorts/t9uf2y6z2v4
2026-08-11,2026-08-07T01:52:24Z,BYsOd1MrUuc,"""If the day handed you the wrong role—"" — Epictetus | Stoicism",28,2,2,https://youtube.com/shorts/BYsOd1MrUuc
2026-08-11,2026-08-07T00:45:28Z,pFwsEOPUAf4,"""If doing right cost you today—"" — Epictetus | Stoicism",81,3,2,https://youtube.com/shorts/pFwsEOPUAf4
2026-08-11,2026-08-06T09:56:45Z,FZFK5J219UM,"""Rule 7: Choose who you build with"" — Musonius Rufus | Stoicism",124,6,2,https://youtube.com/shorts/FZFK5J219UM
2026-08-12,2026-08-12T04:52:46Z,nUgDtEcNS04,"""Nothing can force you"" — Zeno of Citium | Stoicism",0,0,2,https://youtube.com/shorts/nUgDtEcNS04
2026-08-12,2026-08-11T11:44:19Z,UAtmv79K-yg,"""Weigh what you chase"" — Marcus Aurelius | Stoicism",19,0,2,https://youtube.com/shorts/UAtmv79K-yg
2026-08-12,2026-08-11T08:28:21Z,7uSSDaHmxII,"""Still clenching your jaw"" — Epictetus | Stoicism",15,0,2,https://youtube.com/shorts/7uSSDaHmxII
2026-08-12,2026-08-11T04:23:22Z,z_vD6ymLa9I,"""Rule 19: Stop fighting what's already fixed"" — Musonius Rufus | Stoicism",25,1,2,https://youtube.com/shorts/z_vD6ymLa9I
2026-08-12,2026-08-10T09:03:05Z,IKub-zaJyVY,"""The advisor who owned half of Rome"" — Seneca | Stoicism",37,1,2,https://youtube.com/shorts/IKub-zaJyVY
2026-08-12,2026-08-10T04:30:27Z,vhJfUrDC8wk,"""Same ending. All of us"" — Zeno of Citium | Stoicism",136,2,2,https://youtube.com/shorts/vhJfUrDC8wk
2026-08-12,2026-08-10T00:42:48Z,x7pWacebp1E,"""The source is inside"" — Marcus Aurelius | Stoicism",57,1,2,https://youtube.com/shorts/x7pWacebp1E
2026-08-12,2026-08-09T11:27:39Z,4DLKY3xg7DU,"""Nobody thanked you today—"" — Epictetus | Stoicism",176,3,2,https://youtube.com/shorts/4DLKY3xg7DU
2026-08-12,2026-08-09T08:06:10Z,3JOBY99exNk,"""Rule 3: Give before you're asked"" — Musonius Rufus | Stoicism",464,11,2,https://youtube.com/shorts/3JOBY99exNk
2026-08-12,2026-08-09T04:22:29Z,lvLtxkeFLEM,"""One order from Nero changed his whole life"" — Seneca | Stoicism",497,14,2,https://youtube.com/shorts/lvLtxkeFLEM
2026-08-12,2026-08-08T16:31:36Z,7E1R1quwj9Q,"""Bend, don't break"" — Zeno of Citium | Stoicism",211,4,2,https://youtube.com/shorts/7E1R1quwj9Q
2026-08-12,2026-08-07T05:00:53Z,J60qfqLTQdU,"""Nothing left to prove"" — Zeno of Citium | Stoicism",36,1,2,https://youtube.com/shorts/J60qfqLTQdU
2026-08-12,2026-08-07T02:15:11Z,t9uf2y6z2v4,"""The tools are already yours"" — Marcus Aurelius | Stoicism",62,2,2,https://youtube.com/shorts/t9uf2y6z2v4
2026-08-12,2026-08-07T01:52:24Z,BYsOd1MrUuc,"""If the day handed you the wrong role—"" — Epictetus | Stoicism",28,2,2,https://youtube.com/shorts/BYsOd1MrUuc
2026-08-12,2026-08-07T00:45:28Z,pFwsEOPUAf4,"""If doing right cost you today—"" — Epictetus | Stoicism",81,3,2,https://youtube.com/shorts/pFwsEOPUAf4
2026-08-12,2026-08-12T08:35:51Z,tGmooVvt-bQ,"""His enemy already held the throne"" — Seneca | Stoicism",0,0,2,https://youtube.com/shorts/tGmooVvt-bQ
2026-08-12,2026-08-12T04:53:15Z,nUgDtEcNS04,"""Nothing can force you"" — Zeno of Citium | Stoicism",127,6,2,https://youtube.com/shorts/nUgDtEcNS04
2026-08-12,2026-08-11T11:44:19Z,UAtmv79K-yg,"""Weigh what you chase"" — Marcus Aurelius | Stoicism",20,1,2,https://youtube.com/shorts/UAtmv79K-yg
2026-08-12,2026-08-11T08:28:21Z,7uSSDaHmxII,"""Still clenching your jaw"" — Epictetus | Stoicism",16,0,2,https://youtube.com/shorts/7uSSDaHmxII
2026-08-12,2026-08-11T04:23:22Z,z_vD6ymLa9I,"""Rule 19: Stop fighting what's already fixed"" — Musonius Rufus | Stoicism",25,1,2,https://youtube.com/shorts/z_vD6ymLa9I
2026-08-12,2026-08-10T09:03:05Z,IKub-zaJyVY,"""The advisor who owned half of Rome"" — Seneca | Stoicism",37,1,2,https://youtube.com/shorts/IKub-zaJyVY
2026-08-12,2026-08-10T04:30:27Z,vhJfUrDC8wk,"""Same ending. All of us"" — Zeno of Citium | Stoicism",136,2,2,https://youtube.com/shorts/vhJfUrDC8wk
2026-08-12,2026-08-10T00:42:48Z,x7pWacebp1E,"""The source is inside"" — Marcus Aurelius | Stoicism",57,1,2,https://youtube.com/shorts/x7pWacebp1E
2026-08-12,2026-08-09T11:27:39Z,4DLKY3xg7DU,"""Nobody thanked you today—"" — Epictetus | Stoicism",176,3,2,https://youtube.com/shorts/4DLKY3xg7DU
2026-08-12,2026-08-09T08:06:10Z,3JOBY99exNk,"""Rule 3: Give before you're asked"" — Musonius Rufus | Stoicism",464,11,2,https://youtube.com/shorts/3JOBY99exNk
2026-08-12,2026-08-09T04:22:29Z,lvLtxkeFLEM,"""One order from Nero changed his whole life"" — Seneca | Stoicism",497,15,2,https://youtube.com/shorts/lvLtxkeFLEM
2026-08-12,2026-08-08T16:31:36Z,7E1R1quwj9Q,"""Bend, don't break"" — Zeno of Citium | Stoicism",211,4,2,https://youtube.com/shorts/7E1R1quwj9Q
2026-08-12,2026-08-07T05:00:53Z,J60qfqLTQdU,"""Nothing left to prove"" — Zeno of Citium | Stoicism",36,1,2,https://youtube.com/shorts/J60qfqLTQdU
2026-08-12,2026-08-07T02:15:11Z,t9uf2y6z2v4,"""The tools are already yours"" — Marcus Aurelius | Stoicism",62,2,2,https://youtube.com/shorts/t9uf2y6z2v4
2026-08-12,2026-08-07T01:52:24Z,BYsOd1MrUuc,"""If the day handed you the wrong role—"" — Epictetus | Stoicism",28,2,2,https://youtube.com/shorts/BYsOd1MrUuc
2026-08-12,2026-08-12T08:35:51Z,tGmooVvt-bQ,"""His enemy already held the throne"" — Seneca | Stoicism",11,1,2,https://youtube.com/shorts/tGmooVvt-bQ
2026-08-12,2026-08-12T04:53:15Z,nUgDtEcNS04,"""Nothing can force you"" — Zeno of Citium | Stoicism",267,9,2,https://youtube.com/shorts/nUgDtEcNS04
2026-08-12,2026-08-11T11:44:19Z,UAtmv79K-yg,"""Weigh what you chase"" — Marcus Aurelius | Stoicism",21,2,2,https://youtube.com/shorts/UAtmv79K-yg
2026-08-12,2026-08-11T08:28:21Z,7uSSDaHmxII,"""Still clenching your jaw"" — Epictetus | Stoicism",17,0,2,https://youtube.com/shorts/7uSSDaHmxII
2026-08-12,2026-08-11T04:23:22Z,z_vD6ymLa9I,"""Rule 19: Stop fighting what's already fixed"" — Musonius Rufus | Stoicism",28,1,2,https://youtube.com/shorts/z_vD6ymLa9I
2026-08-12,2026-08-10T09:03:05Z,IKub-zaJyVY,"""The advisor who owned half of Rome"" — Seneca | Stoicism",37,1,2,https://youtube.com/shorts/IKub-zaJyVY
2026-08-12,2026-08-10T04:30:27Z,vhJfUrDC8wk,"""Same ending. All of us"" — Zeno of Citium | Stoicism",137,2,2,https://youtube.com/shorts/vhJfUrDC8wk
2026-08-12,2026-08-10T00:42:48Z,x7pWacebp1E,"""The source is inside"" — Marcus Aurelius | Stoicism",57,1,2,https://youtube.com/shorts/x7pWacebp1E
2026-08-12,2026-08-09T11:27:39Z,4DLKY3xg7DU,"""Nobody thanked you today—"" — Epictetus | Stoicism",176,3,2,https://youtube.com/shorts/4DLKY3xg7DU
2026-08-12,2026-08-09T08:06:10Z,3JOBY99exNk,"""Rule 3: Give before you're asked"" — Musonius Rufus | Stoicism",464,11,2,https://youtube.com/shorts/3JOBY99exNk
2026-08-12,2026-08-09T04:22:29Z,lvLtxkeFLEM,"""One order from Nero changed his whole life"" — Seneca | Stoicism",499,15,2,https://youtube.com/shorts/lvLtxkeFLEM
2026-08-12,2026-08-08T16:31:36Z,7E1R1quwj9Q,"""Bend, don't break"" — Zeno of Citium | Stoicism",211,4,2,https://youtube.com/shorts/7E1R1quwj9Q
2026-08-12,2026-08-07T05:00:53Z,J60qfqLTQdU,"""Nothing left to prove"" — Zeno of Citium | Stoicism",36,1,2,https://youtube.com/shorts/J60qfqLTQdU
2026-08-12,2026-08-07T02:15:11Z,t9uf2y6z2v4,"""The tools are already yours"" — Marcus Aurelius | Stoicism",62,2,2,https://youtube.com/shorts/t9uf2y6z2v4
2026-08-12,2026-08-07T01:52:24Z,BYsOd1MrUuc,"""If the day handed you the wrong role—"" — Epictetus | Stoicism",28,2,2,https://youtube.com/shorts/BYsOd1MrUuc
2026-08-12,2026-08-12T11:51:40Z,SsipBXrnSjM,"""Rule 24: Carry his faults quietly"" — Musonius Rufus | Stoicism",3,0,2,https://youtube.com/shorts/SsipBXrnSjM
2026-08-12,2026-08-12T08:35:51Z,tGmooVvt-bQ,"""His enemy already held the throne"" — Seneca | Stoicism",28,1,2,https://youtube.com/shorts/tGmooVvt-bQ
2026-08-12,2026-08-12T04:53:15Z,nUgDtEcNS04,"""Nothing can force you"" — Zeno of Citium | Stoicism",332,9,2,https://youtube.com/shorts/nUgDtEcNS04
2026-08-12,2026-08-11T11:44:19Z,UAtmv79K-yg,"""Weigh what you chase"" — Marcus Aurelius | Stoicism",25,2,2,https://youtube.com/shorts/UAtmv79K-yg
2026-08-12,2026-08-11T08:28:21Z,7uSSDaHmxII,"""Still clenching your jaw"" — Epictetus | Stoicism",18,0,2,https://youtube.com/shorts/7uSSDaHmxII
2026-08-12,2026-08-11T04:23:22Z,z_vD6ymLa9I,"""Rule 19: Stop fighting what's already fixed"" — Musonius Rufus | Stoicism",29,1,2,https://youtube.com/shorts/z_vD6ymLa9I
2026-08-12,2026-08-10T09:03:05Z,IKub-zaJyVY,"""The advisor who owned half of Rome"" — Seneca | Stoicism",37,1,2,https://youtube.com/shorts/IKub-zaJyVY
2026-08-12,2026-08-10T04:30:27Z,vhJfUrDC8wk,"""Same ending. All of us"" — Zeno of Citium | Stoicism",137,2,2,https://youtube.com/shorts/vhJfUrDC8wk
2026-08-12,2026-08-10T00:42:48Z,x7pWacebp1E,"""The source is inside"" — Marcus Aurelius | Stoicism",57,1,2,https://youtube.com/shorts/x7pWacebp1E
2026-08-12,2026-08-09T11:27:39Z,4DLKY3xg7DU,"""Nobody thanked you today—"" — Epictetus | Stoicism",176,3,2,https://youtube.com/shorts/4DLKY3xg7DU
2026-08-12,2026-08-09T08:06:10Z,3JOBY99exNk,"""Rule 3: Give before you're asked"" — Musonius Rufus | Stoicism",464,11,2,https://youtube.com/shorts/3JOBY99exNk
2026-08-12,2026-08-09T04:22:29Z,lvLtxkeFLEM,"""One order from Nero changed his whole life"" — Seneca | Stoicism",502,15,2,https://youtube.com/shorts/lvLtxkeFLEM
2026-08-12,2026-08-08T16:31:36Z,7E1R1quwj9Q,"""Bend, don't break"" — Zeno of Citium | Stoicism",211,4,2,https://youtube.com/shorts/7E1R1quwj9Q
2026-08-12,2026-08-07T05:00:53Z,J60qfqLTQdU,"""Nothing left to prove"" — Zeno of Citium | Stoicism",36,1,2,https://youtube.com/shorts/J60qfqLTQdU
2026-08-12,2026-08-07T02:15:11Z,t9uf2y6z2v4,"""The tools are already yours"" — Marcus Aurelius | Stoicism",62,2,2,https://youtube.com/shorts/t9uf2y6z2v4
2026-08-12,2026-08-12T11:51:40Z,SsipBXrnSjM,"""Rule 24: Carry his faults quietly"" — Musonius Rufus | Stoicism",25,0,2,https://youtube.com/shorts/SsipBXrnSjM
2026-08-12,2026-08-12T08:35:51Z,tGmooVvt-bQ,"""His enemy already held the throne"" — Seneca | Stoicism",35,1,2,https://youtube.com/shorts/tGmooVvt-bQ
2026-08-12,2026-08-12T04:53:15Z,nUgDtEcNS04,"""Nothing can force you"" — Zeno of Citium | Stoicism",350,10,2,https://youtube.com/shorts/nUgDtEcNS04
2026-08-12,2026-08-11T11:44:19Z,UAtmv79K-yg,"""Weigh what you chase"" — Marcus Aurelius | Stoicism",31,2,2,https://youtube.com/shorts/UAtmv79K-yg
2026-08-12,2026-08-11T08:28:21Z,7uSSDaHmxII,"""Still clenching your jaw"" — Epictetus | Stoicism",20,0,2,https://youtube.com/shorts/7uSSDaHmxII
2026-08-12,2026-08-11T04:23:22Z,z_vD6ymLa9I,"""Rule 19: Stop fighting what's already fixed"" — Musonius Rufus | Stoicism",29,1,2,https://youtube.com/shorts/z_vD6ymLa9I
2026-08-12,2026-08-10T09:03:05Z,IKub-zaJyVY,"""The advisor who owned half of Rome"" — Seneca | Stoicism",37,1,2,https://youtube.com/shorts/IKub-zaJyVY
2026-08-12,2026-08-10T04:30:27Z,vhJfUrDC8wk,"""Same ending. All of us"" — Zeno of Citium | Stoicism",137,2,2,https://youtube.com/shorts/vhJfUrDC8wk
2026-08-12,2026-08-10T00:42:48Z,x7pWacebp1E,"""The source is inside"" — Marcus Aurelius | Stoicism",57,1,2,https://youtube.com/shorts/x7pWacebp1E
2026-08-12,2026-08-09T11:27:39Z,4DLKY3xg7DU,"""Nobody thanked you today—"" — Epictetus | Stoicism",176,3,2,https://youtube.com/shorts/4DLKY3xg7DU
2026-08-12,2026-08-09T08:06:10Z,3JOBY99exNk,"""Rule 3: Give before you're asked"" — Musonius Rufus | Stoicism",464,11,2,https://youtube.com/shorts/3JOBY99exNk
2026-08-12,2026-08-09T04:22:29Z,lvLtxkeFLEM,"""One order from Nero changed his whole life"" — Seneca | Stoicism",502,15,2,https://youtube.com/shorts/lvLtxkeFLEM
2026-08-12,2026-08-08T16:31:36Z,7E1R1quwj9Q,"""Bend, don't break"" — Zeno of Citium | Stoicism",211,4,2,https://youtube.com/shorts/7E1R1quwj9Q
2026-08-12,2026-08-07T05:00:53Z,J60qfqLTQdU,"""Nothing left to prove"" — Zeno of Citium | Stoicism",36,1,2,https://youtube.com/shorts/J60qfqLTQdU
2026-08-12,2026-08-07T02:15:11Z,t9uf2y6z2v4,"""The tools are already yours"" — Marcus Aurelius | Stoicism",62,2,2,https://youtube.com/shorts/t9uf2y6z2v4
2026-08-12,2026-08-12T11:51:40Z,SsipBXrnSjM,"""Rule 24: Carry his faults quietly"" — Musonius Rufus | Stoicism",26,0,2,https://youtube.com/shorts/SsipBXrnSjM
2026-08-12,2026-08-12T08:35:51Z,tGmooVvt-bQ,"""His enemy already held the throne"" — Seneca | Stoicism",33,1,2,https://youtube.com/shorts/tGmooVvt-bQ
2026-08-12,2026-08-12T04:53:15Z,nUgDtEcNS04,"""Nothing can force you"" — Zeno of Citium | Stoicism",350,10,2,https://youtube.com/shorts/nUgDtEcNS04
2026-08-12,2026-08-11T11:44:19Z,UAtmv79K-yg,"""Weigh what you chase"" — Marcus Aurelius | Stoicism",31,2,2,https://youtube.com/shorts/UAtmv79K-yg
2026-08-12,2026-08-11T08:28:21Z,7uSSDaHmxII,"""Still clenching your jaw"" — Epictetus | Stoicism",19,0,2,https://youtube.com/shorts/7uSSDaHmxII
2026-08-12,2026-08-11T04:23:22Z,z_vD6ymLa9I,"""Rule 19: Stop fighting what's already fixed"" — Musonius Rufus | Stoicism",29,1,2,https://youtube.com/shorts/z_vD6ymLa9I
2026-08-12,2026-08-10T09:03:05Z,IKub-zaJyVY,"""The advisor who owned half of Rome"" — Seneca | Stoicism",37,1,2,https://youtube.com/shorts/IKub-zaJyVY
2026-08-12,2026-08-10T04:30:27Z,vhJfUrDC8wk,"""Same ending. All of us"" — Zeno of Citium | Stoicism",137,2,2,https://youtube.com/shorts/vhJfUrDC8wk
2026-08-12,2026-08-10T00:42:48Z,x7pWacebp1E,"""The source is inside"" — Marcus Aurelius | Stoicism",57,1,2,https://youtube.com/shorts/x7pWacebp1E
2026-08-12,2026-08-09T11:27:39Z,4DLKY3xg7DU,"""Nobody thanked you today—"" — Epictetus | Stoicism",176,3,2,https://youtube.com/shorts/4DLKY3xg7DU
2026-08-12,2026-08-09T08:06:10Z,3JOBY99exNk,"""Rule 3: Give before you're asked"" — Musonius Rufus | Stoicism",464,11,2,https://youtube.com/shorts/3JOBY99exNk
2026-08-12,2026-08-09T04:22:29Z,lvLtxkeFLEM,"""One order from Nero changed his whole life"" — Seneca | Stoicism",502,15,2,https://youtube.com/shorts/lvLtxkeFLEM
2026-08-12,2026-08-08T16:31:36Z,7E1R1quwj9Q,"""Bend, don't break"" — Zeno of Citium | Stoicism",211,4,2,https://youtube.com/shorts/7E1R1quwj9Q
2026-08-12,2026-08-07T05:00:53Z,J60qfqLTQdU,"""Nothing left to prove"" — Zeno of Citium | Stoicism",36,1,2,https://youtube.com/shorts/J60qfqLTQdU
2026-08-12,2026-08-07T02:15:11Z,t9uf2y6z2v4,"""The tools are already yours"" — Marcus Aurelius | Stoicism",62,2,2,https://youtube.com/shorts/t9uf2y6z2v4
2026-08-12,2026-08-12T11:51:40Z,SsipBXrnSjM,"""Rule 24: Carry his faults quietly"" — Musonius Rufus | Stoicism",29,0,2,https://youtube.com/shorts/SsipBXrnSjM
2026-08-12,2026-08-12T08:35:51Z,tGmooVvt-bQ,"""His enemy already held the throne"" — Seneca | Stoicism",36,1,2,https://youtube.com/shorts/tGmooVvt-bQ
2026-08-12,2026-08-12T04:53:15Z,nUgDtEcNS04,"""Nothing can force you"" — Zeno of Citium | Stoicism",350,11,2,https://youtube.com/shorts/nUgDtEcNS04
2026-08-12,2026-08-11T11:44:19Z,UAtmv79K-yg,"""Weigh what you chase"" — Marcus Aurelius | Stoicism",32,2,2,https://youtube.com/shorts/UAtmv79K-yg
2026-08-12,2026-08-11T08:28:21Z,7uSSDaHmxII,"""Still clenching your jaw"" — Epictetus | Stoicism",20,0,2,https://youtube.com/shorts/7uSSDaHmxII
2026-08-12,2026-08-11T04:23:22Z,z_vD6ymLa9I,"""Rule 19: Stop fighting what's already fixed"" — Musonius Rufus | Stoicism",29,1,2,https://youtube.com/shorts/z_vD6ymLa9I
2026-08-12,2026-08-10T09:03:05Z,IKub-zaJyVY,"""The advisor who owned half of Rome"" — Seneca | Stoicism",38,1,2,https://youtube.com/shorts/IKub-zaJyVY
2026-08-12,2026-08-10T04:30:27Z,vhJfUrDC8wk,"""Same ending. All of us"" — Zeno of Citium | Stoicism",137,2,2,https://youtube.com/shorts/vhJfUrDC8wk
2026-08-12,2026-08-10T00:42:48Z,x7pWacebp1E,"""The source is inside"" — Marcus Aurelius | Stoicism",57,1,2,https://youtube.com/shorts/x7pWacebp1E
2026-08-12,2026-08-09T11:27:39Z,4DLKY3xg7DU,"""Nobody thanked you today—"" — Epictetus | Stoicism",176,3,2,https://youtube.com/shorts/4DLKY3xg7DU
2026-08-12,2026-08-09T08:06:10Z,3JOBY99exNk,"""Rule 3: Give before you're asked"" — Musonius Rufus | Stoicism",464,11,2,https://youtube.com/shorts/3JOBY99exNk
2026-08-12,2026-08-09T04:22:29Z,lvLtxkeFLEM,"""One order from Nero changed his whole life"" — Seneca | Stoicism",503,15,2,https://youtube.com/shorts/lvLtxkeFLEM
2026-08-12,2026-08-08T16:31:36Z,7E1R1quwj9Q,"""Bend, don't break"" — Zeno of Citium | Stoicism",211,4,2,https://youtube.com/shorts/7E1R1quwj9Q
2026-08-12,2026-08-07T05:00:53Z,J60qfqLTQdU,"""Nothing left to prove"" — Zeno of Citium | Stoicism",36,1,2,https://youtube.com/shorts/J60qfqLTQdU
2026-08-12,2026-08-07T02:15:11Z,t9uf2y6z2v4,"""The tools are already yours"" — Marcus Aurelius | Stoicism",62,2,2,https://youtube.com/shorts/t9uf2y6z2v4
2026-08-13,2026-08-13T04:56:55Z,Xlbq2aBt5W8,"""If today felt thankless—"" — Epictetus | Stoicism",0,0,2,https://youtube.com/shorts/Xlbq2aBt5W8
2026-08-13,2026-08-12T11:51:40Z,SsipBXrnSjM,"""Rule 24: Carry his faults quietly"" — Musonius Rufus | Stoicism",38,1,2,https://youtube.com/shorts/SsipBXrnSjM
2026-08-13,2026-08-12T08:35:51Z,tGmooVvt-bQ,"""His enemy already held the throne"" — Seneca | Stoicism",37,1,2,https://youtube.com/shorts/tGmooVvt-bQ
2026-08-13,2026-08-12T04:53:15Z,nUgDtEcNS04,"""Nothing can force you"" — Zeno of Citium | Stoicism",345,11,2,https://youtube.com/shorts/nUgDtEcNS04
2026-08-13,2026-08-11T11:44:19Z,UAtmv79K-yg,"""Weigh what you chase"" — Marcus Aurelius | Stoicism",34,2,2,https://youtube.com/shorts/UAtmv79K-yg
2026-08-13,2026-08-11T08:28:21Z,7uSSDaHmxII,"""Still clenching your jaw"" — Epictetus | Stoicism",21,0,2,https://youtube.com/shorts/7uSSDaHmxII
2026-08-13,2026-08-11T04:23:22Z,z_vD6ymLa9I,"""Rule 19: Stop fighting what's already fixed"" — Musonius Rufus | Stoicism",28,1,2,https://youtube.com/shorts/z_vD6ymLa9I
2026-08-13,2026-08-10T09:03:05Z,IKub-zaJyVY,"""The advisor who owned half of Rome"" — Seneca | Stoicism",39,1,2,https://youtube.com/shorts/IKub-zaJyVY
2026-08-13,2026-08-10T04:30:27Z,vhJfUrDC8wk,"""Same ending. All of us"" — Zeno of Citium | Stoicism",137,2,2,https://youtube.com/shorts/vhJfUrDC8wk
2026-08-13,2026-08-10T00:42:48Z,x7pWacebp1E,"""The source is inside"" — Marcus Aurelius | Stoicism",58,1,2,https://youtube.com/shorts/x7pWacebp1E
2026-08-13,2026-08-09T11:27:39Z,4DLKY3xg7DU,"""Nobody thanked you today—"" — Epictetus | Stoicism",177,3,2,https://youtube.com/shorts/4DLKY3xg7DU
2026-08-13,2026-08-09T08:06:10Z,3JOBY99exNk,"""Rule 3: Give before you're asked"" — Musonius Rufus | Stoicism",465,11,2,https://youtube.com/shorts/3JOBY99exNk
2026-08-13,2026-08-09T04:22:29Z,lvLtxkeFLEM,"""One order from Nero changed his whole life"" — Seneca | Stoicism",504,15,2,https://youtube.com/shorts/lvLtxkeFLEM
2026-08-13,2026-08-08T16:31:36Z,7E1R1quwj9Q,"""Bend, don't break"" — Zeno of Citium | Stoicism",212,4,2,https://youtube.com/shorts/7E1R1quwj9Q
2026-08-13,2026-08-07T05:00:53Z,J60qfqLTQdU,"""Nothing left to prove"" — Zeno of Citium | Stoicism",37,1,2,https://youtube.com/shorts/J60qfqLTQdU
2026-08-13,2026-08-13T08:43:58Z,cGGfKXhcbtk,"""Answer to yourself"" — Marcus Aurelius | Stoicism",0,0,2,https://youtube.com/shorts/cGGfKXhcbtk
2026-08-13,2026-08-13T04:57:28Z,Xlbq2aBt5W8,"""If today felt thankless—"" — Epictetus | Stoicism",6,0,2,https://youtube.com/shorts/Xlbq2aBt5W8
2026-08-13,2026-08-12T11:51:40Z,SsipBXrnSjM,"""Rule 24: Carry his faults quietly"" — Musonius Rufus | Stoicism",38,1,2,https://youtube.com/shorts/SsipBXrnSjM
2026-08-13,2026-08-12T08:35:51Z,tGmooVvt-bQ,"""His enemy already held the throne"" — Seneca | Stoicism",37,1,2,https://youtube.com/shorts/tGmooVvt-bQ
2026-08-13,2026-08-12T04:53:15Z,nUgDtEcNS04,"""Nothing can force you"" — Zeno of Citium | Stoicism",345,11,2,https://youtube.com/shorts/nUgDtEcNS04
2026-08-13,2026-08-11T11:44:19Z,UAtmv79K-yg,"""Weigh what you chase"" — Marcus Aurelius | Stoicism",34,2,2,https://youtube.com/shorts/UAtmv79K-yg
2026-08-13,2026-08-11T08:28:21Z,7uSSDaHmxII,"""Still clenching your jaw"" — Epictetus | Stoicism",22,0,2,https://youtube.com/shorts/7uSSDaHmxII
2026-08-13,2026-08-11T04:23:22Z,z_vD6ymLa9I,"""Rule 19: Stop fighting what's already fixed"" — Musonius Rufus | Stoicism",29,1,2,https://youtube.com/shorts/z_vD6ymLa9I
2026-08-13,2026-08-10T09:03:05Z,IKub-zaJyVY,"""The advisor who owned half of Rome"" — Seneca | Stoicism",39,1,2,https://youtube.com/shorts/IKub-zaJyVY
2026-08-13,2026-08-10T04:30:27Z,vhJfUrDC8wk,"""Same ending. All of us"" — Zeno of Citium | Stoicism",137,2,2,https://youtube.com/shorts/vhJfUrDC8wk
2026-08-13,2026-08-10T00:42:48Z,x7pWacebp1E,"""The source is inside"" — Marcus Aurelius | Stoicism",58,1,2,https://youtube.com/shorts/x7pWacebp1E
2026-08-13,2026-08-09T11:27:39Z,4DLKY3xg7DU,"""Nobody thanked you today—"" — Epictetus | Stoicism",177,3,2,https://youtube.com/shorts/4DLKY3xg7DU
2026-08-13,2026-08-09T08:06:10Z,3JOBY99exNk,"""Rule 3: Give before you're asked"" — Musonius Rufus | Stoicism",465,11,2,https://youtube.com/shorts/3JOBY99exNk
2026-08-13,2026-08-09T04:22:29Z,lvLtxkeFLEM,"""One order from Nero changed his whole life"" — Seneca | Stoicism",505,15,2,https://youtube.com/shorts/lvLtxkeFLEM
2026-08-13,2026-08-08T16:31:36Z,7E1R1quwj9Q,"""Bend, don't break"" — Zeno of Citium | Stoicism",212,4,2,https://youtube.com/shorts/7E1R1quwj9Q
2026-08-13,2026-08-13T11:44:57Z,uCYwL47CEtI,"""Nothing terrible here"" — Zeno of Citium | Stoicism",0,0,2,https://youtube.com/shorts/uCYwL47CEtI
2026-08-13,2026-08-13T08:43:58Z,cGGfKXhcbtk,"""Answer to yourself"" — Marcus Aurelius | Stoicism",51,1,2,https://youtube.com/shorts/cGGfKXhcbtk
2026-08-13,2026-08-13T04:57:28Z,Xlbq2aBt5W8,"""If today felt thankless—"" — Epictetus | Stoicism",11,1,2,https://youtube.com/shorts/Xlbq2aBt5W8
2026-08-13,2026-08-12T11:51:40Z,SsipBXrnSjM,"""Rule 24: Carry his faults quietly"" — Musonius Rufus | Stoicism",38,1,2,https://youtube.com/shorts/SsipBXrnSjM
2026-08-13,2026-08-12T08:35:51Z,tGmooVvt-bQ,"""His enemy already held the throne"" — Seneca | Stoicism",37,1,2,https://youtube.com/shorts/tGmooVvt-bQ
2026-08-13,2026-08-12T04:53:15Z,nUgDtEcNS04,"""Nothing can force you"" — Zeno of Citium | Stoicism",350,11,2,https://youtube.com/shorts/nUgDtEcNS04
2026-08-13,2026-08-11T11:44:19Z,UAtmv79K-yg,"""Weigh what you chase"" — Marcus Aurelius | Stoicism",36,2,2,https://youtube.com/shorts/UAtmv79K-yg
2026-08-13,2026-08-11T08:28:21Z,7uSSDaHmxII,"""Still clenching your jaw"" — Epictetus | Stoicism",22,0,2,https://youtube.com/shorts/7uSSDaHmxII
2026-08-13,2026-08-11T04:23:22Z,z_vD6ymLa9I,"""Rule 19: Stop fighting what's already fixed"" — Musonius Rufus | Stoicism",29,1,2,https://youtube.com/shorts/z_vD6ymLa9I
2026-08-13,2026-08-10T09:03:05Z,IKub-zaJyVY,"""The advisor who owned half of Rome"" — Seneca | Stoicism",39,1,2,https://youtube.com/shorts/IKub-zaJyVY
2026-08-13,2026-08-10T04:30:27Z,vhJfUrDC8wk,"""Same ending. All of us"" — Zeno of Citium | Stoicism",137,2,2,https://youtube.com/shorts/vhJfUrDC8wk
2026-08-13,2026-08-10T00:42:48Z,x7pWacebp1E,"""The source is inside"" — Marcus Aurelius | Stoicism",58,1,2,https://youtube.com/shorts/x7pWacebp1E
2026-08-13,2026-08-09T11:27:39Z,4DLKY3xg7DU,"""Nobody thanked you today—"" — Epictetus | Stoicism",177,3,2,https://youtube.com/shorts/4DLKY3xg7DU
2026-08-13,2026-08-09T08:06:10Z,3JOBY99exNk,"""Rule 3: Give before you're asked"" — Musonius Rufus | Stoicism",465,11,2,https://youtube.com/shorts/3JOBY99exNk
2026-08-13,2026-08-09T04:22:29Z,lvLtxkeFLEM,"""One order from Nero changed his whole life"" — Seneca | Stoicism",506,15,2,https://youtube.com/shorts/lvLtxkeFLEM
2026-08-13,2026-08-13T11:44:57Z,uCYwL47CEtI,"""Nothing terrible here"" — Zeno of Citium | Stoicism",9,1,2,https://youtube.com/shorts/uCYwL47CEtI
2026-08-13,2026-08-13T08:43:58Z,cGGfKXhcbtk,"""Answer to yourself"" — Marcus Aurelius | Stoicism",70,1,2,https://youtube.com/shorts/cGGfKXhcbtk
2026-08-13,2026-08-13T04:57:28Z,Xlbq2aBt5W8,"""If today felt thankless—"" — Epictetus | Stoicism",12,1,2,https://youtube.com/shorts/Xlbq2aBt5W8
2026-08-13,2026-08-12T11:51:40Z,SsipBXrnSjM,"""Rule 24: Carry his faults quietly"" — Musonius Rufus | Stoicism",40,1,2,https://youtube.com/shorts/SsipBXrnSjM
2026-08-13,2026-08-12T08:35:51Z,tGmooVvt-bQ,"""His enemy already held the throne"" — Seneca | Stoicism",37,1,2,https://youtube.com/shorts/tGmooVvt-bQ
2026-08-13,2026-08-12T04:53:15Z,nUgDtEcNS04,"""Nothing can force you"" — Zeno of Citium | Stoicism",350,11,2,https://youtube.com/shorts/nUgDtEcNS04
2026-08-13,2026-08-11T11:44:19Z,UAtmv79K-yg,"""Weigh what you chase"" — Marcus Aurelius | Stoicism",36,2,2,https://youtube.com/shorts/UAtmv79K-yg
2026-08-13,2026-08-11T08:28:21Z,7uSSDaHmxII,"""Still clenching your jaw"" — Epictetus | Stoicism",22,0,2,https://youtube.com/shorts/7uSSDaHmxII
2026-08-13,2026-08-11T04:23:22Z,z_vD6ymLa9I,"""Rule 19: Stop fighting what's already fixed"" — Musonius Rufus | Stoicism",29,1,2,https://youtube.com/shorts/z_vD6ymLa9I
2026-08-13,2026-08-10T09:03:05Z,IKub-zaJyVY,"""The advisor who owned half of Rome"" — Seneca | Stoicism",39,1,2,https://youtube.com/shorts/IKub-zaJyVY
2026-08-13,2026-08-10T04:30:27Z,vhJfUrDC8wk,"""Same ending. All of us"" — Zeno of Citium | Stoicism",137,2,2,https://youtube.com/shorts/vhJfUrDC8wk
2026-08-13,2026-08-10T00:42:48Z,x7pWacebp1E,"""The source is inside"" — Marcus Aurelius | Stoicism",58,1,2,https://youtube.com/shorts/x7pWacebp1E
2026-08-13,2026-08-09T11:27:39Z,4DLKY3xg7DU,"""Nobody thanked you today—"" — Epictetus | Stoicism",177,3,2,https://youtube.com/shorts/4DLKY3xg7DU
2026-08-13,2026-08-09T08:06:10Z,3JOBY99exNk,"""Rule 3: Give before you're asked"" — Musonius Rufus | Stoicism",465,11,2,https://youtube.com/shorts/3JOBY99exNk
2026-08-13,2026-08-09T04:22:29Z,lvLtxkeFLEM,"""One order from Nero changed his whole life"" — Seneca | Stoicism",506,15,2,https://youtube.com/shorts/lvLtxkeFLEM
2026-08-13,2026-08-13T11:44:57Z,uCYwL47CEtI,"""Nothing terrible here"" — Zeno of Citium | Stoicism",30,1,2,https://youtube.com/shorts/uCYwL47CEtI
2026-08-13,2026-08-13T08:43:58Z,cGGfKXhcbtk,"""Answer to yourself"" — Marcus Aurelius | Stoicism",83,1,2,https://youtube.com/shorts/cGGfKXhcbtk
2026-08-13,2026-08-13T04:57:28Z,Xlbq2aBt5W8,"""If today felt thankless—"" — Epictetus | Stoicism",12,1,2,https://youtube.com/shorts/Xlbq2aBt5W8
2026-08-13,2026-08-12T11:51:40Z,SsipBXrnSjM,"""Rule 24: Carry his faults quietly"" — Musonius Rufus | Stoicism",42,1,2,https://youtube.com/shorts/SsipBXrnSjM
2026-08-13,2026-08-12T08:35:51Z,tGmooVvt-bQ,"""His enemy already held the throne"" — Seneca | Stoicism",37,1,2,https://youtube.com/shorts/tGmooVvt-bQ
2026-08-13,2026-08-12T04:53:15Z,nUgDtEcNS04,"""Nothing can force you"" — Zeno of Citium | Stoicism",350,11,2,https://youtube.com/shorts/nUgDtEcNS04
2026-08-13,2026-08-11T11:44:19Z,UAtmv79K-yg,"""Weigh what you chase"" — Marcus Aurelius | Stoicism",36,2,2,https://youtube.com/shorts/UAtmv79K-yg
2026-08-13,2026-08-11T08:28:21Z,7uSSDaHmxII,"""Still clenching your jaw"" — Epictetus | Stoicism",22,0,2,https://youtube.com/shorts/7uSSDaHmxII
2026-08-13,2026-08-11T04:23:22Z,z_vD6ymLa9I,"""Rule 19: Stop fighting what's already fixed"" — Musonius Rufus | Stoicism",29,1,2,https://youtube.com/shorts/z_vD6ymLa9I
2026-08-13,2026-08-10T09:03:05Z,IKub-zaJyVY,"""The advisor who owned half of Rome"" — Seneca | Stoicism",39,1,2,https://youtube.com/shorts/IKub-zaJyVY
2026-08-13,2026-08-10T04:30:27Z,vhJfUrDC8wk,"""Same ending. All of us"" — Zeno of Citium | Stoicism",137,2,2,https://youtube.com/shorts/vhJfUrDC8wk
2026-08-13,2026-08-10T00:42:48Z,x7pWacebp1E,"""The source is inside"" — Marcus Aurelius | Stoicism",58,1,2,https://youtube.com/shorts/x7pWacebp1E
2026-08-13,2026-08-09T11:27:39Z,4DLKY3xg7DU,"""Nobody thanked you today—"" — Epictetus | Stoicism",177,3,2,https://youtube.com/shorts/4DLKY3xg7DU
2026-08-13,2026-08-09T08:06:10Z,3JOBY99exNk,"""Rule 3: Give before you're asked"" — Musonius Rufus | Stoicism",465,11,2,https://youtube.com/shorts/3JOBY99exNk
2026-08-13,2026-08-09T04:22:29Z,lvLtxkeFLEM,"""One order from Nero changed his whole life"" — Seneca | Stoicism",506,15,2,https://youtube.com/shorts/lvLtxkeFLEM
2026-08-13,2026-08-13T11:44:57Z,uCYwL47CEtI,"""Nothing terrible here"" — Zeno of Citium | Stoicism",30,1,2,https://youtube.com/shorts/uCYwL47CEtI
2026-08-13,2026-08-13T08:43:58Z,cGGfKXhcbtk,"""Answer to yourself"" — Marcus Aurelius | Stoicism",83,1,2,https://youtube.com/shorts/cGGfKXhcbtk
2026-08-13,2026-08-13T04:57:28Z,Xlbq2aBt5W8,"""If today felt thankless—"" — Epictetus | Stoicism",12,1,2,https://youtube.com/shorts/Xlbq2aBt5W8
2026-08-13,2026-08-12T11:51:40Z,SsipBXrnSjM,"""Rule 24: Carry his faults quietly"" — Musonius Rufus | Stoicism",42,1,2,https://youtube.com/shorts/SsipBXrnSjM
2026-08-13,2026-08-12T08:35:51Z,tGmooVvt-bQ,"""His enemy already held the throne"" — Seneca | Stoicism",37,1,2,https://youtube.com/shorts/tGmooVvt-bQ
2026-08-13,2026-08-12T04:53:15Z,nUgDtEcNS04,"""Nothing can force you"" — Zeno of Citium | Stoicism",350,11,2,https://youtube.com/shorts/nUgDtEcNS04
2026-08-13,2026-08-11T11:44:19Z,UAtmv79K-yg,"""Weigh what you chase"" — Marcus Aurelius | Stoicism",36,2,2,https://youtube.com/shorts/UAtmv79K-yg
2026-08-13,2026-08-11T08:28:21Z,7uSSDaHmxII,"""Still clenching your jaw"" — Epictetus | Stoicism",22,0,2,https://youtube.com/shorts/7uSSDaHmxII
2026-08-13,2026-08-11T04:23:22Z,z_vD6ymLa9I,"""Rule 19: Stop fighting what's already fixed"" — Musonius Rufus | Stoicism",29,1,2,https://youtube.com/shorts/z_vD6ymLa9I
2026-08-13,2026-08-10T09:03:05Z,IKub-zaJyVY,"""The advisor who owned half of Rome"" — Seneca | Stoicism",39,1,2,https://youtube.com/shorts/IKub-zaJyVY
2026-08-13,2026-08-10T04:30:27Z,vhJfUrDC8wk,"""Same ending. All of us"" — Zeno of Citium | Stoicism",137,2,2,https://youtube.com/shorts/vhJfUrDC8wk
2026-08-13,2026-08-10T00:42:48Z,x7pWacebp1E,"""The source is inside"" — Marcus Aurelius | Stoicism",58,1,2,https://youtube.com/shorts/x7pWacebp1E
2026-08-13,2026-08-09T11:27:39Z,4DLKY3xg7DU,"""Nobody thanked you today—"" — Epictetus | Stoicism",177,3,2,https://youtube.com/shorts/4DLKY3xg7DU
2026-08-13,2026-08-09T08:06:10Z,3JOBY99exNk,"""Rule 3: Give before you're asked"" — Musonius Rufus | Stoicism",465,11,2,https://youtube.com/shorts/3JOBY99exNk
2026-08-13,2026-08-09T04:22:29Z,lvLtxkeFLEM,"""One order from Nero changed his whole life"" — Seneca | Stoicism",506,15,2,https://youtube.com/shorts/lvLtxkeFLEM
2026-08-13,2026-08-13T11:44:57Z,uCYwL47CEtI,"""Nothing terrible here"" — Zeno of Citium | Stoicism",37,1,2,https://youtube.com/shorts/uCYwL47CEtI
2026-08-13,2026-08-13T08:43:58Z,cGGfKXhcbtk,"""Answer to yourself"" — Marcus Aurelius | Stoicism",85,1,2,https://youtube.com/shorts/cGGfKXhcbtk
2026-08-13,2026-08-13T04:57:28Z,Xlbq2aBt5W8,"""If today felt thankless—"" — Epictetus | Stoicism",12,1,2,https://youtube.com/shorts/Xlbq2aBt5W8
2026-08-13,2026-08-12T11:51:40Z,SsipBXrnSjM,"""Rule 24: Carry his faults quietly"" — Musonius Rufus | Stoicism",42,1,2,https://youtube.com/shorts/SsipBXrnSjM
2026-08-13,2026-08-12T08:35:51Z,tGmooVvt-bQ,"""His enemy already held the throne"" — Seneca | Stoicism",37,1,2,https://youtube.com/shorts/tGmooVvt-bQ
2026-08-13,2026-08-12T04:53:15Z,nUgDtEcNS04,"""Nothing can force you"" — Zeno of Citium | Stoicism",350,11,2,https://youtube.com/shorts/nUgDtEcNS04
2026-08-13,2026-08-11T11:44:19Z,UAtmv79K-yg,"""Weigh what you chase"" — Marcus Aurelius | Stoicism",36,2,2,https://youtube.com/shorts/UAtmv79K-yg
2026-08-13,2026-08-11T08:28:21Z,7uSSDaHmxII,"""Still clenching your jaw"" — Epictetus | Stoicism",22,0,2,https://youtube.com/shorts/7uSSDaHmxII
2026-08-13,2026-08-11T04:23:22Z,z_vD6ymLa9I,"""Rule 19: Stop fighting what's already fixed"" — Musonius Rufus | Stoicism",29,1,2,https://youtube.com/shorts/z_vD6ymLa9I
2026-08-13,2026-08-10T09:03:05Z,IKub-zaJyVY,"""The advisor who owned half of Rome"" — Seneca | Stoicism",39,1,2,https://youtube.com/shorts/IKub-zaJyVY
2026-08-13,2026-08-10T04:30:27Z,vhJfUrDC8wk,"""Same ending. All of us"" — Zeno of Citium | Stoicism",137,2,2,https://youtube.com/shorts/vhJfUrDC8wk
2026-08-13,2026-08-10T00:42:48Z,x7pWacebp1E,"""The source is inside"" — Marcus Aurelius | Stoicism",58,1,2,https://youtube.com/shorts/x7pWacebp1E
2026-08-13,2026-08-09T11:27:39Z,4DLKY3xg7DU,"""Nobody thanked you today—"" — Epictetus | Stoicism",177,3,2,https://youtube.com/shorts/4DLKY3xg7DU
2026-08-13,2026-08-09T08:06:10Z,3JOBY99exNk,"""Rule 3: Give before you're asked"" — Musonius Rufus | Stoicism",465,11,2,https://youtube.com/shorts/3JOBY99exNk
2026-08-13,2026-08-09T04:22:29Z,lvLtxkeFLEM,"""One order from Nero changed his whole life"" — Seneca | Stoicism",506,15,2,https://youtube.com/shorts/lvLtxkeFLEM
2026-08-14,2026-08-14T04:58:28Z,D0GX5G2EK2o,"""He counted his days like coins"" — Seneca | Stoicism",0,0,2,https://youtube.com/shorts/D0GX5G2EK2o
2026-08-14,2026-08-13T11:44:57Z,uCYwL47CEtI,"""Nothing terrible here"" — Zeno of Citium | Stoicism",40,1,2,https://youtube.com/shorts/uCYwL47CEtI
2026-08-14,2026-08-13T08:43:58Z,cGGfKXhcbtk,"""Answer to yourself"" — Marcus Aurelius | Stoicism",89,1,2,https://youtube.com/shorts/cGGfKXhcbtk
2026-08-14,2026-08-13T04:57:28Z,Xlbq2aBt5W8,"""If today felt thankless—"" — Epictetus | Stoicism",13,1,2,https://youtube.com/shorts/Xlbq2aBt5W8
2026-08-14,2026-08-12T11:51:40Z,SsipBXrnSjM,"""Rule 24: Carry his faults quietly"" — Musonius Rufus | Stoicism",42,1,2,https://youtube.com/shorts/SsipBXrnSjM
2026-08-14,2026-08-12T08:35:51Z,tGmooVvt-bQ,"""His enemy already held the throne"" — Seneca | Stoicism",38,1,2,https://youtube.com/shorts/tGmooVvt-bQ
2026-08-14,2026-08-12T04:53:15Z,nUgDtEcNS04,"""Nothing can force you"" — Zeno of Citium | Stoicism",352,11,2,https://youtube.com/shorts/nUgDtEcNS04
2026-08-14,2026-08-11T11:44:19Z,UAtmv79K-yg,"""Weigh what you chase"" — Marcus Aurelius | Stoicism",37,2,2,https://youtube.com/shorts/UAtmv79K-yg
2026-08-14,2026-08-11T08:28:21Z,7uSSDaHmxII,"""Still clenching your jaw"" — Epictetus | Stoicism",23,0,2,https://youtube.com/shorts/7uSSDaHmxII
2026-08-14,2026-08-11T04:23:22Z,z_vD6ymLa9I,"""Rule 19: Stop fighting what's already fixed"" — Musonius Rufus | Stoicism",30,1,2,https://youtube.com/shorts/z_vD6ymLa9I
2026-08-14,2026-08-10T09:03:05Z,IKub-zaJyVY,"""The advisor who owned half of Rome"" — Seneca | Stoicism",40,1,2,https://youtube.com/shorts/IKub-zaJyVY
2026-08-14,2026-08-10T04:30:27Z,vhJfUrDC8wk,"""Same ending. All of us"" — Zeno of Citium | Stoicism",138,2,2,https://youtube.com/shorts/vhJfUrDC8wk
2026-08-14,2026-08-10T00:42:48Z,x7pWacebp1E,"""The source is inside"" — Marcus Aurelius | Stoicism",59,1,2,https://youtube.com/shorts/x7pWacebp1E
2026-08-14,2026-08-09T11:27:39Z,4DLKY3xg7DU,"""Nobody thanked you today—"" — Epictetus | Stoicism",178,3,2,https://youtube.com/shorts/4DLKY3xg7DU
2026-08-14,2026-08-09T08:06:10Z,3JOBY99exNk,"""Rule 3: Give before you're asked"" — Musonius Rufus | Stoicism",466,11,2,https://youtube.com/shorts/3JOBY99exNk
2026-08-14,2026-08-14T08:32:32Z,yIgmnlMn8Yo,"""Rule 5: Own nothing you didn't build"" — Musonius Rufus | Stoicism",0,0,2,https://youtube.com/shorts/yIgmnlMn8Yo
2026-08-14,2026-08-14T05:00:28Z,D0GX5G2EK2o,"""He counted his days like coins"" — Seneca | Stoicism",10,3,2,https://youtube.com/shorts/D0GX5G2EK2o
2026-08-14,2026-08-13T11:44:57Z,uCYwL47CEtI,"""Nothing terrible here"" — Zeno of Citium | Stoicism",41,1,2,https://youtube.com/shorts/uCYwL47CEtI
2026-08-14,2026-08-13T08:43:58Z,cGGfKXhcbtk,"""Answer to yourself"" — Marcus Aurelius | Stoicism",90,1,2,https://youtube.com/shorts/cGGfKXhcbtk
2026-08-14,2026-08-13T04:57:28Z,Xlbq2aBt5W8,"""If today felt thankless—"" — Epictetus | Stoicism",13,1,2,https://youtube.com/shorts/Xlbq2aBt5W8
2026-08-14,2026-08-12T11:51:40Z,SsipBXrnSjM,"""Rule 24: Carry his faults quietly"" — Musonius Rufus | Stoicism",43,1,2,https://youtube.com/shorts/SsipBXrnSjM
2026-08-14,2026-08-12T08:35:51Z,tGmooVvt-bQ,"""His enemy already held the throne"" — Seneca | Stoicism",39,1,2,https://youtube.com/shorts/tGmooVvt-bQ
2026-08-14,2026-08-12T04:53:15Z,nUgDtEcNS04,"""Nothing can force you"" — Zeno of Citium | Stoicism",352,11,2,https://youtube.com/shorts/nUgDtEcNS04
2026-08-14,2026-08-11T11:44:19Z,UAtmv79K-yg,"""Weigh what you chase"" — Marcus Aurelius | Stoicism",37,2,2,https://youtube.com/shorts/UAtmv79K-yg
2026-08-14,2026-08-11T08:28:21Z,7uSSDaHmxII,"""Still clenching your jaw"" — Epictetus | Stoicism",23,0,2,https://youtube.com/shorts/7uSSDaHmxII
2026-08-14,2026-08-11T04:23:22Z,z_vD6ymLa9I,"""Rule 19: Stop fighting what's already fixed"" — Musonius Rufus | Stoicism",30,1,2,https://youtube.com/shorts/z_vD6ymLa9I
2026-08-14,2026-08-10T09:03:05Z,IKub-zaJyVY,"""The advisor who owned half of Rome"" — Seneca | Stoicism",40,1,2,https://youtube.com/shorts/IKub-zaJyVY
2026-08-14,2026-08-10T04:30:27Z,vhJfUrDC8wk,"""Same ending. All of us"" — Zeno of Citium | Stoicism",138,2,2,https://youtube.com/shorts/vhJfUrDC8wk
2026-08-14,2026-08-10T00:42:48Z,x7pWacebp1E,"""The source is inside"" — Marcus Aurelius | Stoicism",59,1,2,https://youtube.com/shorts/x7pWacebp1E
2026-08-14,2026-08-09T11:27:39Z,4DLKY3xg7DU,"""Nobody thanked you today—"" — Epictetus | Stoicism",178,3,2,https://youtube.com/shorts/4DLKY3xg7DU
2026-08-14,2026-08-14T11:48:34Z,44ndbnteVQ4,"""If you can't fix it tonight—"" — Epictetus | Stoicism",0,0,2,https://youtube.com/shorts/44ndbnteVQ4
2026-08-14,2026-08-14T08:33:14Z,yIgmnlMn8Yo,"""Rule 5: Own nothing you didn't build"" — Musonius Rufus | Stoicism",32,1,2,https://youtube.com/shorts/yIgmnlMn8Yo
2026-08-14,2026-08-14T05:00:28Z,D0GX5G2EK2o,"""He counted his days like coins"" — Seneca | Stoicism",24,1,2,https://youtube.com/shorts/D0GX5G2EK2o
2026-08-14,2026-08-13T11:44:57Z,uCYwL47CEtI,"""Nothing terrible here"" — Zeno of Citium | Stoicism",42,2,2,https://youtube.com/shorts/uCYwL47CEtI
2026-08-14,2026-08-13T08:43:58Z,cGGfKXhcbtk,"""Answer to yourself"" — Marcus Aurelius | Stoicism",91,1,2,https://youtube.com/shorts/cGGfKXhcbtk
2026-08-14,2026-08-13T04:57:28Z,Xlbq2aBt5W8,"""If today felt thankless—"" — Epictetus | Stoicism",13,1,2,https://youtube.com/shorts/Xlbq2aBt5W8
2026-08-14,2026-08-12T11:51:40Z,SsipBXrnSjM,"""Rule 24: Carry his faults quietly"" — Musonius Rufus | Stoicism",44,1,2,https://youtube.com/shorts/SsipBXrnSjM
2026-08-14,2026-08-12T08:35:51Z,tGmooVvt-bQ,"""His enemy already held the throne"" — Seneca | Stoicism",39,1,2,https://youtube.com/shorts/tGmooVvt-bQ
2026-08-14,2026-08-12T04:53:15Z,nUgDtEcNS04,"""Nothing can force you"" — Zeno of Citium | Stoicism",352,11,2,https://youtube.com/shorts/nUgDtEcNS04
2026-08-14,2026-08-11T11:44:19Z,UAtmv79K-yg,"""Weigh what you chase"" — Marcus Aurelius | Stoicism",37,2,2,https://youtube.com/shorts/UAtmv79K-yg
2026-08-14,2026-08-11T08:28:21Z,7uSSDaHmxII,"""Still clenching your jaw"" — Epictetus | Stoicism",23,0,2,https://youtube.com/shorts/7uSSDaHmxII
2026-08-14,2026-08-11T04:23:22Z,z_vD6ymLa9I,"""Rule 19: Stop fighting what's already fixed"" — Musonius Rufus | Stoicism",30,1,2,https://youtube.com/shorts/z_vD6ymLa9I
2026-08-14,2026-08-10T09:03:05Z,IKub-zaJyVY,"""The advisor who owned half of Rome"" — Seneca | Stoicism",40,1,2,https://youtube.com/shorts/IKub-zaJyVY
2026-08-14,2026-08-10T04:30:27Z,vhJfUrDC8wk,"""Same ending. All of us"" — Zeno of Citium | Stoicism",138,2,2,https://youtube.com/shorts/vhJfUrDC8wk
2026-08-14,2026-08-10T00:42:48Z,x7pWacebp1E,"""The source is inside"" — Marcus Aurelius | Stoicism",59,1,2,https://youtube.com/shorts/x7pWacebp1E
2026-08-14,2026-08-14T11:48:34Z,44ndbnteVQ4,"""If you can't fix it tonight—"" — Epictetus | Stoicism",4,0,2,https://youtube.com/shorts/44ndbnteVQ4
2026-08-14,2026-08-14T08:33:14Z,yIgmnlMn8Yo,"""Rule 5: Own nothing you didn't build"" — Musonius Rufus | Stoicism",72,4,2,https://youtube.com/shorts/yIgmnlMn8Yo
2026-08-14,2026-08-14T05:00:28Z,D0GX5G2EK2o,"""He counted his days like coins"" — Seneca | Stoicism",30,1,2,https://youtube.com/shorts/D0GX5G2EK2o
2026-08-14,2026-08-13T11:44:57Z,uCYwL47CEtI,"""Nothing terrible here"" — Zeno of Citium | Stoicism",45,2,2,https://youtube.com/shorts/uCYwL47CEtI
2026-08-14,2026-08-13T08:43:58Z,cGGfKXhcbtk,"""Answer to yourself"" — Marcus Aurelius | Stoicism",91,1,2,https://youtube.com/shorts/cGGfKXhcbtk
2026-08-14,2026-08-13T04:57:28Z,Xlbq2aBt5W8,"""If today felt thankless—"" — Epictetus | Stoicism",13,1,2,https://youtube.com/shorts/Xlbq2aBt5W8
2026-08-14,2026-08-12T11:51:40Z,SsipBXrnSjM,"""Rule 24: Carry his faults quietly"" — Musonius Rufus | Stoicism",44,1,2,https://youtube.com/shorts/SsipBXrnSjM
2026-08-14,2026-08-12T08:35:51Z,tGmooVvt-bQ,"""His enemy already held the throne"" — Seneca | Stoicism",39,1,2,https://youtube.com/shorts/tGmooVvt-bQ
2026-08-14,2026-08-12T04:53:15Z,nUgDtEcNS04,"""Nothing can force you"" — Zeno of Citium | Stoicism",352,11,2,https://youtube.com/shorts/nUgDtEcNS04
2026-08-14,2026-08-11T11:44:19Z,UAtmv79K-yg,"""Weigh what you chase"" — Marcus Aurelius | Stoicism",37,2,2,https://youtube.com/shorts/UAtmv79K-yg
2026-08-14,2026-08-11T08:28:21Z,7uSSDaHmxII,"""Still clenching your jaw"" — Epictetus | Stoicism",23,0,2,https://youtube.com/shorts/7uSSDaHmxII
2026-08-14,2026-08-11T04:23:22Z,z_vD6ymLa9I,"""Rule 19: Stop fighting what's already fixed"" — Musonius Rufus | Stoicism",30,1,2,https://youtube.com/shorts/z_vD6ymLa9I
2026-08-14,2026-08-10T09:03:05Z,IKub-zaJyVY,"""The advisor who owned half of Rome"" — Seneca | Stoicism",40,1,2,https://youtube.com/shorts/IKub-zaJyVY
2026-08-14,2026-08-10T04:30:27Z,vhJfUrDC8wk,"""Same ending. All of us"" — Zeno of Citium | Stoicism",138,2,2,https://youtube.com/shorts/vhJfUrDC8wk
2026-08-14,2026-08-10T00:42:48Z,x7pWacebp1E,"""The source is inside"" — Marcus Aurelius | Stoicism",59,1,2,https://youtube.com/shorts/x7pWacebp1E
2026-08-14,2026-08-14T11:48:34Z,44ndbnteVQ4,"""If you can't fix it tonight—"" — Epictetus | Stoicism",6,0,2,https://youtube.com/shorts/44ndbnteVQ4
2026-08-14,2026-08-14T08:33:14Z,yIgmnlMn8Yo,"""Rule 5: Own nothing you didn't build"" — Musonius Rufus | Stoicism",98,4,2,https://youtube.com/shorts/yIgmnlMn8Yo
2026-08-14,2026-08-14T05:00:28Z,D0GX5G2EK2o,"""He counted his days like coins"" — Seneca | Stoicism",32,1,2,https://youtube.com/shorts/D0GX5G2EK2o
2026-08-14,2026-08-13T11:44:57Z,uCYwL47CEtI,"""Nothing terrible here"" — Zeno of Citium | Stoicism",45,2,2,https://youtube.com/shorts/uCYwL47CEtI
2026-08-14,2026-08-13T08:43:58Z,cGGfKXhcbtk,"""Answer to yourself"" — Marcus Aurelius | Stoicism",92,1,2,https://youtube.com/shorts/cGGfKXhcbtk
2026-08-14,2026-08-13T04:57:28Z,Xlbq2aBt5W8,"""If today felt thankless—"" — Epictetus | Stoicism",13,1,2,https://youtube.com/shorts/Xlbq2aBt5W8
2026-08-14,2026-08-12T11:51:40Z,SsipBXrnSjM,"""Rule 24: Carry his faults quietly"" — Musonius Rufus | Stoicism",44,1,2,https://youtube.com/shorts/SsipBXrnSjM
2026-08-14,2026-08-12T08:35:51Z,tGmooVvt-bQ,"""His enemy already held the throne"" — Seneca | Stoicism",39,1,2,https://youtube.com/shorts/tGmooVvt-bQ
2026-08-14,2026-08-12T04:53:15Z,nUgDtEcNS04,"""Nothing can force you"" — Zeno of Citium | Stoicism",352,11,2,https://youtube.com/shorts/nUgDtEcNS04
2026-08-14,2026-08-11T11:44:19Z,UAtmv79K-yg,"""Weigh what you chase"" — Marcus Aurelius | Stoicism",37,2,2,https://youtube.com/shorts/UAtmv79K-yg
2026-08-14,2026-08-11T08:28:21Z,7uSSDaHmxII,"""Still clenching your jaw"" — Epictetus | Stoicism",23,0,2,https://youtube.com/shorts/7uSSDaHmxII
2026-08-14,2026-08-11T04:23:22Z,z_vD6ymLa9I,"""Rule 19: Stop fighting what's already fixed"" — Musonius Rufus | Stoicism",30,1,2,https://youtube.com/shorts/z_vD6ymLa9I
2026-08-14,2026-08-10T09:03:05Z,IKub-zaJyVY,"""The advisor who owned half of Rome"" — Seneca | Stoicism",40,1,2,https://youtube.com/shorts/IKub-zaJyVY
2026-08-14,2026-08-10T04:30:27Z,vhJfUrDC8wk,"""Same ending. All of us"" — Zeno of Citium | Stoicism",138,2,2,https://youtube.com/shorts/vhJfUrDC8wk
2026-08-14,2026-08-10T00:42:48Z,x7pWacebp1E,"""The source is inside"" — Marcus Aurelius | Stoicism",59,1,2,https://youtube.com/shorts/x7pWacebp1E
2026-08-14,2026-08-14T11:48:34Z,44ndbnteVQ4,"""If you can't fix it tonight—"" — Epictetus | Stoicism",6,0,2,https://youtube.com/shorts/44ndbnteVQ4
2026-08-14,2026-08-14T08:33:14Z,yIgmnlMn8Yo,"""Rule 5: Own nothing you didn't build"" — Musonius Rufus | Stoicism",100,4,2,https://youtube.com/shorts/yIgmnlMn8Yo
2026-08-14,2026-08-14T05:00:28Z,D0GX5G2EK2o,"""He counted his days like coins"" — Seneca | Stoicism",32,1,2,https://youtube.com/shorts/D0GX5G2EK2o
2026-08-14,2026-08-13T11:44:57Z,uCYwL47CEtI,"""Nothing terrible here"" — Zeno of Citium | Stoicism",45,2,2,https://youtube.com/shorts/uCYwL47CEtI
2026-08-14,2026-08-13T08:43:58Z,cGGfKXhcbtk,"""Answer to yourself"" — Marcus Aurelius | Stoicism",91,1,2,https://youtube.com/shorts/cGGfKXhcbtk
2026-08-14,2026-08-13T04:57:28Z,Xlbq2aBt5W8,"""If today felt thankless—"" — Epictetus | Stoicism",13,1,2,https://youtube.com/shorts/Xlbq2aBt5W8
2026-08-14,2026-08-12T11:51:40Z,SsipBXrnSjM,"""Rule 24: Carry his faults quietly"" — Musonius Rufus | Stoicism",44,1,2,https://youtube.com/shorts/SsipBXrnSjM
2026-08-14,2026-08-12T08:35:51Z,tGmooVvt-bQ,"""His enemy already held the throne"" — Seneca | Stoicism",39,1,2,https://youtube.com/shorts/tGmooVvt-bQ
2026-08-14,2026-08-12T04:53:15Z,nUgDtEcNS04,"""Nothing can force you"" — Zeno of Citium | Stoicism",352,11,2,https://youtube.com/shorts/nUgDtEcNS04
2026-08-14,2026-08-11T11:44:19Z,UAtmv79K-yg,"""Weigh what you chase"" — Marcus Aurelius | Stoicism",37,2,2,https://youtube.com/shorts/UAtmv79K-yg
2026-08-14,2026-08-11T08:28:21Z,7uSSDaHmxII,"""Still clenching your jaw"" — Epictetus | Stoicism",23,0,2,https://youtube.com/shorts/7uSSDaHmxII
2026-08-14,2026-08-11T04:23:22Z,z_vD6ymLa9I,"""Rule 19: Stop fighting what's already fixed"" — Musonius Rufus | Stoicism",30,1,2,https://youtube.com/shorts/z_vD6ymLa9I
2026-08-14,2026-08-10T09:03:05Z,IKub-zaJyVY,"""The advisor who owned half of Rome"" — Seneca | Stoicism",40,1,2,https://youtube.com/shorts/IKub-zaJyVY
2026-08-14,2026-08-10T04:30:27Z,vhJfUrDC8wk,"""Same ending. All of us"" — Zeno of Citium | Stoicism",138,2,2,https://youtube.com/shorts/vhJfUrDC8wk
2026-08-14,2026-08-10T00:42:48Z,x7pWacebp1E,"""The source is inside"" — Marcus Aurelius | Stoicism",59,1,2,https://youtube.com/shorts/x7pWacebp1E
2026-08-14,2026-08-14T11:48:34Z,44ndbnteVQ4,"""If you can't fix it tonight—"" — Epictetus | Stoicism",6,0,2,https://youtube.com/shorts/44ndbnteVQ4
2026-08-14,2026-08-14T08:33:14Z,yIgmnlMn8Yo,"""Rule 5: Own nothing you didn't build"" — Musonius Rufus | Stoicism",101,4,2,https://youtube.com/shorts/yIgmnlMn8Yo
2026-08-14,2026-08-14T05:00:28Z,D0GX5G2EK2o,"""He counted his days like coins"" — Seneca | Stoicism",32,1,2,https://youtube.com/shorts/D0GX5G2EK2o
2026-08-14,2026-08-13T11:44:57Z,uCYwL47CEtI,"""Nothing terrible here"" — Zeno of Citium | Stoicism",45,2,2,https://youtube.com/shorts/uCYwL47CEtI
2026-08-14,2026-08-13T08:43:58Z,cGGfKXhcbtk,"""Answer to yourself"" — Marcus Aurelius | Stoicism",92,1,2,https://youtube.com/shorts/cGGfKXhcbtk
2026-08-14,2026-08-13T04:57:28Z,Xlbq2aBt5W8,"""If today felt thankless—"" — Epictetus | Stoicism",13,1,2,https://youtube.com/shorts/Xlbq2aBt5W8
2026-08-14,2026-08-12T11:51:40Z,SsipBXrnSjM,"""Rule 24: Carry his faults quietly"" — Musonius Rufus | Stoicism",44,1,2,https://youtube.com/shorts/SsipBXrnSjM
2026-08-14,2026-08-12T08:35:51Z,tGmooVvt-bQ,"""His enemy already held the throne"" — Seneca | Stoicism",39,1,2,https://youtube.com/shorts/tGmooVvt-bQ
2026-08-14,2026-08-12T04:53:15Z,nUgDtEcNS04,"""Nothing can force you"" — Zeno of Citium | Stoicism",352,11,2,https://youtube.com/shorts/nUgDtEcNS04
2026-08-14,2026-08-11T11:44:19Z,UAtmv79K-yg,"""Weigh what you chase"" — Marcus Aurelius | Stoicism",37,2,2,https://youtube.com/shorts/UAtmv79K-yg
2026-08-14,2026-08-11T08:28:21Z,7uSSDaHmxII,"""Still clenching your jaw"" — Epictetus | Stoicism",23,0,2,https://youtube.com/shorts/7uSSDaHmxII
2026-08-14,2026-08-11T04:23:22Z,z_vD6ymLa9I,"""Rule 19: Stop fighting what's already fixed"" — Musonius Rufus | Stoicism",30,1,2,https://youtube.com/shorts/z_vD6ymLa9I
2026-08-14,2026-08-10T09:03:05Z,IKub-zaJyVY,"""The advisor who owned half of Rome"" — Seneca | Stoicism",40,1,2,https://youtube.com/shorts/IKub-zaJyVY
2026-08-14,2026-08-10T04:30:27Z,vhJfUrDC8wk,"""Same ending. All of us"" — Zeno of Citium | Stoicism",138,2,2,https://youtube.com/shorts/vhJfUrDC8wk
2026-08-14,2026-08-10T00:42:48Z,x7pWacebp1E,"""The source is inside"" — Marcus Aurelius | Stoicism",59,1,2,https://youtube.com/shorts/x7pWacebp1E
2026-08-15,2026-08-15T03:41:58Z,zDvyxWor3Aw,"""Don't become it"" — Marcus Aurelius | Stoicism",0,0,2,https://youtube.com/shorts/zDvyxWor3Aw
2026-08-15,2026-08-14T11:48:34Z,44ndbnteVQ4,"""If you can't fix it tonight—"" — Epictetus | Stoicism",6,0,2,https://youtube.com/shorts/44ndbnteVQ4
2026-08-15,2026-08-14T08:33:14Z,yIgmnlMn8Yo,"""Rule 5: Own nothing you didn't build"" — Musonius Rufus | Stoicism",103,4,2,https://youtube.com/shorts/yIgmnlMn8Yo
2026-08-15,2026-08-14T05:00:28Z,D0GX5G2EK2o,"""He counted his days like coins"" — Seneca | Stoicism",33,1,2,https://youtube.com/shorts/D0GX5G2EK2o
2026-08-15,2026-08-13T11:44:57Z,uCYwL47CEtI,"""Nothing terrible here"" — Zeno of Citium | Stoicism",46,2,2,https://youtube.com/shorts/uCYwL47CEtI
2026-08-15,2026-08-13T08:43:58Z,cGGfKXhcbtk,"""Answer to yourself"" — Marcus Aurelius | Stoicism",93,1,2,https://youtube.com/shorts/cGGfKXhcbtk
2026-08-15,2026-08-13T04:57:28Z,Xlbq2aBt5W8,"""If today felt thankless—"" — Epictetus | Stoicism",13,1,2,https://youtube.com/shorts/Xlbq2aBt5W8
2026-08-15,2026-08-12T11:51:40Z,SsipBXrnSjM,"""Rule 24: Carry his faults quietly"" — Musonius Rufus | Stoicism",44,1,2,https://youtube.com/shorts/SsipBXrnSjM
2026-08-15,2026-08-12T08:35:51Z,tGmooVvt-bQ,"""His enemy already held the throne"" — Seneca | Stoicism",39,1,2,https://youtube.com/shorts/tGmooVvt-bQ
2026-08-15,2026-08-12T04:53:15Z,nUgDtEcNS04,"""Nothing can force you"" — Zeno of Citium | Stoicism",355,11,2,https://youtube.com/shorts/nUgDtEcNS04
2026-08-15,2026-08-11T11:44:19Z,UAtmv79K-yg,"""Weigh what you chase"" — Marcus Aurelius | Stoicism",37,2,2,https://youtube.com/shorts/UAtmv79K-yg
2026-08-15,2026-08-11T08:28:21Z,7uSSDaHmxII,"""Still clenching your jaw"" — Epictetus | Stoicism",22,0,2,https://youtube.com/shorts/7uSSDaHmxII
2026-08-15,2026-08-11T04:23:22Z,z_vD6ymLa9I,"""Rule 19: Stop fighting what's already fixed"" — Musonius Rufus | Stoicism",30,1,2,https://youtube.com/shorts/z_vD6ymLa9I
2026-08-15,2026-08-10T09:03:05Z,IKub-zaJyVY,"""The advisor who owned half of Rome"" — Seneca | Stoicism",40,1,2,https://youtube.com/shorts/IKub-zaJyVY
2026-08-15,2026-08-10T04:30:27Z,vhJfUrDC8wk,"""Same ending. All of us"" — Zeno of Citium | Stoicism",138,2,2,https://youtube.com/shorts/vhJfUrDC8wk
2026-08-15,2026-08-15T07:49:22Z,d8POTCrUSuk,"""Rule 31: Take the hit and stay standing"" — Zeno of Citium | Stoicism",0,0,2,https://youtube.com/shorts/d8POTCrUSuk
2026-08-15,2026-08-15T03:42:29Z,zDvyxWor3Aw,"""Don't become it"" — Marcus Aurelius | Stoicism",379,24,2,https://youtube.com/shorts/zDvyxWor3Aw
2026-08-15,2026-08-14T11:48:34Z,44ndbnteVQ4,"""If you can't fix it tonight—"" — Epictetus | Stoicism",7,0,2,https://youtube.com/shorts/44ndbnteVQ4
2026-08-15,2026-08-14T08:33:14Z,yIgmnlMn8Yo,"""Rule 5: Own nothing you didn't build"" — Musonius Rufus | Stoicism",108,4,2,https://youtube.com/shorts/yIgmnlMn8Yo
2026-08-15,2026-08-14T05:00:28Z,D0GX5G2EK2o,"""He counted his days like coins"" — Seneca | Stoicism",35,1,2,https://youtube.com/shorts/D0GX5G2EK2o
2026-08-15,2026-08-13T11:44:57Z,uCYwL47CEtI,"""Nothing terrible here"" — Zeno of Citium | Stoicism",56,2,2,https://youtube.com/shorts/uCYwL47CEtI
2026-08-15,2026-08-13T08:43:58Z,cGGfKXhcbtk,"""Answer to yourself"" — Marcus Aurelius | Stoicism",93,1,2,https://youtube.com/shorts/cGGfKXhcbtk
2026-08-15,2026-08-13T04:57:28Z,Xlbq2aBt5W8,"""If today felt thankless—"" — Epictetus | Stoicism",13,1,2,https://youtube.com/shorts/Xlbq2aBt5W8
2026-08-15,2026-08-12T11:51:40Z,SsipBXrnSjM,"""Rule 24: Carry his faults quietly"" — Musonius Rufus | Stoicism",44,1,2,https://youtube.com/shorts/SsipBXrnSjM
2026-08-15,2026-08-12T08:35:51Z,tGmooVvt-bQ,"""His enemy already held the throne"" — Seneca | Stoicism",41,1,2,https://youtube.com/shorts/tGmooVvt-bQ
2026-08-15,2026-08-12T04:53:15Z,nUgDtEcNS04,"""Nothing can force you"" — Zeno of Citium | Stoicism",358,12,2,https://youtube.com/shorts/nUgDtEcNS04
2026-08-15,2026-08-11T11:44:19Z,UAtmv79K-yg,"""Weigh what you chase"" — Marcus Aurelius | Stoicism",37,2,2,https://youtube.com/shorts/UAtmv79K-yg
2026-08-15,2026-08-11T08:28:21Z,7uSSDaHmxII,"""Still clenching your jaw"" — Epictetus | Stoicism",22,0,2,https://youtube.com/shorts/7uSSDaHmxII
2026-08-15,2026-08-11T04:23:22Z,z_vD6ymLa9I,"""Rule 19: Stop fighting what's already fixed"" — Musonius Rufus | Stoicism",30,1,2,https://youtube.com/shorts/z_vD6ymLa9I
2026-08-15,2026-08-10T09:03:05Z,IKub-zaJyVY,"""The advisor who owned half of Rome"" — Seneca | Stoicism",40,1,2,https://youtube.com/shorts/IKub-zaJyVY
2026-08-15,2026-08-15T11:17:35Z,QdN51yPIys8,"""Meet it early"" — Seneca | Stoicism",0,0,2,https://youtube.com/shorts/QdN51yPIys8
2026-08-15,2026-08-15T07:49:22Z,d8POTCrUSuk,"""Rule 31: Take the hit and stay standing"" — Zeno of Citium | Stoicism",6,0,2,https://youtube.com/shorts/d8POTCrUSuk
2026-08-15,2026-08-15T03:42:29Z,zDvyxWor3Aw,"""Don't become it"" — Marcus Aurelius | Stoicism",658,32,2,https://youtube.com/shorts/zDvyxWor3Aw
2026-08-15,2026-08-14T11:48:34Z,44ndbnteVQ4,"""If you can't fix it tonight—"" — Epictetus | Stoicism",7,0,2,https://youtube.com/shorts/44ndbnteVQ4
2026-08-15,2026-08-14T08:33:14Z,yIgmnlMn8Yo,"""Rule 5: Own nothing you didn't build"" — Musonius Rufus | Stoicism",109,4,2,https://youtube.com/shorts/yIgmnlMn8Yo
2026-08-15,2026-08-14T05:00:28Z,D0GX5G2EK2o,"""He counted his days like coins"" — Seneca | Stoicism",35,1,2,https://youtube.com/shorts/D0GX5G2EK2o
2026-08-15,2026-08-13T11:44:57Z,uCYwL47CEtI,"""Nothing terrible here"" — Zeno of Citium | Stoicism",57,2,2,https://youtube.com/shorts/uCYwL47CEtI
2026-08-15,2026-08-13T08:43:58Z,cGGfKXhcbtk,"""Answer to yourself"" — Marcus Aurelius | Stoicism",93,1,2,https://youtube.com/shorts/cGGfKXhcbtk
2026-08-15,2026-08-13T04:57:28Z,Xlbq2aBt5W8,"""If today felt thankless—"" — Epictetus | Stoicism",13,1,2,https://youtube.com/shorts/Xlbq2aBt5W8
2026-08-15,2026-08-12T11:51:40Z,SsipBXrnSjM,"""Rule 24: Carry his faults quietly"" — Musonius Rufus | Stoicism",44,1,2,https://youtube.com/shorts/SsipBXrnSjM
2026-08-15,2026-08-12T08:35:51Z,tGmooVvt-bQ,"""His enemy already held the throne"" — Seneca | Stoicism",41,1,2,https://youtube.com/shorts/tGmooVvt-bQ
2026-08-15,2026-08-12T04:53:15Z,nUgDtEcNS04,"""Nothing can force you"" — Zeno of Citium | Stoicism",358,12,2,https://youtube.com/shorts/nUgDtEcNS04
2026-08-15,2026-08-11T11:44:19Z,UAtmv79K-yg,"""Weigh what you chase"" — Marcus Aurelius | Stoicism",37,2,2,https://youtube.com/shorts/UAtmv79K-yg
2026-08-15,2026-08-11T08:28:21Z,7uSSDaHmxII,"""Still clenching your jaw"" — Epictetus | Stoicism",22,0,2,https://youtube.com/shorts/7uSSDaHmxII
2026-08-15,2026-08-11T04:23:22Z,z_vD6ymLa9I,"""Rule 19: Stop fighting what's already fixed"" — Musonius Rufus | Stoicism",30,1,2,https://youtube.com/shorts/z_vD6ymLa9I
2026-08-15,2026-08-15T11:17:35Z,QdN51yPIys8,"""Meet it early"" — Seneca | Stoicism",12,1,2,https://youtube.com/shorts/QdN51yPIys8
2026-08-15,2026-08-15T07:49:22Z,d8POTCrUSuk,"""Rule 31: Take the hit and stay standing"" — Zeno of Citium | Stoicism",24,1,2,https://youtube.com/shorts/d8POTCrUSuk
2026-08-15,2026-08-15T03:42:29Z,zDvyxWor3Aw,"""Don't become it"" — Marcus Aurelius | Stoicism",672,33,2,https://youtube.com/shorts/zDvyxWor3Aw
2026-08-15,2026-08-14T11:48:34Z,44ndbnteVQ4,"""If you can't fix it tonight—"" — Epictetus | Stoicism",9,0,2,https://youtube.com/shorts/44ndbnteVQ4
2026-08-15,2026-08-14T08:33:14Z,yIgmnlMn8Yo,"""Rule 5: Own nothing you didn't build"" — Musonius Rufus | Stoicism",110,4,2,https://youtube.com/shorts/yIgmnlMn8Yo
2026-08-15,2026-08-14T05:00:28Z,D0GX5G2EK2o,"""He counted his days like coins"" — Seneca | Stoicism",35,1,2,https://youtube.com/shorts/D0GX5G2EK2o
2026-08-15,2026-08-13T11:44:57Z,uCYwL47CEtI,"""Nothing terrible here"" — Zeno of Citium | Stoicism",57,2,2,https://youtube.com/shorts/uCYwL47CEtI
2026-08-15,2026-08-13T08:43:58Z,cGGfKXhcbtk,"""Answer to yourself"" — Marcus Aurelius | Stoicism",93,1,2,https://youtube.com/shorts/cGGfKXhcbtk
2026-08-15,2026-08-13T04:57:28Z,Xlbq2aBt5W8,"""If today felt thankless—"" — Epictetus | Stoicism",13,1,2,https://youtube.com/shorts/Xlbq2aBt5W8
2026-08-15,2026-08-12T11:51:40Z,SsipBXrnSjM,"""Rule 24: Carry his faults quietly"" — Musonius Rufus | Stoicism",44,1,2,https://youtube.com/shorts/SsipBXrnSjM
2026-08-15,2026-08-12T08:35:51Z,tGmooVvt-bQ,"""His enemy already held the throne"" — Seneca | Stoicism",41,1,2,https://youtube.com/shorts/tGmooVvt-bQ
2026-08-15,2026-08-12T04:53:15Z,nUgDtEcNS04,"""Nothing can force you"" — Zeno of Citium | Stoicism",358,12,2,https://youtube.com/shorts/nUgDtEcNS04
2026-08-15,2026-08-11T11:44:19Z,UAtmv79K-yg,"""Weigh what you chase"" — Marcus Aurelius | Stoicism",37,2,2,https://youtube.com/shorts/UAtmv79K-yg
2026-08-15,2026-08-11T08:28:21Z,7uSSDaHmxII,"""Still clenching your jaw"" — Epictetus | Stoicism",22,0,2,https://youtube.com/shorts/7uSSDaHmxII
2026-08-15,2026-08-11T04:23:22Z,z_vD6ymLa9I,"""Rule 19: Stop fighting what's already fixed"" — Musonius Rufus | Stoicism",30,1,2,https://youtube.com/shorts/z_vD6ymLa9I
2026-08-15,2026-08-15T11:17:35Z,QdN51yPIys8,"""Meet it early"" — Seneca | Stoicism",26,2,2,https://youtube.com/shorts/QdN51yPIys8
2026-08-15,2026-08-15T07:49:22Z,d8POTCrUSuk,"""Rule 31: Take the hit and stay standing"" — Zeno of Citium | Stoicism",27,1,2,https://youtube.com/shorts/d8POTCrUSuk
2026-08-15,2026-08-15T03:42:29Z,zDvyxWor3Aw,"""Don't become it"" — Marcus Aurelius | Stoicism",683,33,2,https://youtube.com/shorts/zDvyxWor3Aw
2026-08-15,2026-08-14T11:48:34Z,44ndbnteVQ4,"""If you can't fix it tonight—"" — Epictetus | Stoicism",10,1,2,https://youtube.com/shorts/44ndbnteVQ4
2026-08-15,2026-08-14T08:33:14Z,yIgmnlMn8Yo,"""Rule 5: Own nothing you didn't build"" — Musonius Rufus | Stoicism",113,4,2,https://youtube.com/shorts/yIgmnlMn8Yo
2026-08-15,2026-08-14T05:00:28Z,D0GX5G2EK2o,"""He counted his days like coins"" — Seneca | Stoicism",35,1,2,https://youtube.com/shorts/D0GX5G2EK2o
2026-08-15,2026-08-13T11:44:57Z,uCYwL47CEtI,"""Nothing terrible here"" — Zeno of Citium | Stoicism",57,2,2,https://youtube.com/shorts/uCYwL47CEtI
2026-08-15,2026-08-13T08:43:58Z,cGGfKXhcbtk,"""Answer to yourself"" — Marcus Aurelius | Stoicism",93,1,2,https://youtube.com/shorts/cGGfKXhcbtk
2026-08-15,2026-08-13T04:57:28Z,Xlbq2aBt5W8,"""If today felt thankless—"" — Epictetus | Stoicism",13,1,2,https://youtube.com/shorts/Xlbq2aBt5W8
2026-08-15,2026-08-12T11:51:40Z,SsipBXrnSjM,"""Rule 24: Carry his faults quietly"" — Musonius Rufus | Stoicism",44,1,2,https://youtube.com/shorts/SsipBXrnSjM
2026-08-15,2026-08-12T08:35:51Z,tGmooVvt-bQ,"""His enemy already held the throne"" — Seneca | Stoicism",41,1,2,https://youtube.com/shorts/tGmooVvt-bQ
2026-08-15,2026-08-12T04:53:15Z,nUgDtEcNS04,"""Nothing can force you"" — Zeno of Citium | Stoicism",355,12,2,https://youtube.com/shorts/nUgDtEcNS04
2026-08-15,2026-08-11T11:44:19Z,UAtmv79K-yg,"""Weigh what you chase"" — Marcus Aurelius | Stoicism",37,2,2,https://youtube.com/shorts/UAtmv79K-yg
2026-08-15,2026-08-11T08:28:21Z,7uSSDaHmxII,"""Still clenching your jaw"" — Epictetus | Stoicism",22,0,2,https://youtube.com/shorts/7uSSDaHmxII
2026-08-15,2026-08-11T04:23:22Z,z_vD6ymLa9I,"""Rule 19: Stop fighting what's already fixed"" — Musonius Rufus | Stoicism",30,1,2,https://youtube.com/shorts/z_vD6ymLa9I
2026-08-15,2026-08-15T11:17:35Z,QdN51yPIys8,"""Meet it early"" — Seneca | Stoicism",44,2,2,https://youtube.com/shorts/QdN51yPIys8
2026-08-15,2026-08-15T07:49:22Z,d8POTCrUSuk,"""Rule 31: Take the hit and stay standing"" — Zeno of Citium | Stoicism",26,1,2,https://youtube.com/shorts/d8POTCrUSuk
2026-08-15,2026-08-15T03:42:29Z,zDvyxWor3Aw,"""Don't become it"" — Marcus Aurelius | Stoicism",683,33,2,https://youtube.com/shorts/zDvyxWor3Aw
2026-08-15,2026-08-14T11:48:34Z,44ndbnteVQ4,"""If you can't fix it tonight—"" — Epictetus | Stoicism",10,1,2,https://youtube.com/shorts/44ndbnteVQ4
2026-08-15,2026-08-14T08:33:14Z,yIgmnlMn8Yo,"""Rule 5: Own nothing you didn't build"" — Musonius Rufus | Stoicism",113,4,2,https://youtube.com/shorts/yIgmnlMn8Yo
2026-08-15,2026-08-14T05:00:28Z,D0GX5G2EK2o,"""He counted his days like coins"" — Seneca | Stoicism",35,1,2,https://youtube.com/shorts/D0GX5G2EK2o
2026-08-15,2026-08-13T11:44:57Z,uCYwL47CEtI,"""Nothing terrible here"" — Zeno of Citium | Stoicism",57,2,2,https://youtube.com/shorts/uCYwL47CEtI
2026-08-15,2026-08-13T08:43:58Z,cGGfKXhcbtk,"""Answer to yourself"" — Marcus Aurelius | Stoicism",93,1,2,https://youtube.com/shorts/cGGfKXhcbtk
2026-08-15,2026-08-13T04:57:28Z,Xlbq2aBt5W8,"""If today felt thankless—"" — Epictetus | Stoicism",13,1,2,https://youtube.com/shorts/Xlbq2aBt5W8
2026-08-15,2026-08-12T11:51:40Z,SsipBXrnSjM,"""Rule 24: Carry his faults quietly"" — Musonius Rufus | Stoicism",44,1,2,https://youtube.com/shorts/SsipBXrnSjM
2026-08-15,2026-08-12T08:35:51Z,tGmooVvt-bQ,"""His enemy already held the throne"" — Seneca | Stoicism",41,1,2,https://youtube.com/shorts/tGmooVvt-bQ
2026-08-15,2026-08-12T04:53:15Z,nUgDtEcNS04,"""Nothing can force you"" — Zeno of Citium | Stoicism",357,12,2,https://youtube.com/shorts/nUgDtEcNS04
2026-08-15,2026-08-11T11:44:19Z,UAtmv79K-yg,"""Weigh what you chase"" — Marcus Aurelius | Stoicism",37,2,2,https://youtube.com/shorts/UAtmv79K-yg
2026-08-15,2026-08-11T08:28:21Z,7uSSDaHmxII,"""Still clenching your jaw"" — Epictetus | Stoicism",22,0,2,https://youtube.com/shorts/7uSSDaHmxII
2026-08-15,2026-08-11T04:23:22Z,z_vD6ymLa9I,"""Rule 19: Stop fighting what's already fixed"" — Musonius Rufus | Stoicism",30,1,2,https://youtube.com/shorts/z_vD6ymLa9I
2026-08-15,2026-08-15T11:17:35Z,QdN51yPIys8,"""Meet it early"" — Seneca | Stoicism",44,2,2,https://youtube.com/shorts/QdN51yPIys8
2026-08-15,2026-08-15T07:49:22Z,d8POTCrUSuk,"""Rule 31: Take the hit and stay standing"" — Zeno of Citium | Stoicism",27,1,2,https://youtube.com/shorts/d8POTCrUSuk
2026-08-15,2026-08-15T03:42:29Z,zDvyxWor3Aw,"""Don't become it"" — Marcus Aurelius | Stoicism",685,33,2,https://youtube.com/shorts/zDvyxWor3Aw
2026-08-15,2026-08-14T11:48:34Z,44ndbnteVQ4,"""If you can't fix it tonight—"" — Epictetus | Stoicism",12,2,2,https://youtube.com/shorts/44ndbnteVQ4
2026-08-15,2026-08-14T08:33:14Z,yIgmnlMn8Yo,"""Rule 5: Own nothing you didn't build"" — Musonius Rufus | Stoicism",115,5,2,https://youtube.com/shorts/yIgmnlMn8Yo
2026-08-15,2026-08-14T05:00:28Z,D0GX5G2EK2o,"""He counted his days like coins"" — Seneca | Stoicism",35,1,2,https://youtube.com/shorts/D0GX5G2EK2o
2026-08-15,2026-08-13T11:44:57Z,uCYwL47CEtI,"""Nothing terrible here"" — Zeno of Citium | Stoicism",55,2,2,https://youtube.com/shorts/uCYwL47CEtI
2026-08-15,2026-08-13T08:43:58Z,cGGfKXhcbtk,"""Answer to yourself"" — Marcus Aurelius | Stoicism",91,1,2,https://youtube.com/shorts/cGGfKXhcbtk
2026-08-15,2026-08-13T04:57:28Z,Xlbq2aBt5W8,"""If today felt thankless—"" — Epictetus | Stoicism",13,1,2,https://youtube.com/shorts/Xlbq2aBt5W8
2026-08-15,2026-08-12T11:51:40Z,SsipBXrnSjM,"""Rule 24: Carry his faults quietly"" — Musonius Rufus | Stoicism",43,1,2,https://youtube.com/shorts/SsipBXrnSjM
2026-08-15,2026-08-12T08:35:51Z,tGmooVvt-bQ,"""His enemy already held the throne"" — Seneca | Stoicism",40,1,2,https://youtube.com/shorts/tGmooVvt-bQ
2026-08-15,2026-08-12T04:53:15Z,nUgDtEcNS04,"""Nothing can force you"" — Zeno of Citium | Stoicism",357,12,2,https://youtube.com/shorts/nUgDtEcNS04
2026-08-15,2026-08-11T11:44:19Z,UAtmv79K-yg,"""Weigh what you chase"" — Marcus Aurelius | Stoicism",37,2,2,https://youtube.com/shorts/UAtmv79K-yg
2026-08-15,2026-08-11T08:28:21Z,7uSSDaHmxII,"""Still clenching your jaw"" — Epictetus | Stoicism",22,0,2,https://youtube.com/shorts/7uSSDaHmxII
2026-08-15,2026-08-11T04:23:22Z,z_vD6ymLa9I,"""Rule 19: Stop fighting what's already fixed"" — Musonius Rufus | Stoicism",30,1,2,https://youtube.com/shorts/z_vD6ymLa9I
2026-08-16,2026-08-16T03:54:53Z,ZZZAoiailGA,"""Justice starts closer than you think"" — Musonius Rufus | Stoicism",0,0,2,https://youtube.com/shorts/ZZZAoiailGA
2026-08-16,2026-08-15T11:17:35Z,QdN51yPIys8,"""Meet it early"" — Seneca | Stoicism",45,2,2,https://youtube.com/shorts/QdN51yPIys8
2026-08-16,2026-08-15T07:49:22Z,d8POTCrUSuk,"""Rule 31: Take the hit and stay standing"" — Zeno of Citium | Stoicism",27,1,2,https://youtube.com/shorts/d8POTCrUSuk
2026-08-16,2026-08-15T03:42:29Z,zDvyxWor3Aw,"""Don't become it"" — Marcus Aurelius | Stoicism",687,33,2,https://youtube.com/shorts/zDvyxWor3Aw
2026-08-16,2026-08-14T11:48:34Z,44ndbnteVQ4,"""If you can't fix it tonight—"" — Epictetus | Stoicism",13,2,2,https://youtube.com/shorts/44ndbnteVQ4
2026-08-16,2026-08-14T08:33:14Z,yIgmnlMn8Yo,"""Rule 5: Own nothing you didn't build"" — Musonius Rufus | Stoicism",114,5,2,https://youtube.com/shorts/yIgmnlMn8Yo
2026-08-16,2026-08-14T05:00:28Z,D0GX5G2EK2o,"""He counted his days like coins"" — Seneca | Stoicism",35,1,2,https://youtube.com/shorts/D0GX5G2EK2o
2026-08-16,2026-08-13T11:44:57Z,uCYwL47CEtI,"""Nothing terrible here"" — Zeno of Citium | Stoicism",55,2,2,https://youtube.com/shorts/uCYwL47CEtI
2026-08-16,2026-08-13T08:43:58Z,cGGfKXhcbtk,"""Answer to yourself"" — Marcus Aurelius | Stoicism",91,1,2,https://youtube.com/shorts/cGGfKXhcbtk
2026-08-16,2026-08-13T04:57:28Z,Xlbq2aBt5W8,"""If today felt thankless—"" — Epictetus | Stoicism",13,1,2,https://youtube.com/shorts/Xlbq2aBt5W8
2026-08-16,2026-08-12T11:51:40Z,SsipBXrnSjM,"""Rule 24: Carry his faults quietly"" — Musonius Rufus | Stoicism",43,1,2,https://youtube.com/shorts/SsipBXrnSjM
2026-08-16,2026-08-12T08:35:51Z,tGmooVvt-bQ,"""His enemy already held the throne"" — Seneca | Stoicism",40,1,2,https://youtube.com/shorts/tGmooVvt-bQ
2026-08-16,2026-08-12T04:53:15Z,nUgDtEcNS04,"""Nothing can force you"" — Zeno of Citium | Stoicism",357,12,2,https://youtube.com/shorts/nUgDtEcNS04
2026-08-16,2026-08-11T11:44:19Z,UAtmv79K-yg,"""Weigh what you chase"" — Marcus Aurelius | Stoicism",37,2,2,https://youtube.com/shorts/UAtmv79K-yg
2026-08-16,2026-08-11T08:28:21Z,7uSSDaHmxII,"""Still clenching your jaw"" — Epictetus | Stoicism",22,0,2,https://youtube.com/shorts/7uSSDaHmxII
2026-08-16,2026-08-16T07:48:11Z,9xJqvFBwaSQ,"""Rule 14: Let it ripen slowly"" — Epictetus | Stoicism",0,0,2,https://youtube.com/shorts/9xJqvFBwaSQ
2026-08-16,2026-08-16T03:55:30Z,ZZZAoiailGA,"""Justice starts closer than you think"" — Musonius Rufus | Stoicism",24,1,2,https://youtube.com/shorts/ZZZAoiailGA
2026-08-16,2026-08-15T11:17:35Z,QdN51yPIys8,"""Meet it early"" — Seneca | Stoicism",47,2,2,https://youtube.com/shorts/QdN51yPIys8
2026-08-16,2026-08-15T07:49:22Z,d8POTCrUSuk,"""Rule 31: Take the hit and stay standing"" — Zeno of Citium | Stoicism",31,1,2,https://youtube.com/shorts/d8POTCrUSuk
2026-08-16,2026-08-15T03:42:29Z,zDvyxWor3Aw,"""Don't become it"" — Marcus Aurelius | Stoicism",685,33,2,https://youtube.com/shorts/zDvyxWor3Aw
2026-08-16,2026-08-14T11:48:34Z,44ndbnteVQ4,"""If you can't fix it tonight—"" — Epictetus | Stoicism",13,2,2,https://youtube.com/shorts/44ndbnteVQ4
2026-08-16,2026-08-14T08:33:14Z,yIgmnlMn8Yo,"""Rule 5: Own nothing you didn't build"" — Musonius Rufus | Stoicism",117,5,2,https://youtube.com/shorts/yIgmnlMn8Yo
2026-08-16,2026-08-14T05:00:28Z,D0GX5G2EK2o,"""He counted his days like coins"" — Seneca | Stoicism",37,1,2,https://youtube.com/shorts/D0GX5G2EK2o
2026-08-16,2026-08-13T11:44:57Z,uCYwL47CEtI,"""Nothing terrible here"" — Zeno of Citium | Stoicism",56,2,2,https://youtube.com/shorts/uCYwL47CEtI
2026-08-16,2026-08-13T08:43:58Z,cGGfKXhcbtk,"""Answer to yourself"" — Marcus Aurelius | Stoicism",92,1,2,https://youtube.com/shorts/cGGfKXhcbtk
2026-08-16,2026-08-13T04:57:28Z,Xlbq2aBt5W8,"""If today felt thankless—"" — Epictetus | Stoicism",14,1,2,https://youtube.com/shorts/Xlbq2aBt5W8
2026-08-16,2026-08-12T11:51:40Z,SsipBXrnSjM,"""Rule 24: Carry his faults quietly"" — Musonius Rufus | Stoicism",44,1,2,https://youtube.com/shorts/SsipBXrnSjM
2026-08-16,2026-08-12T08:35:51Z,tGmooVvt-bQ,"""His enemy already held the throne"" — Seneca | Stoicism",40,1,2,https://youtube.com/shorts/tGmooVvt-bQ
2026-08-16,2026-08-12T04:53:15Z,nUgDtEcNS04,"""Nothing can force you"" — Zeno of Citium | Stoicism",357,12,2,https://youtube.com/shorts/nUgDtEcNS04
2026-08-16,2026-08-11T11:44:19Z,UAtmv79K-yg,"""Weigh what you chase"" — Marcus Aurelius | Stoicism",37,2,2,https://youtube.com/shorts/UAtmv79K-yg
2026-08-16,2026-08-16T11:22:27Z,UehZvwaZWSM,"""Start from zero"" — Marcus Aurelius | Stoicism",0,0,2,https://youtube.com/shorts/UehZvwaZWSM
2026-08-16,2026-08-16T07:48:11Z,9xJqvFBwaSQ,"""Rule 14: Let it ripen slowly"" — Epictetus | Stoicism",2,0,2,https://youtube.com/shorts/9xJqvFBwaSQ
2026-08-16,2026-08-16T03:55:30Z,ZZZAoiailGA,"""Justice starts closer than you think"" — Musonius Rufus | Stoicism",36,0,2,https://youtube.com/shorts/ZZZAoiailGA
2026-08-16,2026-08-15T11:17:35Z,QdN51yPIys8,"""Meet it early"" — Seneca | Stoicism",47,2,2,https://youtube.com/shorts/QdN51yPIys8
2026-08-16,2026-08-15T07:49:22Z,d8POTCrUSuk,"""Rule 31: Take the hit and stay standing"" — Zeno of Citium | Stoicism",31,1,2,https://youtube.com/shorts/d8POTCrUSuk
2026-08-16,2026-08-15T03:42:29Z,zDvyxWor3Aw,"""Don't become it"" — Marcus Aurelius | Stoicism",687,33,2,https://youtube.com/shorts/zDvyxWor3Aw
2026-08-16,2026-08-14T11:48:34Z,44ndbnteVQ4,"""If you can't fix it tonight—"" — Epictetus | Stoicism",13,2,2,https://youtube.com/shorts/44ndbnteVQ4
2026-08-16,2026-08-14T08:33:14Z,yIgmnlMn8Yo,"""Rule 5: Own nothing you didn't build"" — Musonius Rufus | Stoicism",119,5,2,https://youtube.com/shorts/yIgmnlMn8Yo
2026-08-16,2026-08-14T05:00:28Z,D0GX5G2EK2o,"""He counted his days like coins"" — Seneca | Stoicism",37,1,2,https://youtube.com/shorts/D0GX5G2EK2o
2026-08-16,2026-08-13T11:44:57Z,uCYwL47CEtI,"""Nothing terrible here"" — Zeno of Citium | Stoicism",56,2,2,https://youtube.com/shorts/uCYwL47CEtI
2026-08-16,2026-08-13T08:43:58Z,cGGfKXhcbtk,"""Answer to yourself"" — Marcus Aurelius | Stoicism",92,1,2,https://youtube.com/shorts/cGGfKXhcbtk
2026-08-16,2026-08-13T04:57:28Z,Xlbq2aBt5W8,"""If today felt thankless—"" — Epictetus | Stoicism",14,1,2,https://youtube.com/shorts/Xlbq2aBt5W8
2026-08-16,2026-08-12T11:51:40Z,SsipBXrnSjM,"""Rule 24: Carry his faults quietly"" — Musonius Rufus | Stoicism",44,1,2,https://youtube.com/shorts/SsipBXrnSjM
2026-08-16,2026-08-12T08:35:51Z,tGmooVvt-bQ,"""His enemy already held the throne"" — Seneca | Stoicism",40,1,2,https://youtube.com/shorts/tGmooVvt-bQ
2026-08-16,2026-08-12T04:53:15Z,nUgDtEcNS04,"""Nothing can force you"" — Zeno of Citium | Stoicism",357,12,2,https://youtube.com/shorts/nUgDtEcNS04
2026-08-16,2026-08-16T11:22:27Z,UehZvwaZWSM,"""Start from zero"" — Marcus Aurelius | Stoicism",72,1,2,https://youtube.com/shorts/UehZvwaZWSM
2026-08-16,2026-08-16T07:48:11Z,9xJqvFBwaSQ,"""Rule 14: Let it ripen slowly"" — Epictetus | Stoicism",6,0,2,https://youtube.com/shorts/9xJqvFBwaSQ
2026-08-16,2026-08-16T03:55:30Z,ZZZAoiailGA,"""Justice starts closer than you think"" — Musonius Rufus | Stoicism",48,2,2,https://youtube.com/shorts/ZZZAoiailGA
2026-08-16,2026-08-15T11:17:35Z,QdN51yPIys8,"""Meet it early"" — Seneca | Stoicism",52,2,2,https://youtube.com/shorts/QdN51yPIys8
2026-08-16,2026-08-15T07:49:22Z,d8POTCrUSuk,"""Rule 31: Take the hit and stay standing"" — Zeno of Citium | Stoicism",38,1,2,https://youtube.com/shorts/d8POTCrUSuk
2026-08-16,2026-08-15T03:42:29Z,zDvyxWor3Aw,"""Don't become it"" — Marcus Aurelius | Stoicism",687,33,2,https://youtube.com/shorts/zDvyxWor3Aw
2026-08-16,2026-08-14T11:48:34Z,44ndbnteVQ4,"""If you can't fix it tonight—"" — Epictetus | Stoicism",13,2,2,https://youtube.com/shorts/44ndbnteVQ4
2026-08-16,2026-08-14T08:33:14Z,yIgmnlMn8Yo,"""Rule 5: Own nothing you didn't build"" — Musonius Rufus | Stoicism",119,5,2,https://youtube.com/shorts/yIgmnlMn8Yo
2026-08-16,2026-08-14T05:00:28Z,D0GX5G2EK2o,"""He counted his days like coins"" — Seneca | Stoicism",37,1,2,https://youtube.com/shorts/D0GX5G2EK2o
2026-08-16,2026-08-13T11:44:57Z,uCYwL47CEtI,"""Nothing terrible here"" — Zeno of Citium | Stoicism",56,2,2,https://youtube.com/shorts/uCYwL47CEtI
2026-08-16,2026-08-13T08:43:58Z,cGGfKXhcbtk,"""Answer to yourself"" — Marcus Aurelius | Stoicism",92,1,2,https://youtube.com/shorts/cGGfKXhcbtk
2026-08-16,2026-08-13T04:57:28Z,Xlbq2aBt5W8,"""If today felt thankless—"" — Epictetus | Stoicism",14,1,2,https://youtube.com/shorts/Xlbq2aBt5W8
2026-08-16,2026-08-12T11:51:40Z,SsipBXrnSjM,"""Rule 24: Carry his faults quietly"" — Musonius Rufus | Stoicism",44,1,2,https://youtube.com/shorts/SsipBXrnSjM
2026-08-16,2026-08-12T08:35:51Z,tGmooVvt-bQ,"""His enemy already held the throne"" — Seneca | Stoicism",40,1,2,https://youtube.com/shorts/tGmooVvt-bQ
2026-08-16,2026-08-12T04:53:15Z,nUgDtEcNS04,"""Nothing can force you"" — Zeno of Citium | Stoicism",357,12,2,https://youtube.com/shorts/nUgDtEcNS04
2026-08-16,2026-08-16T11:22:27Z,UehZvwaZWSM,"""Start from zero"" — Marcus Aurelius | Stoicism",103,1,2,https://youtube.com/shorts/UehZvwaZWSM
2026-08-16,2026-08-16T07:48:11Z,9xJqvFBwaSQ,"""Rule 14: Let it ripen slowly"" — Epictetus | Stoicism",7,0,2,https://youtube.com/shorts/9xJqvFBwaSQ
2026-08-16,2026-08-16T03:55:30Z,ZZZAoiailGA,"""Justice starts closer than you think"" — Musonius Rufus | Stoicism",48,2,2,https://youtube.com/shorts/ZZZAoiailGA
2026-08-16,2026-08-15T11:17:35Z,QdN51yPIys8,"""Meet it early"" — Seneca | Stoicism",52,2,2,https://youtube.com/shorts/QdN51yPIys8
2026-08-16,2026-08-15T07:49:22Z,d8POTCrUSuk,"""Rule 31: Take the hit and stay standing"" — Zeno of Citium | Stoicism",41,1,2,https://youtube.com/shorts/d8POTCrUSuk
2026-08-16,2026-08-15T03:42:29Z,zDvyxWor3Aw,"""Don't become it"" — Marcus Aurelius | Stoicism",689,33,2,https://youtube.com/shorts/zDvyxWor3Aw
2026-08-16,2026-08-14T11:48:34Z,44ndbnteVQ4,"""If you can't fix it tonight—"" — Epictetus | Stoicism",13,2,2,https://youtube.com/shorts/44ndbnteVQ4
2026-08-16,2026-08-14T08:33:14Z,yIgmnlMn8Yo,"""Rule 5: Own nothing you didn't build"" — Musonius Rufus | Stoicism",119,5,2,https://youtube.com/shorts/yIgmnlMn8Yo
2026-08-16,2026-08-14T05:00:28Z,D0GX5G2EK2o,"""He counted his days like coins"" — Seneca | Stoicism",37,1,2,https://youtube.com/shorts/D0GX5G2EK2o
2026-08-16,2026-08-13T11:44:57Z,uCYwL47CEtI,"""Nothing terrible here"" — Zeno of Citium | Stoicism",56,2,2,https://youtube.com/shorts/uCYwL47CEtI
2026-08-16,2026-08-13T08:43:58Z,cGGfKXhcbtk,"""Answer to yourself"" — Marcus Aurelius | Stoicism",92,1,2,https://youtube.com/shorts/cGGfKXhcbtk
2026-08-16,2026-08-13T04:57:28Z,Xlbq2aBt5W8,"""If today felt thankless—"" — Epictetus | Stoicism",14,1,2,https://youtube.com/shorts/Xlbq2aBt5W8
2026-08-16,2026-08-12T11:51:40Z,SsipBXrnSjM,"""Rule 24: Carry his faults quietly"" — Musonius Rufus | Stoicism",44,1,2,https://youtube.com/shorts/SsipBXrnSjM
2026-08-16,2026-08-12T08:35:51Z,tGmooVvt-bQ,"""His enemy already held the throne"" — Seneca | Stoicism",40,1,2,https://youtube.com/shorts/tGmooVvt-bQ
2026-08-16,2026-08-12T04:53:15Z,nUgDtEcNS04,"""Nothing can force you"" — Zeno of Citium | Stoicism",357,12,2,https://youtube.com/shorts/nUgDtEcNS04
2026-08-16,2026-08-16T11:22:27Z,UehZvwaZWSM,"""Start from zero"" — Marcus Aurelius | Stoicism",109,1,2,https://youtube.com/shorts/UehZvwaZWSM
2026-08-16,2026-08-16T07:48:11Z,9xJqvFBwaSQ,"""Rule 14: Let it ripen slowly"" — Epictetus | Stoicism",7,0,2,https://youtube.com/shorts/9xJqvFBwaSQ
2026-08-16,2026-08-16T03:55:30Z,ZZZAoiailGA,"""Justice starts closer than you think"" — Musonius Rufus | Stoicism",48,2,2,https://youtube.com/shorts/ZZZAoiailGA
2026-08-16,2026-08-15T11:17:35Z,QdN51yPIys8,"""Meet it early"" — Seneca | Stoicism",52,2,2,https://youtube.com/shorts/QdN51yPIys8
2026-08-16,2026-08-15T07:49:22Z,d8POTCrUSuk,"""Rule 31: Take the hit and stay standing"" — Zeno of Citium | Stoicism",40,1,2,https://youtube.com/shorts/d8POTCrUSuk
2026-08-16,2026-08-15T03:42:29Z,zDvyxWor3Aw,"""Don't become it"" — Marcus Aurelius | Stoicism",686,33,2,https://youtube.com/shorts/zDvyxWor3Aw
2026-08-16,2026-08-14T11:48:34Z,44ndbnteVQ4,"""If you can't fix it tonight—"" — Epictetus | Stoicism",13,2,2,https://youtube.com/shorts/44ndbnteVQ4
2026-08-16,2026-08-14T08:33:14Z,yIgmnlMn8Yo,"""Rule 5: Own nothing you didn't build"" — Musonius Rufus | Stoicism",119,5,2,https://youtube.com/shorts/yIgmnlMn8Yo
2026-08-16,2026-08-14T05:00:28Z,D0GX5G2EK2o,"""He counted his days like coins"" — Seneca | Stoicism",37,1,2,https://youtube.com/shorts/D0GX5G2EK2o
2026-08-16,2026-08-13T11:44:57Z,uCYwL47CEtI,"""Nothing terrible here"" — Zeno of Citium | Stoicism",56,2,2,https://youtube.com/shorts/uCYwL47CEtI
2026-08-16,2026-08-13T08:43:58Z,cGGfKXhcbtk,"""Answer to yourself"" — Marcus Aurelius | Stoicism",92,1,2,https://youtube.com/shorts/cGGfKXhcbtk
2026-08-16,2026-08-13T04:57:28Z,Xlbq2aBt5W8,"""If today felt thankless—"" — Epictetus | Stoicism",14,1,2,https://youtube.com/shorts/Xlbq2aBt5W8
2026-08-16,2026-08-12T11:51:40Z,SsipBXrnSjM,"""Rule 24: Carry his faults quietly"" — Musonius Rufus | Stoicism",44,1,2,https://youtube.com/shorts/SsipBXrnSjM
2026-08-16,2026-08-12T08:35:51Z,tGmooVvt-bQ,"""His enemy already held the throne"" — Seneca | Stoicism",40,1,2,https://youtube.com/shorts/tGmooVvt-bQ
2026-08-16,2026-08-12T04:53:15Z,nUgDtEcNS04,"""Nothing can force you"" — Zeno of Citium | Stoicism",357,12,2,https://youtube.com/shorts/nUgDtEcNS04
2026-08-16,2026-08-16T11:22:27Z,UehZvwaZWSM,"""Start from zero"" — Marcus Aurelius | Stoicism",111,1,2,https://youtube.com/shorts/UehZvwaZWSM
2026-08-16,2026-08-16T07:48:11Z,9xJqvFBwaSQ,"""Rule 14: Let it ripen slowly"" — Epictetus | Stoicism",8,0,2,https://youtube.com/shorts/9xJqvFBwaSQ
2026-08-16,2026-08-16T03:55:30Z,ZZZAoiailGA,"""Justice starts closer than you think"" — Musonius Rufus | Stoicism",50,2,2,https://youtube.com/shorts/ZZZAoiailGA
2026-08-16,2026-08-15T11:17:35Z,QdN51yPIys8,"""Meet it early"" — Seneca | Stoicism",53,2,2,https://youtube.com/shorts/QdN51yPIys8
2026-08-16,2026-08-15T07:49:22Z,d8POTCrUSuk,"""Rule 31: Take the hit and stay standing"" — Zeno of Citium | Stoicism",52,1,2,https://youtube.com/shorts/d8POTCrUSuk
2026-08-16,2026-08-15T03:42:29Z,zDvyxWor3Aw,"""Don't become it"" — Marcus Aurelius | Stoicism",688,33,2,https://youtube.com/shorts/zDvyxWor3Aw
2026-08-16,2026-08-14T11:48:34Z,44ndbnteVQ4,"""If you can't fix it tonight—"" — Epictetus | Stoicism",14,2,2,https://youtube.com/shorts/44ndbnteVQ4
2026-08-16,2026-08-14T08:33:14Z,yIgmnlMn8Yo,"""Rule 5: Own nothing you didn't build"" — Musonius Rufus | Stoicism",120,5,2,https://youtube.com/shorts/yIgmnlMn8Yo
2026-08-16,2026-08-14T05:00:28Z,D0GX5G2EK2o,"""He counted his days like coins"" — Seneca | Stoicism",38,1,2,https://youtube.com/shorts/D0GX5G2EK2o
2026-08-16,2026-08-13T11:44:57Z,uCYwL47CEtI,"""Nothing terrible here"" — Zeno of Citium | Stoicism",57,2,2,https://youtube.com/shorts/uCYwL47CEtI
2026-08-16,2026-08-13T08:43:58Z,cGGfKXhcbtk,"""Answer to yourself"" — Marcus Aurelius | Stoicism",93,1,2,https://youtube.com/shorts/cGGfKXhcbtk
2026-08-16,2026-08-13T04:57:28Z,Xlbq2aBt5W8,"""If today felt thankless—"" — Epictetus | Stoicism",15,1,2,https://youtube.com/shorts/Xlbq2aBt5W8
2026-08-16,2026-08-12T11:51:40Z,SsipBXrnSjM,"""Rule 24: Carry his faults quietly"" — Musonius Rufus | Stoicism",45,1,2,https://youtube.com/shorts/SsipBXrnSjM
2026-08-16,2026-08-12T08:35:51Z,tGmooVvt-bQ,"""His enemy already held the throne"" — Seneca | Stoicism",41,1,2,https://youtube.com/shorts/tGmooVvt-bQ
2026-08-16,2026-08-12T04:53:15Z,nUgDtEcNS04,"""Nothing can force you"" — Zeno of Citium | Stoicism",359,12,2,https://youtube.com/shorts/nUgDtEcNS04
2026-08-17,2026-08-16T11:22:27Z,UehZvwaZWSM,"""Start from zero"" — Marcus Aurelius | Stoicism",111,1,2,https://youtube.com/shorts/UehZvwaZWSM
2026-08-17,2026-08-16T07:48:11Z,9xJqvFBwaSQ,"""Rule 14: Let it ripen slowly"" — Epictetus | Stoicism",9,0,2,https://youtube.com/shorts/9xJqvFBwaSQ
2026-08-17,2026-08-16T03:55:30Z,ZZZAoiailGA,"""Justice starts closer than you think"" — Musonius Rufus | Stoicism",50,3,2,https://youtube.com/shorts/ZZZAoiailGA
2026-08-17,2026-08-15T11:17:35Z,QdN51yPIys8,"""Meet it early"" — Seneca | Stoicism",53,2,2,https://youtube.com/shorts/QdN51yPIys8
2026-08-17,2026-08-15T07:49:22Z,d8POTCrUSuk,"""Rule 31: Take the hit and stay standing"" — Zeno of Citium | Stoicism",68,1,2,https://youtube.com/shorts/d8POTCrUSuk
2026-08-17,2026-08-15T03:42:29Z,zDvyxWor3Aw,"""Don't become it"" — Marcus Aurelius | Stoicism",689,33,2,https://youtube.com/shorts/zDvyxWor3Aw
2026-08-17,2026-08-14T11:48:34Z,44ndbnteVQ4,"""If you can't fix it tonight—"" — Epictetus | Stoicism",14,2,2,https://youtube.com/shorts/44ndbnteVQ4
2026-08-17,2026-08-14T08:33:14Z,yIgmnlMn8Yo,"""Rule 5: Own nothing you didn't build"" — Musonius Rufus | Stoicism",120,5,2,https://youtube.com/shorts/yIgmnlMn8Yo
2026-08-17,2026-08-14T05:00:28Z,D0GX5G2EK2o,"""He counted his days like coins"" — Seneca | Stoicism",38,1,2,https://youtube.com/shorts/D0GX5G2EK2o
2026-08-17,2026-08-13T11:44:57Z,uCYwL47CEtI,"""Nothing terrible here"" — Zeno of Citium | Stoicism",57,2,2,https://youtube.com/shorts/uCYwL47CEtI
2026-08-17,2026-08-13T08:43:58Z,cGGfKXhcbtk,"""Answer to yourself"" — Marcus Aurelius | Stoicism",93,1,2,https://youtube.com/shorts/cGGfKXhcbtk
2026-08-17,2026-08-13T04:57:28Z,Xlbq2aBt5W8,"""If today felt thankless—"" — Epictetus | Stoicism",15,1,2,https://youtube.com/shorts/Xlbq2aBt5W8
2026-08-17,2026-08-12T11:51:40Z,SsipBXrnSjM,"""Rule 24: Carry his faults quietly"" — Musonius Rufus | Stoicism",45,1,2,https://youtube.com/shorts/SsipBXrnSjM
2026-08-17,2026-08-12T08:35:51Z,tGmooVvt-bQ,"""His enemy already held the throne"" — Seneca | Stoicism",41,1,2,https://youtube.com/shorts/tGmooVvt-bQ
2026-08-17,2026-08-12T04:53:15Z,nUgDtEcNS04,"""Nothing can force you"" — Zeno of Citium | Stoicism",359,12,2,https://youtube.com/shorts/nUgDtEcNS04
2026-08-17,2026-08-17T03:48:47Z,VRvQUEOBVSc,"""Drop the act"" — Zeno of Citium | Stoicism",85,3,2,https://youtube.com/shorts/VRvQUEOBVSc
2026-08-17,2026-08-16T11:22:27Z,UehZvwaZWSM,"""Start from zero"" — Marcus Aurelius | Stoicism",111,1,2,https://youtube.com/shorts/UehZvwaZWSM
2026-08-17,2026-08-16T07:48:11Z,9xJqvFBwaSQ,"""Rule 14: Let it ripen slowly"" — Epictetus | Stoicism",9,0,2,https://youtube.com/shorts/9xJqvFBwaSQ
2026-08-17,2026-08-16T03:55:30Z,ZZZAoiailGA,"""Justice starts closer than you think"" — Musonius Rufus | Stoicism",53,3,2,https://youtube.com/shorts/ZZZAoiailGA
2026-08-17,2026-08-15T11:17:35Z,QdN51yPIys8,"""Meet it early"" — Seneca | Stoicism",54,2,2,https://youtube.com/shorts/QdN51yPIys8
2026-08-17,2026-08-15T07:49:22Z,d8POTCrUSuk,"""Rule 31: Take the hit and stay standing"" — Zeno of Citium | Stoicism",77,1,2,https://youtube.com/shorts/d8POTCrUSuk
2026-08-17,2026-08-15T03:42:29Z,zDvyxWor3Aw,"""Don't become it"" — Marcus Aurelius | Stoicism",689,33,2,https://youtube.com/shorts/zDvyxWor3Aw
2026-08-17,2026-08-14T11:48:34Z,44ndbnteVQ4,"""If you can't fix it tonight—"" — Epictetus | Stoicism",15,2,2,https://youtube.com/shorts/44ndbnteVQ4
2026-08-17,2026-08-14T08:33:14Z,yIgmnlMn8Yo,"""Rule 5: Own nothing you didn't build"" — Musonius Rufus | Stoicism",120,5,2,https://youtube.com/shorts/yIgmnlMn8Yo
2026-08-17,2026-08-14T05:00:28Z,D0GX5G2EK2o,"""He counted his days like coins"" — Seneca | Stoicism",38,1,2,https://youtube.com/shorts/D0GX5G2EK2o
2026-08-17,2026-08-13T11:44:57Z,uCYwL47CEtI,"""Nothing terrible here"" — Zeno of Citium | Stoicism",57,2,2,https://youtube.com/shorts/uCYwL47CEtI
2026-08-17,2026-08-13T08:43:58Z,cGGfKXhcbtk,"""Answer to yourself"" — Marcus Aurelius | Stoicism",93,1,2,https://youtube.com/shorts/cGGfKXhcbtk
2026-08-17,2026-08-13T04:57:28Z,Xlbq2aBt5W8,"""If today felt thankless—"" — Epictetus | Stoicism",15,1,2,https://youtube.com/shorts/Xlbq2aBt5W8
2026-08-17,2026-08-12T11:51:40Z,SsipBXrnSjM,"""Rule 24: Carry his faults quietly"" — Musonius Rufus | Stoicism",45,1,2,https://youtube.com/shorts/SsipBXrnSjM
2026-08-17,2026-08-12T08:35:51Z,tGmooVvt-bQ,"""His enemy already held the throne"" — Seneca | Stoicism",41,1,2,https://youtube.com/shorts/tGmooVvt-bQ
2026-08-17,2026-08-17T08:12:55Z,40uJE--rZhg,"""Stop dragging the world"" — Seneca | Stoicism",0,0,2,https://youtube.com/shorts/40uJE--rZhg
2026-08-17,2026-08-17T03:48:47Z,VRvQUEOBVSc,"""Drop the act"" — Zeno of Citium | Stoicism",144,5,2,https://youtube.com/shorts/VRvQUEOBVSc
2026-08-17,2026-08-16T11:22:27Z,UehZvwaZWSM,"""Start from zero"" — Marcus Aurelius | Stoicism",111,1,2,https://youtube.com/shorts/UehZvwaZWSM
2026-08-17,2026-08-16T07:48:11Z,9xJqvFBwaSQ,"""Rule 14: Let it ripen slowly"" — Epictetus | Stoicism",9,0,2,https://youtube.com/shorts/9xJqvFBwaSQ
2026-08-17,2026-08-16T03:55:30Z,ZZZAoiailGA,"""Justice starts closer than you think"" — Musonius Rufus | Stoicism",53,3,2,https://youtube.com/shorts/ZZZAoiailGA
2026-08-17,2026-08-15T11:17:35Z,QdN51yPIys8,"""Meet it early"" — Seneca | Stoicism",54,2,2,https://youtube.com/shorts/QdN51yPIys8
2026-08-17,2026-08-15T07:49:22Z,d8POTCrUSuk,"""Rule 31: Take the hit and stay standing"" — Zeno of Citium | Stoicism",77,1,2,https://youtube.com/shorts/d8POTCrUSuk
2026-08-17,2026-08-15T03:42:29Z,zDvyxWor3Aw,"""Don't become it"" — Marcus Aurelius | Stoicism",689,33,2,https://youtube.com/shorts/zDvyxWor3Aw
2026-08-17,2026-08-14T11:48:34Z,44ndbnteVQ4,"""If you can't fix it tonight—"" — Epictetus | Stoicism",15,2,2,https://youtube.com/shorts/44ndbnteVQ4
2026-08-17,2026-08-14T08:33:14Z,yIgmnlMn8Yo,"""Rule 5: Own nothing you didn't build"" — Musonius Rufus | Stoicism",120,5,2,https://youtube.com/shorts/yIgmnlMn8Yo
2026-08-17,2026-08-14T05:00:28Z,D0GX5G2EK2o,"""He counted his days like coins"" — Seneca | Stoicism",38,1,2,https://youtube.com/shorts/D0GX5G2EK2o
2026-08-17,2026-08-13T11:44:57Z,uCYwL47CEtI,"""Nothing terrible here"" — Zeno of Citium | Stoicism",57,2,2,https://youtube.com/shorts/uCYwL47CEtI
2026-08-17,2026-08-13T08:43:58Z,cGGfKXhcbtk,"""Answer to yourself"" — Marcus Aurelius | Stoicism",93,1,2,https://youtube.com/shorts/cGGfKXhcbtk
2026-08-17,2026-08-13T04:57:28Z,Xlbq2aBt5W8,"""If today felt thankless—"" — Epictetus | Stoicism",15,1,2,https://youtube.com/shorts/Xlbq2aBt5W8
2026-08-17,2026-08-12T11:51:40Z,SsipBXrnSjM,"""Rule 24: Carry his faults quietly"" — Musonius Rufus | Stoicism",45,1,2,https://youtube.com/shorts/SsipBXrnSjM
2026-08-17,2026-08-17T11:22:34Z,gQgITV9h1WI,"""The harder win"" — Musonius Rufus | Stoicism",0,0,2,https://youtube.com/shorts/gQgITV9h1WI
2026-08-17,2026-08-17T08:13:33Z,40uJE--rZhg,"""Stop dragging the world"" — Seneca | Stoicism",10,1,2,https://youtube.com/shorts/40uJE--rZhg
2026-08-17,2026-08-17T03:48:47Z,VRvQUEOBVSc,"""Drop the act"" — Zeno of Citium | Stoicism",212,7,2,https://youtube.com/shorts/VRvQUEOBVSc
2026-08-17,2026-08-16T11:22:27Z,UehZvwaZWSM,"""Start from zero"" — Marcus Aurelius | Stoicism",115,1,2,https://youtube.com/shorts/UehZvwaZWSM
2026-08-17,2026-08-16T07:48:11Z,9xJqvFBwaSQ,"""Rule 14: Let it ripen slowly"" — Epictetus | Stoicism",10,0,2,https://youtube.com/shorts/9xJqvFBwaSQ
2026-08-17,2026-08-16T03:55:30Z,ZZZAoiailGA,"""Justice starts closer than you think"" — Musonius Rufus | Stoicism",55,3,2,https://youtube.com/shorts/ZZZAoiailGA
2026-08-17,2026-08-15T11:17:35Z,QdN51yPIys8,"""Meet it early"" — Seneca | Stoicism",56,2,2,https://youtube.com/shorts/QdN51yPIys8
2026-08-17,2026-08-15T07:49:22Z,d8POTCrUSuk,"""Rule 31: Take the hit and stay standing"" — Zeno of Citium | Stoicism",97,1,2,https://youtube.com/shorts/d8POTCrUSuk
2026-08-17,2026-08-15T03:42:29Z,zDvyxWor3Aw,"""Don't become it"" — Marcus Aurelius | Stoicism",689,33,2,https://youtube.com/shorts/zDvyxWor3Aw
2026-08-17,2026-08-14T11:48:34Z,44ndbnteVQ4,"""If you can't fix it tonight—"" — Epictetus | Stoicism",18,2,2,https://youtube.com/shorts/44ndbnteVQ4
2026-08-17,2026-08-14T08:33:14Z,yIgmnlMn8Yo,"""Rule 5: Own nothing you didn't build"" — Musonius Rufus | Stoicism",120,5,2,https://youtube.com/shorts/yIgmnlMn8Yo
2026-08-17,2026-08-14T05:00:28Z,D0GX5G2EK2o,"""He counted his days like coins"" — Seneca | Stoicism",38,1,2,https://youtube.com/shorts/D0GX5G2EK2o
2026-08-17,2026-08-13T11:44:57Z,uCYwL47CEtI,"""Nothing terrible here"" — Zeno of Citium | Stoicism",57,2,2,https://youtube.com/shorts/uCYwL47CEtI
2026-08-17,2026-08-13T08:43:58Z,cGGfKXhcbtk,"""Answer to yourself"" — Marcus Aurelius | Stoicism",93,1,2,https://youtube.com/shorts/cGGfKXhcbtk
2026-08-17,2026-08-13T04:57:28Z,Xlbq2aBt5W8,"""If today felt thankless—"" — Epictetus | Stoicism",15,1,2,https://youtube.com/shorts/Xlbq2aBt5W8
2026-08-17,2026-08-17T11:22:34Z,gQgITV9h1WI,"""The harder win"" — Musonius Rufus | Stoicism",180,4,2,https://youtube.com/shorts/gQgITV9h1WI
2026-08-17,2026-08-17T08:13:33Z,40uJE--rZhg,"""Stop dragging the world"" — Seneca | Stoicism",26,1,2,https://youtube.com/shorts/40uJE--rZhg
2026-08-17,2026-08-17T03:48:47Z,VRvQUEOBVSc,"""Drop the act"" — Zeno of Citium | Stoicism",261,6,2,https://youtube.com/shorts/VRvQUEOBVSc
2026-08-17,2026-08-16T11:22:27Z,UehZvwaZWSM,"""Start from zero"" — Marcus Aurelius | Stoicism",116,1,2,https://youtube.com/shorts/UehZvwaZWSM
2026-08-17,2026-08-16T07:48:11Z,9xJqvFBwaSQ,"""Rule 14: Let it ripen slowly"" — Epictetus | Stoicism",10,0,2,https://youtube.com/shorts/9xJqvFBwaSQ
2026-08-17,2026-08-16T03:55:30Z,ZZZAoiailGA,"""Justice starts closer than you think"" — Musonius Rufus | Stoicism",55,3,2,https://youtube.com/shorts/ZZZAoiailGA
2026-08-17,2026-08-15T11:17:35Z,QdN51yPIys8,"""Meet it early"" — Seneca | Stoicism",56,2,2,https://youtube.com/shorts/QdN51yPIys8
2026-08-17,2026-08-15T07:49:22Z,d8POTCrUSuk,"""Rule 31: Take the hit and stay standing"" — Zeno of Citium | Stoicism",97,1,2,https://youtube.com/shorts/d8POTCrUSuk
2026-08-17,2026-08-15T03:42:29Z,zDvyxWor3Aw,"""Don't become it"" — Marcus Aurelius | Stoicism",689,33,2,https://youtube.com/shorts/zDvyxWor3Aw
2026-08-17,2026-08-14T11:48:34Z,44ndbnteVQ4,"""If you can't fix it tonight—"" — Epictetus | Stoicism",18,2,2,https://youtube.com/shorts/44ndbnteVQ4
2026-08-17,2026-08-14T08:33:14Z,yIgmnlMn8Yo,"""Rule 5: Own nothing you didn't build"" — Musonius Rufus | Stoicism",120,5,2,https://youtube.com/shorts/yIgmnlMn8Yo
2026-08-17,2026-08-14T05:00:28Z,D0GX5G2EK2o,"""He counted his days like coins"" — Seneca | Stoicism",38,1,2,https://youtube.com/shorts/D0GX5G2EK2o
2026-08-17,2026-08-13T11:44:57Z,uCYwL47CEtI,"""Nothing terrible here"" — Zeno of Citium | Stoicism",57,2,2,https://youtube.com/shorts/uCYwL47CEtI
2026-08-17,2026-08-13T08:43:58Z,cGGfKXhcbtk,"""Answer to yourself"" — Marcus Aurelius | Stoicism",93,1,2,https://youtube.com/shorts/cGGfKXhcbtk
2026-08-17,2026-08-13T04:57:28Z,Xlbq2aBt5W8,"""If today felt thankless—"" — Epictetus | Stoicism",15,1,2,https://youtube.com/shorts/Xlbq2aBt5W8
2026-08-17,2026-08-17T11:22:34Z,gQgITV9h1WI,"""The harder win"" — Musonius Rufus | Stoicism",252,5,2,https://youtube.com/shorts/gQgITV9h1WI
2026-08-17,2026-08-17T08:13:33Z,40uJE--rZhg,"""Stop dragging the world"" — Seneca | Stoicism",34,1,2,https://youtube.com/shorts/40uJE--rZhg
2026-08-17,2026-08-17T03:48:47Z,VRvQUEOBVSc,"""Drop the act"" — Zeno of Citium | Stoicism",255,6,2,https://youtube.com/shorts/VRvQUEOBVSc
2026-08-17,2026-08-16T11:22:27Z,UehZvwaZWSM,"""Start from zero"" — Marcus Aurelius | Stoicism",119,1,2,https://youtube.com/shorts/UehZvwaZWSM
2026-08-17,2026-08-16T07:48:11Z,9xJqvFBwaSQ,"""Rule 14: Let it ripen slowly"" — Epictetus | Stoicism",11,0,2,https://youtube.com/shorts/9xJqvFBwaSQ
2026-08-17,2026-08-16T03:55:30Z,ZZZAoiailGA,"""Justice starts closer than you think"" — Musonius Rufus | Stoicism",55,3,2,https://youtube.com/shorts/ZZZAoiailGA
2026-08-17,2026-08-15T11:17:35Z,QdN51yPIys8,"""Meet it early"" — Seneca | Stoicism",56,2,2,https://youtube.com/shorts/QdN51yPIys8
2026-08-17,2026-08-15T07:49:22Z,d8POTCrUSuk,"""Rule 31: Take the hit and stay standing"" — Zeno of Citium | Stoicism",97,1,2,https://youtube.com/shorts/d8POTCrUSuk
2026-08-17,2026-08-15T03:42:29Z,zDvyxWor3Aw,"""Don't become it"" — Marcus Aurelius | Stoicism",689,33,2,https://youtube.com/shorts/zDvyxWor3Aw
2026-08-17,2026-08-14T11:48:34Z,44ndbnteVQ4,"""If you can't fix it tonight—"" — Epictetus | Stoicism",18,2,2,https://youtube.com/shorts/44ndbnteVQ4
2026-08-17,2026-08-14T08:33:14Z,yIgmnlMn8Yo,"""Rule 5: Own nothing you didn't build"" — Musonius Rufus | Stoicism",120,5,2,https://youtube.com/shorts/yIgmnlMn8Yo
2026-08-17,2026-08-14T05:00:28Z,D0GX5G2EK2o,"""He counted his days like coins"" — Seneca | Stoicism",38,1,2,https://youtube.com/shorts/D0GX5G2EK2o
2026-08-17,2026-08-13T11:44:57Z,uCYwL47CEtI,"""Nothing terrible here"" — Zeno of Citium | Stoicism",57,2,2,https://youtube.com/shorts/uCYwL47CEtI
2026-08-17,2026-08-13T08:43:58Z,cGGfKXhcbtk,"""Answer to yourself"" — Marcus Aurelius | Stoicism",93,1,2,https://youtube.com/shorts/cGGfKXhcbtk
2026-08-17,2026-08-13T04:57:28Z,Xlbq2aBt5W8,"""If today felt thankless—"" — Epictetus | Stoicism",15,1,2,https://youtube.com/shorts/Xlbq2aBt5W8
2026-08-17,2026-08-17T11:22:34Z,gQgITV9h1WI,"""The harder win"" — Musonius Rufus | Stoicism",252,5,2,https://youtube.com/shorts/gQgITV9h1WI
2026-08-17,2026-08-17T08:13:33Z,40uJE--rZhg,"""Stop dragging the world"" — Seneca | Stoicism",34,1,2,https://youtube.com/shorts/40uJE--rZhg
2026-08-17,2026-08-17T03:48:47Z,VRvQUEOBVSc,"""Drop the act"" — Zeno of Citium | Stoicism",255,6,2,https://youtube.com/shorts/VRvQUEOBVSc
2026-08-17,2026-08-16T11:22:27Z,UehZvwaZWSM,"""Start from zero"" — Marcus Aurelius | Stoicism",119,1,2,https://youtube.com/shorts/UehZvwaZWSM
2026-08-17,2026-08-16T07:48:11Z,9xJqvFBwaSQ,"""Rule 14: Let it ripen slowly"" — Epictetus | Stoicism",11,0,2,https://youtube.com/shorts/9xJqvFBwaSQ
2026-08-17,2026-08-16T03:55:30Z,ZZZAoiailGA,"""Justice starts closer than you think"" — Musonius Rufus | Stoicism",55,3,2,https://youtube.com/shorts/ZZZAoiailGA
2026-08-17,2026-08-15T11:17:35Z,QdN51yPIys8,"""Meet it early"" — Seneca | Stoicism",56,2,2,https://youtube.com/shorts/QdN51yPIys8
2026-08-17,2026-08-15T07:49:22Z,d8POTCrUSuk,"""Rule 31: Take the hit and stay standing"" — Zeno of Citium | Stoicism",97,1,2,https://youtube.com/shorts/d8POTCrUSuk
2026-08-17,2026-08-15T03:42:29Z,zDvyxWor3Aw,"""Don't become it"" — Marcus Aurelius | Stoicism",689,33,2,https://youtube.com/shorts/zDvyxWor3Aw
2026-08-17,2026-08-14T11:48:34Z,44ndbnteVQ4,"""If you can't fix it tonight—"" — Epictetus | Stoicism",18,2,2,https://youtube.com/shorts/44ndbnteVQ4
2026-08-17,2026-08-14T08:33:14Z,yIgmnlMn8Yo,"""Rule 5: Own nothing you didn't build"" — Musonius Rufus | Stoicism",120,5,2,https://youtube.com/shorts/yIgmnlMn8Yo
2026-08-17,2026-08-14T05:00:28Z,D0GX5G2EK2o,"""He counted his days like coins"" — Seneca | Stoicism",38,1,2,https://youtube.com/shorts/D0GX5G2EK2o
2026-08-17,2026-08-13T11:44:57Z,uCYwL47CEtI,"""Nothing terrible here"" — Zeno of Citium | Stoicism",57,2,2,https://youtube.com/shorts/uCYwL47CEtI
2026-08-17,2026-08-13T08:43:58Z,cGGfKXhcbtk,"""Answer to yourself"" — Marcus Aurelius | Stoicism",93,1,2,https://youtube.com/shorts/cGGfKXhcbtk
2026-08-17,2026-08-13T04:57:28Z,Xlbq2aBt5W8,"""If today felt thankless—"" — Epictetus | Stoicism",15,1,2,https://youtube.com/shorts/Xlbq2aBt5W8
2026-08-17,2026-08-17T11:22:34Z,gQgITV9h1WI,"""The harder win"" — Musonius Rufus | Stoicism",315,7,2,https://youtube.com/shorts/gQgITV9h1WI
2026-08-17,2026-08-17T08:13:33Z,40uJE--rZhg,"""Stop dragging the world"" — Seneca | Stoicism",34,1,2,https://youtube.com/shorts/40uJE--rZhg
2026-08-17,2026-08-17T03:48:47Z,VRvQUEOBVSc,"""Drop the act"" — Zeno of Citium | Stoicism",263,6,2,https://youtube.com/shorts/VRvQUEOBVSc
2026-08-17,2026-08-16T11:22:27Z,UehZvwaZWSM,"""Start from zero"" — Marcus Aurelius | Stoicism",119,1,2,https://youtube.com/shorts/UehZvwaZWSM
2026-08-17,2026-08-16T07:48:11Z,9xJqvFBwaSQ,"""Rule 14: Let it ripen slowly"" — Epictetus | Stoicism",11,0,2,https://youtube.com/shorts/9xJqvFBwaSQ
2026-08-17,2026-08-16T03:55:30Z,ZZZAoiailGA,"""Justice starts closer than you think"" — Musonius Rufus | Stoicism",55,3,2,https://youtube.com/shorts/ZZZAoiailGA
2026-08-17,2026-08-15T11:17:35Z,QdN51yPIys8,"""Meet it early"" — Seneca | Stoicism",56,2,2,https://youtube.com/shorts/QdN51yPIys8
2026-08-17,2026-08-15T07:49:22Z,d8POTCrUSuk,"""Rule 31: Take the hit and stay standing"" — Zeno of Citium | Stoicism",97,1,2,https://youtube.com/shorts/d8POTCrUSuk
2026-08-17,2026-08-15T03:42:29Z,zDvyxWor3Aw,"""Don't become it"" — Marcus Aurelius | Stoicism",690,33,2,https://youtube.com/shorts/zDvyxWor3Aw
2026-08-17,2026-08-14T11:48:34Z,44ndbnteVQ4,"""If you can't fix it tonight—"" — Epictetus | Stoicism",18,2,2,https://youtube.com/shorts/44ndbnteVQ4
2026-08-17,2026-08-14T08:33:14Z,yIgmnlMn8Yo,"""Rule 5: Own nothing you didn't build"" — Musonius Rufus | Stoicism",120,5,2,https://youtube.com/shorts/yIgmnlMn8Yo
2026-08-17,2026-08-14T05:00:28Z,D0GX5G2EK2o,"""He counted his days like coins"" — Seneca | Stoicism",38,1,2,https://youtube.com/shorts/D0GX5G2EK2o
2026-08-17,2026-08-13T11:44:57Z,uCYwL47CEtI,"""Nothing terrible here"" — Zeno of Citium | Stoicism",57,2,2,https://youtube.com/shorts/uCYwL47CEtI
2026-08-17,2026-08-13T08:43:58Z,cGGfKXhcbtk,"""Answer to yourself"" — Marcus Aurelius | Stoicism",93,1,2,https://youtube.com/shorts/cGGfKXhcbtk
2026-08-17,2026-08-13T04:57:28Z,Xlbq2aBt5W8,"""If today felt thankless—"" — Epictetus | Stoicism",15,1,2,https://youtube.com/shorts/Xlbq2aBt5W8
2026-08-18,2026-08-18T03:50:55Z,QHjtbg9mEfs,"""This is the test"" — Epictetus | Stoicism",0,0,2,https://youtube.com/shorts/QHjtbg9mEfs
2026-08-18,2026-08-17T11:22:34Z,gQgITV9h1WI,"""The harder win"" — Musonius Rufus | Stoicism",319,7,2,https://youtube.com/shorts/gQgITV9h1WI
2026-08-18,2026-08-17T08:13:33Z,40uJE--rZhg,"""Stop dragging the world"" — Seneca | Stoicism",34,1,2,https://youtube.com/shorts/40uJE--rZhg
2026-08-18,2026-08-17T03:48:47Z,VRvQUEOBVSc,"""Drop the act"" — Zeno of Citium | Stoicism",264,6,2,https://youtube.com/shorts/VRvQUEOBVSc
2026-08-18,2026-08-16T11:22:27Z,UehZvwaZWSM,"""Start from zero"" — Marcus Aurelius | Stoicism",120,1,2,https://youtube.com/shorts/UehZvwaZWSM
2026-08-18,2026-08-16T07:48:11Z,9xJqvFBwaSQ,"""Rule 14: Let it ripen slowly"" — Epictetus | Stoicism",11,0,2,https://youtube.com/shorts/9xJqvFBwaSQ
2026-08-18,2026-08-16T03:55:30Z,ZZZAoiailGA,"""Justice starts closer than you think"" — Musonius Rufus | Stoicism",55,3,2,https://youtube.com/shorts/ZZZAoiailGA
2026-08-18,2026-08-15T11:17:35Z,QdN51yPIys8,"""Meet it early"" — Seneca | Stoicism",56,2,2,https://youtube.com/shorts/QdN51yPIys8
2026-08-18,2026-08-15T07:49:22Z,d8POTCrUSuk,"""Rule 31: Take the hit and stay standing"" — Zeno of Citium | Stoicism",97,1,2,https://youtube.com/shorts/d8POTCrUSuk
2026-08-18,2026-08-15T03:42:29Z,zDvyxWor3Aw,"""Don't become it"" — Marcus Aurelius | Stoicism",690,33,2,https://youtube.com/shorts/zDvyxWor3Aw
2026-08-18,2026-08-14T11:48:34Z,44ndbnteVQ4,"""If you can't fix it tonight—"" — Epictetus | Stoicism",18,2,2,https://youtube.com/shorts/44ndbnteVQ4
2026-08-18,2026-08-14T08:33:14Z,yIgmnlMn8Yo,"""Rule 5: Own nothing you didn't build"" — Musonius Rufus | Stoicism",120,5,2,https://youtube.com/shorts/yIgmnlMn8Yo
2026-08-18,2026-08-14T05:00:28Z,D0GX5G2EK2o,"""He counted his days like coins"" — Seneca | Stoicism",38,1,2,https://youtube.com/shorts/D0GX5G2EK2o
2026-08-18,2026-08-13T11:44:57Z,uCYwL47CEtI,"""Nothing terrible here"" — Zeno of Citium | Stoicism",57,3,2,https://youtube.com/shorts/uCYwL47CEtI
2026-08-18,2026-08-13T08:43:58Z,cGGfKXhcbtk,"""Answer to yourself"" — Marcus Aurelius | Stoicism",93,1,2,https://youtube.com/shorts/cGGfKXhcbtk
2026-08-18,2026-08-18T07:53:48Z,bW1gubDlmAg,"""Nothing gets in"" — Marcus Aurelius | Stoicism",0,0,2,https://youtube.com/shorts/bW1gubDlmAg
2026-08-18,2026-08-18T03:51:24Z,QHjtbg9mEfs,"""This is the test"" — Epictetus | Stoicism",14,2,2,https://youtube.com/shorts/QHjtbg9mEfs
2026-08-18,2026-08-17T11:22:34Z,gQgITV9h1WI,"""The harder win"" — Musonius Rufus | Stoicism",321,7,2,https://youtube.com/shorts/gQgITV9h1WI
2026-08-18,2026-08-17T08:13:33Z,40uJE--rZhg,"""Stop dragging the world"" — Seneca | Stoicism",36,1,2,https://youtube.com/shorts/40uJE--rZhg
2026-08-18,2026-08-17T03:48:47Z,VRvQUEOBVSc,"""Drop the act"" — Zeno of Citium | Stoicism",268,6,2,https://youtube.com/shorts/VRvQUEOBVSc
2026-08-18,2026-08-16T11:22:27Z,UehZvwaZWSM,"""Start from zero"" — Marcus Aurelius | Stoicism",123,1,2,https://youtube.com/shorts/UehZvwaZWSM
2026-08-18,2026-08-16T07:48:11Z,9xJqvFBwaSQ,"""Rule 14: Let it ripen slowly"" — Epictetus | Stoicism",12,0,2,https://youtube.com/shorts/9xJqvFBwaSQ
2026-08-18,2026-08-16T03:55:30Z,ZZZAoiailGA,"""Justice starts closer than you think"" — Musonius Rufus | Stoicism",56,3,2,https://youtube.com/shorts/ZZZAoiailGA
2026-08-18,2026-08-15T11:17:35Z,QdN51yPIys8,"""Meet it early"" — Seneca | Stoicism",57,2,2,https://youtube.com/shorts/QdN51yPIys8
2026-08-18,2026-08-15T07:49:22Z,d8POTCrUSuk,"""Rule 31: Take the hit and stay standing"" — Zeno of Citium | Stoicism",98,1,2,https://youtube.com/shorts/d8POTCrUSuk
2026-08-18,2026-08-15T03:42:29Z,zDvyxWor3Aw,"""Don't become it"" — Marcus Aurelius | Stoicism",691,33,2,https://youtube.com/shorts/zDvyxWor3Aw
2026-08-18,2026-08-14T11:48:34Z,44ndbnteVQ4,"""If you can't fix it tonight—"" — Epictetus | Stoicism",19,2,2,https://youtube.com/shorts/44ndbnteVQ4
2026-08-18,2026-08-14T08:33:14Z,yIgmnlMn8Yo,"""Rule 5: Own nothing you didn't build"" — Musonius Rufus | Stoicism",121,5,2,https://youtube.com/shorts/yIgmnlMn8Yo
2026-08-18,2026-08-14T05:00:28Z,D0GX5G2EK2o,"""He counted his days like coins"" — Seneca | Stoicism",40,1,2,https://youtube.com/shorts/D0GX5G2EK2o
2026-08-18,2026-08-13T11:44:57Z,uCYwL47CEtI,"""Nothing terrible here"" — Zeno of Citium | Stoicism",58,3,2,https://youtube.com/shorts/uCYwL47CEtI
2026-08-18,2026-08-18T11:26:14Z,5F2beQEt2UE,"""Rule 21: Be just where no one checks"" — Zeno of Citium | Stoicism",0,0,2,https://youtube.com/shorts/5F2beQEt2UE
2026-08-18,2026-08-18T07:53:48Z,bW1gubDlmAg,"""Nothing gets in"" — Marcus Aurelius | Stoicism",36,2,2,https://youtube.com/shorts/bW1gubDlmAg
2026-08-18,2026-08-18T03:51:24Z,QHjtbg9mEfs,"""This is the test"" — Epictetus | Stoicism",56,3,2,https://youtube.com/shorts/QHjtbg9mEfs
2026-08-18,2026-08-17T11:22:34Z,gQgITV9h1WI,"""The harder win"" — Musonius Rufus | Stoicism",324,7,2,https://youtube.com/shorts/gQgITV9h1WI
2026-08-18,2026-08-17T08:13:33Z,40uJE--rZhg,"""Stop dragging the world"" — Seneca | Stoicism",36,1,2,https://youtube.com/shorts/40uJE--rZhg
2026-08-18,2026-08-17T03:48:47Z,VRvQUEOBVSc,"""Drop the act"" — Zeno of Citium | Stoicism",268,6,2,https://youtube.com/shorts/VRvQUEOBVSc
2026-08-18,2026-08-16T11:22:27Z,UehZvwaZWSM,"""Start from zero"" — Marcus Aurelius | Stoicism",123,1,2,https://youtube.com/shorts/UehZvwaZWSM
2026-08-18,2026-08-16T07:48:11Z,9xJqvFBwaSQ,"""Rule 14: Let it ripen slowly"" — Epictetus | Stoicism",12,0,2,https://youtube.com/shorts/9xJqvFBwaSQ
2026-08-18,2026-08-16T03:55:30Z,ZZZAoiailGA,"""Justice starts closer than you think"" — Musonius Rufus | Stoicism",56,3,2,https://youtube.com/shorts/ZZZAoiailGA
2026-08-18,2026-08-15T11:17:35Z,QdN51yPIys8,"""Meet it early"" — Seneca | Stoicism",57,2,2,https://youtube.com/shorts/QdN51yPIys8
2026-08-18,2026-08-15T07:49:22Z,d8POTCrUSuk,"""Rule 31: Take the hit and stay standing"" — Zeno of Citium | Stoicism",98,1,2,https://youtube.com/shorts/d8POTCrUSuk
2026-08-18,2026-08-15T03:42:29Z,zDvyxWor3Aw,"""Don't become it"" — Marcus Aurelius | Stoicism",693,33,2,https://youtube.com/shorts/zDvyxWor3Aw
2026-08-18,2026-08-14T11:48:34Z,44ndbnteVQ4,"""If you can't fix it tonight—"" — Epictetus | Stoicism",19,2,2,https://youtube.com/shorts/44ndbnteVQ4
2026-08-18,2026-08-14T08:33:14Z,yIgmnlMn8Yo,"""Rule 5: Own nothing you didn't build"" — Musonius Rufus | Stoicism",121,5,2,https://youtube.com/shorts/yIgmnlMn8Yo
2026-08-18,2026-08-14T05:00:28Z,D0GX5G2EK2o,"""He counted his days like coins"" — Seneca | Stoicism",40,1,2,https://youtube.com/shorts/D0GX5G2EK2o
2026-08-18,2026-08-18T11:27:17Z,5F2beQEt2UE,"""Rule 21: Be just where no one checks"" — Zeno of Citium | Stoicism",15,1,2,https://youtube.com/shorts/5F2beQEt2UE
2026-08-18,2026-08-18T07:53:48Z,bW1gubDlmAg,"""Nothing gets in"" — Marcus Aurelius | Stoicism",72,2,2,https://youtube.com/shorts/bW1gubDlmAg
2026-08-18,2026-08-18T03:51:24Z,QHjtbg9mEfs,"""This is the test"" — Epictetus | Stoicism",58,3,2,https://youtube.com/shorts/QHjtbg9mEfs
2026-08-18,2026-08-17T11:22:34Z,gQgITV9h1WI,"""The harder win"" — Musonius Rufus | Stoicism",324,7,2,https://youtube.com/shorts/gQgITV9h1WI
2026-08-18,2026-08-17T08:13:33Z,40uJE--rZhg,"""Stop dragging the world"" — Seneca | Stoicism",36,1,2,https://youtube.com/shorts/40uJE--rZhg
2026-08-18,2026-08-17T03:48:47Z,VRvQUEOBVSc,"""Drop the act"" — Zeno of Citium | Stoicism",268,6,2,https://youtube.com/shorts/VRvQUEOBVSc
2026-08-18,2026-08-16T11:22:27Z,UehZvwaZWSM,"""Start from zero"" — Marcus Aurelius | Stoicism",123,1,2,https://youtube.com/shorts/UehZvwaZWSM
2026-08-18,2026-08-16T07:48:11Z,9xJqvFBwaSQ,"""Rule 14: Let it ripen slowly"" — Epictetus | Stoicism",12,0,2,https://youtube.com/shorts/9xJqvFBwaSQ
2026-08-18,2026-08-16T03:55:30Z,ZZZAoiailGA,"""Justice starts closer than you think"" — Musonius Rufus | Stoicism",56,3,2,https://youtube.com/shorts/ZZZAoiailGA
2026-08-18,2026-08-15T11:17:35Z,QdN51yPIys8,"""Meet it early"" — Seneca | Stoicism",57,2,2,https://youtube.com/shorts/QdN51yPIys8
2026-08-18,2026-08-15T07:49:22Z,d8POTCrUSuk,"""Rule 31: Take the hit and stay standing"" — Zeno of Citium | Stoicism",98,1,2,https://youtube.com/shorts/d8POTCrUSuk
2026-08-18,2026-08-15T03:42:29Z,zDvyxWor3Aw,"""Don't become it"" — Marcus Aurelius | Stoicism",693,33,2,https://youtube.com/shorts/zDvyxWor3Aw
2026-08-18,2026-08-14T11:48:34Z,44ndbnteVQ4,"""If you can't fix it tonight—"" — Epictetus | Stoicism",19,2,2,https://youtube.com/shorts/44ndbnteVQ4
2026-08-18,2026-08-14T08:33:14Z,yIgmnlMn8Yo,"""Rule 5: Own nothing you didn't build"" — Musonius Rufus | Stoicism",121,5,2,https://youtube.com/shorts/yIgmnlMn8Yo
2026-08-18,2026-08-14T05:00:28Z,D0GX5G2EK2o,"""He counted his days like coins"" — Seneca | Stoicism",40,1,2,https://youtube.com/shorts/D0GX5G2EK2o
2026-08-18,2026-08-18T11:27:17Z,5F2beQEt2UE,"""Rule 21: Be just where no one checks"" — Zeno of Citium | Stoicism",21,1,2,https://youtube.com/shorts/5F2beQEt2UE
2026-08-18,2026-08-18T07:53:48Z,bW1gubDlmAg,"""Nothing gets in"" — Marcus Aurelius | Stoicism",95,2,2,https://youtube.com/shorts/bW1gubDlmAg
2026-08-18,2026-08-18T03:51:24Z,QHjtbg9mEfs,"""This is the test"" — Epictetus | Stoicism",63,3,2,https://youtube.com/shorts/QHjtbg9mEfs
2026-08-18,2026-08-17T11:22:34Z,gQgITV9h1WI,"""The harder win"" — Musonius Rufus | Stoicism",325,7,2,https://youtube.com/shorts/gQgITV9h1WI
2026-08-18,2026-08-17T08:13:33Z,40uJE--rZhg,"""Stop dragging the world"" — Seneca | Stoicism",37,1,2,https://youtube.com/shorts/40uJE--rZhg
2026-08-18,2026-08-17T03:48:47Z,VRvQUEOBVSc,"""Drop the act"" — Zeno of Citium | Stoicism",268,6,2,https://youtube.com/shorts/VRvQUEOBVSc
2026-08-18,2026-08-16T11:22:27Z,UehZvwaZWSM,"""Start from zero"" — Marcus Aurelius | Stoicism",123,1,2,https://youtube.com/shorts/UehZvwaZWSM
2026-08-18,2026-08-16T07:48:11Z,9xJqvFBwaSQ,"""Rule 14: Let it ripen slowly"" — Epictetus | Stoicism",13,0,2,https://youtube.com/shorts/9xJqvFBwaSQ
2026-08-18,2026-08-16T03:55:30Z,ZZZAoiailGA,"""Justice starts closer than you think"" — Musonius Rufus | Stoicism",56,3,2,https://youtube.com/shorts/ZZZAoiailGA
2026-08-18,2026-08-15T11:17:35Z,QdN51yPIys8,"""Meet it early"" — Seneca | Stoicism",58,2,2,https://youtube.com/shorts/QdN51yPIys8
2026-08-18,2026-08-15T07:49:22Z,d8POTCrUSuk,"""Rule 31: Take the hit and stay standing"" — Zeno of Citium | Stoicism",99,1,2,https://youtube.com/shorts/d8POTCrUSuk
2026-08-18,2026-08-15T03:42:29Z,zDvyxWor3Aw,"""Don't become it"" — Marcus Aurelius | Stoicism",693,33,2,https://youtube.com/shorts/zDvyxWor3Aw
2026-08-18,2026-08-14T11:48:34Z,44ndbnteVQ4,"""If you can't fix it tonight—"" — Epictetus | Stoicism",21,2,2,https://youtube.com/shorts/44ndbnteVQ4
2026-08-18,2026-08-14T08:33:14Z,yIgmnlMn8Yo,"""Rule 5: Own nothing you didn't build"" — Musonius Rufus | Stoicism",121,5,2,https://youtube.com/shorts/yIgmnlMn8Yo
2026-08-18,2026-08-14T05:00:28Z,D0GX5G2EK2o,"""He counted his days like coins"" — Seneca | Stoicism",40,1,2,https://youtube.com/shorts/D0GX5G2EK2o
2026-08-18,2026-08-18T11:27:17Z,5F2beQEt2UE,"""Rule 21: Be just where no one checks"" — Zeno of Citium | Stoicism",20,1,2,https://youtube.com/shorts/5F2beQEt2UE
2026-08-18,2026-08-18T07:53:48Z,bW1gubDlmAg,"""Nothing gets in"" — Marcus Aurelius | Stoicism",96,2,2,https://youtube.com/shorts/bW1gubDlmAg
2026-08-18,2026-08-18T03:51:24Z,QHjtbg9mEfs,"""This is the test"" — Epictetus | Stoicism",63,3,2,https://youtube.com/shorts/QHjtbg9mEfs
2026-08-18,2026-08-17T11:22:34Z,gQgITV9h1WI,"""The harder win"" — Musonius Rufus | Stoicism",325,7,2,https://youtube.com/shorts/gQgITV9h1WI
2026-08-18,2026-08-17T08:13:33Z,40uJE--rZhg,"""Stop dragging the world"" — Seneca | Stoicism",37,1,2,https://youtube.com/shorts/40uJE--rZhg
2026-08-18,2026-08-17T03:48:47Z,VRvQUEOBVSc,"""Drop the act"" — Zeno of Citium | Stoicism",268,6,2,https://youtube.com/shorts/VRvQUEOBVSc
2026-08-18,2026-08-16T11:22:27Z,UehZvwaZWSM,"""Start from zero"" — Marcus Aurelius | Stoicism",123,1,2,https://youtube.com/shorts/UehZvwaZWSM
2026-08-18,2026-08-16T07:48:11Z,9xJqvFBwaSQ,"""Rule 14: Let it ripen slowly"" — Epictetus | Stoicism",13,0,2,https://youtube.com/shorts/9xJqvFBwaSQ
2026-08-18,2026-08-16T03:55:30Z,ZZZAoiailGA,"""Justice starts closer than you think"" — Musonius Rufus | Stoicism",57,3,2,https://youtube.com/shorts/ZZZAoiailGA
2026-08-18,2026-08-15T11:17:35Z,QdN51yPIys8,"""Meet it early"" — Seneca | Stoicism",58,2,2,https://youtube.com/shorts/QdN51yPIys8
2026-08-18,2026-08-15T07:49:22Z,d8POTCrUSuk,"""Rule 31: Take the hit and stay standing"" — Zeno of Citium | Stoicism",99,1,2,https://youtube.com/shorts/d8POTCrUSuk
2026-08-18,2026-08-15T03:42:29Z,zDvyxWor3Aw,"""Don't become it"" — Marcus Aurelius | Stoicism",695,33,2,https://youtube.com/shorts/zDvyxWor3Aw
2026-08-18,2026-08-14T11:48:34Z,44ndbnteVQ4,"""If you can't fix it tonight—"" — Epictetus | Stoicism",21,2,2,https://youtube.com/shorts/44ndbnteVQ4
2026-08-18,2026-08-14T08:33:14Z,yIgmnlMn8Yo,"""Rule 5: Own nothing you didn't build"" — Musonius Rufus | Stoicism",121,5,2,https://youtube.com/shorts/yIgmnlMn8Yo
2026-08-18,2026-08-14T05:00:28Z,D0GX5G2EK2o,"""He counted his days like coins"" — Seneca | Stoicism",40,1,2,https://youtube.com/shorts/D0GX5G2EK2o
2026-08-18,2026-08-18T11:27:17Z,5F2beQEt2UE,"""Rule 21: Be just where no one checks"" — Zeno of Citium | Stoicism",27,1,2,https://youtube.com/shorts/5F2beQEt2UE
2026-08-18,2026-08-18T07:53:48Z,bW1gubDlmAg,"""Nothing gets in"" — Marcus Aurelius | Stoicism",96,2,2,https://youtube.com/shorts/bW1gubDlmAg
2026-08-18,2026-08-18T03:51:24Z,QHjtbg9mEfs,"""This is the test"" — Epictetus | Stoicism",63,3,2,https://youtube.com/shorts/QHjtbg9mEfs
2026-08-18,2026-08-17T11:22:34Z,gQgITV9h1WI,"""The harder win"" — Musonius Rufus | Stoicism",326,7,2,https://youtube.com/shorts/gQgITV9h1WI
2026-08-18,2026-08-17T08:13:33Z,40uJE--rZhg,"""Stop dragging the world"" — Seneca | Stoicism",40,1,2,https://youtube.com/shorts/40uJE--rZhg
2026-08-18,2026-08-17T03:48:47Z,VRvQUEOBVSc,"""Drop the act"" — Zeno of Citium | Stoicism",268,6,2,https://youtube.com/shorts/VRvQUEOBVSc
2026-08-18,2026-08-16T11:22:27Z,UehZvwaZWSM,"""Start from zero"" — Marcus Aurelius | Stoicism",123,1,2,https://youtube.com/shorts/UehZvwaZWSM
2026-08-18,2026-08-16T07:48:11Z,9xJqvFBwaSQ,"""Rule 14: Let it ripen slowly"" — Epictetus | Stoicism",13,0,2,https://youtube.com/shorts/9xJqvFBwaSQ
2026-08-18,2026-08-16T03:55:30Z,ZZZAoiailGA,"""Justice starts closer than you think"" — Musonius Rufus | Stoicism",57,3,2,https://youtube.com/shorts/ZZZAoiailGA
2026-08-18,2026-08-15T11:17:35Z,QdN51yPIys8,"""Meet it early"" — Seneca | Stoicism",58,2,2,https://youtube.com/shorts/QdN51yPIys8
2026-08-18,2026-08-15T07:49:22Z,d8POTCrUSuk,"""Rule 31: Take the hit and stay standing"" — Zeno of Citium | Stoicism",99,1,2,https://youtube.com/shorts/d8POTCrUSuk
2026-08-18,2026-08-15T03:42:29Z,zDvyxWor3Aw,"""Don't become it"" — Marcus Aurelius | Stoicism",699,34,2,https://youtube.com/shorts/zDvyxWor3Aw
2026-08-18,2026-08-14T11:48:34Z,44ndbnteVQ4,"""If you can't fix it tonight—"" — Epictetus | Stoicism",21,2,2,https://youtube.com/shorts/44ndbnteVQ4
2026-08-18,2026-08-14T08:33:14Z,yIgmnlMn8Yo,"""Rule 5: Own nothing you didn't build"" — Musonius Rufus | Stoicism",121,5,2,https://youtube.com/shorts/yIgmnlMn8Yo
2026-08-18,2026-08-14T05:00:28Z,D0GX5G2EK2o,"""He counted his days like coins"" — Seneca | Stoicism",40,1,2,https://youtube.com/shorts/D0GX5G2EK2o
2026-08-19,2026-08-19T03:44:52Z,vI-qVVXn2SU,"""Slow is fine"" — Seneca | Stoicism",0,0,2,https://youtube.com/shorts/vI-qVVXn2SU
2026-08-19,2026-08-18T11:27:17Z,5F2beQEt2UE,"""Rule 21: Be just where no one checks"" — Zeno of Citium | Stoicism",34,1,2,https://youtube.com/shorts/5F2beQEt2UE
2026-08-19,2026-08-18T07:53:48Z,bW1gubDlmAg,"""Nothing gets in"" — Marcus Aurelius | Stoicism",98,2,2,https://youtube.com/shorts/bW1gubDlmAg
2026-08-19,2026-08-18T03:51:24Z,QHjtbg9mEfs,"""This is the test"" — Epictetus | Stoicism",65,3,2,https://youtube.com/shorts/QHjtbg9mEfs
2026-08-19,2026-08-17T11:22:34Z,gQgITV9h1WI,"""The harder win"" — Musonius Rufus | Stoicism",326,7,2,https://youtube.com/shorts/gQgITV9h1WI
2026-08-19,2026-08-17T08:13:33Z,40uJE--rZhg,"""Stop dragging the world"" — Seneca | Stoicism",40,1,2,https://youtube.com/shorts/40uJE--rZhg
2026-08-19,2026-08-17T03:48:47Z,VRvQUEOBVSc,"""Drop the act"" — Zeno of Citium | Stoicism",268,6,2,https://youtube.com/shorts/VRvQUEOBVSc
2026-08-19,2026-08-16T11:22:27Z,UehZvwaZWSM,"""Start from zero"" — Marcus Aurelius | Stoicism",123,1,2,https://youtube.com/shorts/UehZvwaZWSM
2026-08-19,2026-08-16T07:48:11Z,9xJqvFBwaSQ,"""Rule 14: Let it ripen slowly"" — Epictetus | Stoicism",13,0,2,https://youtube.com/shorts/9xJqvFBwaSQ
2026-08-19,2026-08-16T03:55:30Z,ZZZAoiailGA,"""Justice starts closer than you think"" — Musonius Rufus | Stoicism",57,3,2,https://youtube.com/shorts/ZZZAoiailGA
2026-08-19,2026-08-15T11:17:35Z,QdN51yPIys8,"""Meet it early"" — Seneca | Stoicism",58,2,2,https://youtube.com/shorts/QdN51yPIys8
2026-08-19,2026-08-15T07:49:22Z,d8POTCrUSuk,"""Rule 31: Take the hit and stay standing"" — Zeno of Citium | Stoicism",99,1,2,https://youtube.com/shorts/d8POTCrUSuk
2026-08-19,2026-08-15T03:42:29Z,zDvyxWor3Aw,"""Don't become it"" — Marcus Aurelius | Stoicism",699,34,2,https://youtube.com/shorts/zDvyxWor3Aw
2026-08-19,2026-08-14T11:48:34Z,44ndbnteVQ4,"""If you can't fix it tonight—"" — Epictetus | Stoicism",21,2,2,https://youtube.com/shorts/44ndbnteVQ4
2026-08-19,2026-08-14T08:33:14Z,yIgmnlMn8Yo,"""Rule 5: Own nothing you didn't build"" — Musonius Rufus | Stoicism",121,5,2,https://youtube.com/shorts/yIgmnlMn8Yo
2026-08-19,2026-08-19T08:04:28Z,n17OlR2SgIg,"""Let it age you"" — Musonius Rufus | Stoicism",0,0,2,https://youtube.com/shorts/n17OlR2SgIg
2026-08-19,2026-08-19T03:45:18Z,vI-qVVXn2SU,"""Slow is fine"" — Seneca | Stoicism",360,14,2,https://youtube.com/shorts/vI-qVVXn2SU
2026-08-19,2026-08-18T11:27:17Z,5F2beQEt2UE,"""Rule 21: Be just where no one checks"" — Zeno of Citium | Stoicism",36,1,2,https://youtube.com/shorts/5F2beQEt2UE
2026-08-19,2026-08-18T07:53:48Z,bW1gubDlmAg,"""Nothing gets in"" — Marcus Aurelius | Stoicism",103,2,2,https://youtube.com/shorts/bW1gubDlmAg
2026-08-19,2026-08-18T03:51:24Z,QHjtbg9mEfs,"""This is the test"" — Epictetus | Stoicism",68,3,2,https://youtube.com/shorts/QHjtbg9mEfs
2026-08-19,2026-08-17T11:22:34Z,gQgITV9h1WI,"""The harder win"" — Musonius Rufus | Stoicism",328,7,2,https://youtube.com/shorts/gQgITV9h1WI
2026-08-19,2026-08-17T08:13:33Z,40uJE--rZhg,"""Stop dragging the world"" — Seneca | Stoicism",40,1,2,https://youtube.com/shorts/40uJE--rZhg
2026-08-19,2026-08-17T03:48:47Z,VRvQUEOBVSc,"""Drop the act"" — Zeno of Citium | Stoicism",267,6,2,https://youtube.com/shorts/VRvQUEOBVSc
2026-08-19,2026-08-16T11:22:27Z,UehZvwaZWSM,"""Start from zero"" — Marcus Aurelius | Stoicism",122,1,2,https://youtube.com/shorts/UehZvwaZWSM
2026-08-19,2026-08-16T07:48:11Z,9xJqvFBwaSQ,"""Rule 14: Let it ripen slowly"" — Epictetus | Stoicism",13,0,2,https://youtube.com/shorts/9xJqvFBwaSQ
2026-08-19,2026-08-16T03:55:30Z,ZZZAoiailGA,"""Justice starts closer than you think"" — Musonius Rufus | Stoicism",57,3,2,https://youtube.com/shorts/ZZZAoiailGA
2026-08-19,2026-08-15T11:17:35Z,QdN51yPIys8,"""Meet it early"" — Seneca | Stoicism",58,2,2,https://youtube.com/shorts/QdN51yPIys8
2026-08-19,2026-08-15T07:49:22Z,d8POTCrUSuk,"""Rule 31: Take the hit and stay standing"" — Zeno of Citium | Stoicism",99,1,2,https://youtube.com/shorts/d8POTCrUSuk
2026-08-19,2026-08-15T03:42:29Z,zDvyxWor3Aw,"""Don't become it"" — Marcus Aurelius | Stoicism",699,34,2,https://youtube.com/shorts/zDvyxWor3Aw
2026-08-19,2026-08-14T11:48:34Z,44ndbnteVQ4,"""If you can't fix it tonight—"" — Epictetus | Stoicism",21,2,2,https://youtube.com/shorts/44ndbnteVQ4
2026-08-19,2026-08-19T11:21:24Z,zwz0ycTJLAA,"""Empty the cup"" — Epictetus | Stoicism",0,0,2,https://youtube.com/shorts/zwz0ycTJLAA
2026-08-19,2026-08-19T08:04:28Z,n17OlR2SgIg,"""Let it age you"" — Musonius Rufus | Stoicism",8,0,2,https://youtube.com/shorts/n17OlR2SgIg
2026-08-19,2026-08-19T03:45:18Z,vI-qVVXn2SU,"""Slow is fine"" — Seneca | Stoicism",528,14,2,https://youtube.com/shorts/vI-qVVXn2SU
2026-08-19,2026-08-18T11:27:17Z,5F2beQEt2UE,"""Rule 21: Be just where no one checks"" — Zeno of Citium | Stoicism",36,1,2,https://youtube.com/shorts/5F2beQEt2UE
2026-08-19,2026-08-18T07:53:48Z,bW1gubDlmAg,"""Nothing gets in"" — Marcus Aurelius | Stoicism",103,2,2,https://youtube.com/shorts/bW1gubDlmAg
2026-08-19,2026-08-18T03:51:24Z,QHjtbg9mEfs,"""This is the test"" — Epictetus | Stoicism",69,3,2,https://youtube.com/shorts/QHjtbg9mEfs
2026-08-19,2026-08-17T11:22:34Z,gQgITV9h1WI,"""The harder win"" — Musonius Rufus | Stoicism",331,8,2,https://youtube.com/shorts/gQgITV9h1WI
2026-08-19,2026-08-17T08:13:33Z,40uJE--rZhg,"""Stop dragging the world"" — Seneca | Stoicism",40,1,2,https://youtube.com/shorts/40uJE--rZhg
2026-08-19,2026-08-17T03:48:47Z,VRvQUEOBVSc,"""Drop the act"" — Zeno of Citium | Stoicism",267,6,2,https://youtube.com/shorts/VRvQUEOBVSc
2026-08-19,2026-08-16T11:22:27Z,UehZvwaZWSM,"""Start from zero"" — Marcus Aurelius | Stoicism",122,1,2,https://youtube.com/shorts/UehZvwaZWSM
2026-08-19,2026-08-16T07:48:11Z,9xJqvFBwaSQ,"""Rule 14: Let it ripen slowly"" — Epictetus | Stoicism",13,0,2,https://youtube.com/shorts/9xJqvFBwaSQ
2026-08-19,2026-08-16T03:55:30Z,ZZZAoiailGA,"""Justice starts closer than you think"" — Musonius Rufus | Stoicism",57,3,2,https://youtube.com/shorts/ZZZAoiailGA
2026-08-19,2026-08-15T11:17:35Z,QdN51yPIys8,"""Meet it early"" — Seneca | Stoicism",58,2,2,https://youtube.com/shorts/QdN51yPIys8
2026-08-19,2026-08-15T07:49:22Z,d8POTCrUSuk,"""Rule 31: Take the hit and stay standing"" — Zeno of Citium | Stoicism",99,1,2,https://youtube.com/shorts/d8POTCrUSuk
2026-08-19,2026-08-15T03:42:29Z,zDvyxWor3Aw,"""Don't become it"" — Marcus Aurelius | Stoicism",699,34,2,https://youtube.com/shorts/zDvyxWor3Aw
2026-08-19,2026-08-19T11:21:24Z,zwz0ycTJLAA,"""Empty the cup"" — Epictetus | Stoicism",35,0,2,https://youtube.com/shorts/zwz0ycTJLAA
2026-08-19,2026-08-19T08:04:28Z,n17OlR2SgIg,"""Let it age you"" — Musonius Rufus | Stoicism",36,1,3,https://youtube.com/shorts/n17OlR2SgIg
2026-08-19,2026-08-19T03:45:18Z,vI-qVVXn2SU,"""Slow is fine"" — Seneca | Stoicism",646,15,2,https://youtube.com/shorts/vI-qVVXn2SU
2026-08-19,2026-08-18T11:27:17Z,5F2beQEt2UE,"""Rule 21: Be just where no one checks"" — Zeno of Citium | Stoicism",39,1,2,https://youtube.com/shorts/5F2beQEt2UE
2026-08-19,2026-08-18T07:53:48Z,bW1gubDlmAg,"""Nothing gets in"" — Marcus Aurelius | Stoicism",112,3,2,https://youtube.com/shorts/bW1gubDlmAg
2026-08-19,2026-08-18T03:51:24Z,QHjtbg9mEfs,"""This is the test"" — Epictetus | Stoicism",69,3,2,https://youtube.com/shorts/QHjtbg9mEfs
2026-08-19,2026-08-17T11:22:34Z,gQgITV9h1WI,"""The harder win"" — Musonius Rufus | Stoicism",331,8,2,https://youtube.com/shorts/gQgITV9h1WI
2026-08-19,2026-08-17T08:13:33Z,40uJE--rZhg,"""Stop dragging the world"" — Seneca | Stoicism",40,1,2,https://youtube.com/shorts/40uJE--rZhg
2026-08-19,2026-08-17T03:48:47Z,VRvQUEOBVSc,"""Drop the act"" — Zeno of Citium | Stoicism",267,6,2,https://youtube.com/shorts/VRvQUEOBVSc
2026-08-19,2026-08-16T11:22:27Z,UehZvwaZWSM,"""Start from zero"" — Marcus Aurelius | Stoicism",122,1,2,https://youtube.com/shorts/UehZvwaZWSM
2026-08-19,2026-08-16T07:48:11Z,9xJqvFBwaSQ,"""Rule 14: Let it ripen slowly"" — Epictetus | Stoicism",13,0,2,https://youtube.com/shorts/9xJqvFBwaSQ
2026-08-19,2026-08-16T03:55:30Z,ZZZAoiailGA,"""Justice starts closer than you think"" — Musonius Rufus | Stoicism",57,3,2,https://youtube.com/shorts/ZZZAoiailGA
2026-08-19,2026-08-15T11:17:35Z,QdN51yPIys8,"""Meet it early"" — Seneca | Stoicism",58,2,2,https://youtube.com/shorts/QdN51yPIys8
2026-08-19,2026-08-15T07:49:22Z,d8POTCrUSuk,"""Rule 31: Take the hit and stay standing"" — Zeno of Citium | Stoicism",99,1,2,https://youtube.com/shorts/d8POTCrUSuk
2026-08-19,2026-08-15T03:42:29Z,zDvyxWor3Aw,"""Don't become it"" — Marcus Aurelius | Stoicism",699,34,2,https://youtube.com/shorts/zDvyxWor3Aw
2026-08-19,2026-08-19T11:21:24Z,zwz0ycTJLAA,"""Empty the cup"" — Epictetus | Stoicism",38,0,2,https://youtube.com/shorts/zwz0ycTJLAA
2026-08-19,2026-08-19T08:04:28Z,n17OlR2SgIg,"""Let it age you"" — Musonius Rufus | Stoicism",39,1,4,https://youtube.com/shorts/n17OlR2SgIg
2026-08-19,2026-08-19T03:45:18Z,vI-qVVXn2SU,"""Slow is fine"" — Seneca | Stoicism",646,15,2,https://youtube.com/shorts/vI-qVVXn2SU
2026-08-19,2026-08-18T11:27:17Z,5F2beQEt2UE,"""Rule 21: Be just where no one checks"" — Zeno of Citium | Stoicism",39,1,2,https://youtube.com/shorts/5F2beQEt2UE
2026-08-19,2026-08-18T07:53:48Z,bW1gubDlmAg,"""Nothing gets in"" — Marcus Aurelius | Stoicism",112,3,2,https://youtube.com/shorts/bW1gubDlmAg
2026-08-19,2026-08-18T03:51:24Z,QHjtbg9mEfs,"""This is the test"" — Epictetus | Stoicism",69,3,2,https://youtube.com/shorts/QHjtbg9mEfs
2026-08-19,2026-08-17T11:22:34Z,gQgITV9h1WI,"""The harder win"" — Musonius Rufus | Stoicism",331,8,2,https://youtube.com/shorts/gQgITV9h1WI
2026-08-19,2026-08-17T08:13:33Z,40uJE--rZhg,"""Stop dragging the world"" — Seneca | Stoicism",41,1,2,https://youtube.com/shorts/40uJE--rZhg
2026-08-19,2026-08-17T03:48:47Z,VRvQUEOBVSc,"""Drop the act"" — Zeno of Citium | Stoicism",267,6,2,https://youtube.com/shorts/VRvQUEOBVSc
2026-08-19,2026-08-16T11:22:27Z,UehZvwaZWSM,"""Start from zero"" — Marcus Aurelius | Stoicism",122,1,2,https://youtube.com/shorts/UehZvwaZWSM
2026-08-19,2026-08-16T07:48:11Z,9xJqvFBwaSQ,"""Rule 14: Let it ripen slowly"" — Epictetus | Stoicism",13,0,2,https://youtube.com/shorts/9xJqvFBwaSQ
2026-08-19,2026-08-16T03:55:30Z,ZZZAoiailGA,"""Justice starts closer than you think"" — Musonius Rufus | Stoicism",57,3,2,https://youtube.com/shorts/ZZZAoiailGA
2026-08-19,2026-08-15T11:17:35Z,QdN51yPIys8,"""Meet it early"" — Seneca | Stoicism",58,2,2,https://youtube.com/shorts/QdN51yPIys8
2026-08-19,2026-08-15T07:49:22Z,d8POTCrUSuk,"""Rule 31: Take the hit and stay standing"" — Zeno of Citium | Stoicism",99,1,2,https://youtube.com/shorts/d8POTCrUSuk
2026-08-19,2026-08-15T03:42:29Z,zDvyxWor3Aw,"""Don't become it"" — Marcus Aurelius | Stoicism",699,34,2,https://youtube.com/shorts/zDvyxWor3Aw
2026-08-19,2026-08-19T11:21:24Z,zwz0ycTJLAA,"""Empty the cup"" — Epictetus | Stoicism",41,0,2,https://youtube.com/shorts/zwz0ycTJLAA
2026-08-19,2026-08-19T08:04:28Z,n17OlR2SgIg,"""Let it age you"" — Musonius Rufus | Stoicism",42,1,4,https://youtube.com/shorts/n17OlR2SgIg
2026-08-19,2026-08-19T03:45:18Z,vI-qVVXn2SU,"""Slow is fine"" — Seneca | Stoicism",651,15,2,https://youtube.com/shorts/vI-qVVXn2SU
2026-08-19,2026-08-18T11:27:17Z,5F2beQEt2UE,"""Rule 21: Be just where no one checks"" — Zeno of Citium | Stoicism",39,1,2,https://youtube.com/shorts/5F2beQEt2UE
2026-08-19,2026-08-18T07:53:48Z,bW1gubDlmAg,"""Nothing gets in"" — Marcus Aurelius | Stoicism",114,3,2,https://youtube.com/shorts/bW1gubDlmAg
2026-08-19,2026-08-18T03:51:24Z,QHjtbg9mEfs,"""This is the test"" — Epictetus | Stoicism",69,3,2,https://youtube.com/shorts/QHjtbg9mEfs
2026-08-19,2026-08-17T11:22:34Z,gQgITV9h1WI,"""The harder win"" — Musonius Rufus | Stoicism",331,8,2,https://youtube.com/shorts/gQgITV9h1WI
2026-08-19,2026-08-17T08:13:33Z,40uJE--rZhg,"""Stop dragging the world"" — Seneca | Stoicism",41,1,2,https://youtube.com/shorts/40uJE--rZhg
2026-08-19,2026-08-17T03:48:47Z,VRvQUEOBVSc,"""Drop the act"" — Zeno of Citium | Stoicism",267,6,2,https://youtube.com/shorts/VRvQUEOBVSc
2026-08-19,2026-08-16T11:22:27Z,UehZvwaZWSM,"""Start from zero"" — Marcus Aurelius | Stoicism",122,1,2,https://youtube.com/shorts/UehZvwaZWSM
2026-08-19,2026-08-16T07:48:11Z,9xJqvFBwaSQ,"""Rule 14: Let it ripen slowly"" — Epictetus | Stoicism",13,0,2,https://youtube.com/shorts/9xJqvFBwaSQ
2026-08-19,2026-08-16T03:55:30Z,ZZZAoiailGA,"""Justice starts closer than you think"" — Musonius Rufus | Stoicism",57,3,2,https://youtube.com/shorts/ZZZAoiailGA
2026-08-19,2026-08-15T11:17:35Z,QdN51yPIys8,"""Meet it early"" — Seneca | Stoicism",58,2,2,https://youtube.com/shorts/QdN51yPIys8
2026-08-19,2026-08-15T07:49:22Z,d8POTCrUSuk,"""Rule 31: Take the hit and stay standing"" — Zeno of Citium | Stoicism",99,1,2,https://youtube.com/shorts/d8POTCrUSuk
2026-08-19,2026-08-15T03:42:29Z,zDvyxWor3Aw,"""Don't become it"" — Marcus Aurelius | Stoicism",699,34,2,https://youtube.com/shorts/zDvyxWor3Aw
2026-08-20,2026-08-20T03:54:06Z,hSUHVWbLrUQ,"""Take what comes. Rule 4"" — Marcus Aurelius | Stoicism",0,0,2,https://youtube.com/shorts/hSUHVWbLrUQ
2026-08-20,2026-08-19T11:21:24Z,zwz0ycTJLAA,"""Empty the cup"" — Epictetus | Stoicism",46,0,2,https://youtube.com/shorts/zwz0ycTJLAA
2026-08-20,2026-08-19T08:04:28Z,n17OlR2SgIg,"""Let it age you"" — Musonius Rufus | Stoicism",44,1,4,https://youtube.com/shorts/n17OlR2SgIg
2026-08-20,2026-08-19T03:45:18Z,vI-qVVXn2SU,"""Slow is fine"" — Seneca | Stoicism",655,16,2,https://youtube.com/shorts/vI-qVVXn2SU
2026-08-20,2026-08-18T11:27:17Z,5F2beQEt2UE,"""Rule 21: Be just where no one checks"" — Zeno of Citium | Stoicism",40,1,2,https://youtube.com/shorts/5F2beQEt2UE
2026-08-20,2026-08-18T07:53:48Z,bW1gubDlmAg,"""Nothing gets in"" — Marcus Aurelius | Stoicism",115,3,2,https://youtube.com/shorts/bW1gubDlmAg
2026-08-20,2026-08-18T03:51:24Z,QHjtbg9mEfs,"""This is the test"" — Epictetus | Stoicism",69,3,2,https://youtube.com/shorts/QHjtbg9mEfs
2026-08-20,2026-08-17T11:22:34Z,gQgITV9h1WI,"""The harder win"" — Musonius Rufus | Stoicism",331,8,2,https://youtube.com/shorts/gQgITV9h1WI
2026-08-20,2026-08-17T08:13:33Z,40uJE--rZhg,"""Stop dragging the world"" — Seneca | Stoicism",41,1,2,https://youtube.com/shorts/40uJE--rZhg
2026-08-20,2026-08-17T03:48:47Z,VRvQUEOBVSc,"""Drop the act"" — Zeno of Citium | Stoicism",267,6,2,https://youtube.com/shorts/VRvQUEOBVSc
2026-08-20,2026-08-16T11:22:27Z,UehZvwaZWSM,"""Start from zero"" — Marcus Aurelius | Stoicism",122,1,2,https://youtube.com/shorts/UehZvwaZWSM
2026-08-20,2026-08-16T07:48:11Z,9xJqvFBwaSQ,"""Rule 14: Let it ripen slowly"" — Epictetus | Stoicism",13,0,2,https://youtube.com/shorts/9xJqvFBwaSQ
2026-08-20,2026-08-16T03:55:30Z,ZZZAoiailGA,"""Justice starts closer than you think"" — Musonius Rufus | Stoicism",57,3,2,https://youtube.com/shorts/ZZZAoiailGA
2026-08-20,2026-08-15T11:17:35Z,QdN51yPIys8,"""Meet it early"" — Seneca | Stoicism",58,2,2,https://youtube.com/shorts/QdN51yPIys8
2026-08-20,2026-08-15T07:49:22Z,d8POTCrUSuk,"""Rule 31: Take the hit and stay standing"" — Zeno of Citium | Stoicism",99,1,2,https://youtube.com/shorts/d8POTCrUSuk
2026-08-20,2026-08-20T07:56:46Z,RvWp3HWliig,"""One breath first"" — Zeno of Citium | Stoicism",0,0,2,https://youtube.com/shorts/RvWp3HWliig
2026-08-20,2026-08-20T03:54:06Z,hSUHVWbLrUQ,"""Take what comes. Rule 4"" — Marcus Aurelius | Stoicism",6,2,2,https://youtube.com/shorts/hSUHVWbLrUQ
2026-08-20,2026-08-19T11:21:24Z,zwz0ycTJLAA,"""Empty the cup"" — Epictetus | Stoicism",47,0,2,https://youtube.com/shorts/zwz0ycTJLAA
2026-08-20,2026-08-19T08:04:28Z,n17OlR2SgIg,"""Let it age you"" — Musonius Rufus | Stoicism",44,1,4,https://youtube.com/shorts/n17OlR2SgIg
2026-08-20,2026-08-19T03:45:18Z,vI-qVVXn2SU,"""Slow is fine"" — Seneca | Stoicism",655,16,2,https://youtube.com/shorts/vI-qVVXn2SU
2026-08-20,2026-08-18T11:27:17Z,5F2beQEt2UE,"""Rule 21: Be just where no one checks"" — Zeno of Citium | Stoicism",40,1,2,https://youtube.com/shorts/5F2beQEt2UE
2026-08-20,2026-08-18T07:53:48Z,bW1gubDlmAg,"""Nothing gets in"" — Marcus Aurelius | Stoicism",115,3,2,https://youtube.com/shorts/bW1gubDlmAg
2026-08-20,2026-08-18T03:51:24Z,QHjtbg9mEfs,"""This is the test"" — Epictetus | Stoicism",67,3,2,https://youtube.com/shorts/QHjtbg9mEfs
2026-08-20,2026-08-17T11:22:34Z,gQgITV9h1WI,"""The harder win"" — Musonius Rufus | Stoicism",331,8,2,https://youtube.com/shorts/gQgITV9h1WI
2026-08-20,2026-08-17T08:13:33Z,40uJE--rZhg,"""Stop dragging the world"" — Seneca | Stoicism",41,1,2,https://youtube.com/shorts/40uJE--rZhg
2026-08-20,2026-08-17T03:48:47Z,VRvQUEOBVSc,"""Drop the act"" — Zeno of Citium | Stoicism",267,6,2,https://youtube.com/shorts/VRvQUEOBVSc
2026-08-20,2026-08-16T11:22:27Z,UehZvwaZWSM,"""Start from zero"" — Marcus Aurelius | Stoicism",122,1,2,https://youtube.com/shorts/UehZvwaZWSM
2026-08-20,2026-08-16T07:48:11Z,9xJqvFBwaSQ,"""Rule 14: Let it ripen slowly"" — Epictetus | Stoicism",13,0,2,https://youtube.com/shorts/9xJqvFBwaSQ
2026-08-20,2026-08-16T03:55:30Z,ZZZAoiailGA,"""Justice starts closer than you think"" — Musonius Rufus | Stoicism",57,3,2,https://youtube.com/shorts/ZZZAoiailGA
2026-08-20,2026-08-15T11:17:35Z,QdN51yPIys8,"""Meet it early"" — Seneca | Stoicism",58,2,2,https://youtube.com/shorts/QdN51yPIys8
2026-08-20,2026-08-20T11:29:28Z,zEY2lx-HB5s,"""What burdens you feeds you"" — Seneca | Stoicism",0,0,2,https://youtube.com/shorts/zEY2lx-HB5s
2026-08-20,2026-08-20T07:56:46Z,RvWp3HWliig,"""One breath first"" — Zeno of Citium | Stoicism",24,0,2,https://youtube.com/shorts/RvWp3HWliig
2026-08-20,2026-08-20T03:54:06Z,hSUHVWbLrUQ,"""Take what comes. Rule 4"" — Marcus Aurelius | Stoicism",11,2,2,https://youtube.com/shorts/hSUHVWbLrUQ
2026-08-20,2026-08-19T11:21:24Z,zwz0ycTJLAA,"""Empty the cup"" — Epictetus | Stoicism",48,0,2,https://youtube.com/shorts/zwz0ycTJLAA
2026-08-20,2026-08-19T08:04:28Z,n17OlR2SgIg,"""Let it age you"" — Musonius Rufus | Stoicism",44,1,4,https://youtube.com/shorts/n17OlR2SgIg
2026-08-20,2026-08-19T03:45:18Z,vI-qVVXn2SU,"""Slow is fine"" — Seneca | Stoicism",665,16,2,https://youtube.com/shorts/vI-qVVXn2SU
2026-08-20,2026-08-18T11:27:17Z,5F2beQEt2UE,"""Rule 21: Be just where no one checks"" — Zeno of Citium | Stoicism",42,1,2,https://youtube.com/shorts/5F2beQEt2UE
2026-08-20,2026-08-18T07:53:48Z,bW1gubDlmAg,"""Nothing gets in"" — Marcus Aurelius | Stoicism",115,3,2,https://youtube.com/shorts/bW1gubDlmAg
2026-08-20,2026-08-18T03:51:24Z,QHjtbg9mEfs,"""This is the test"" — Epictetus | Stoicism",67,3,2,https://youtube.com/shorts/QHjtbg9mEfs
2026-08-20,2026-08-17T11:22:34Z,gQgITV9h1WI,"""The harder win"" — Musonius Rufus | Stoicism",331,8,2,https://youtube.com/shorts/gQgITV9h1WI
2026-08-20,2026-08-17T08:13:33Z,40uJE--rZhg,"""Stop dragging the world"" — Seneca | Stoicism",41,1,2,https://youtube.com/shorts/40uJE--rZhg
2026-08-20,2026-08-17T03:48:47Z,VRvQUEOBVSc,"""Drop the act"" — Zeno of Citium | Stoicism",267,6,2,https://youtube.com/shorts/VRvQUEOBVSc
2026-08-20,2026-08-16T11:22:27Z,UehZvwaZWSM,"""Start from zero"" — Marcus Aurelius | Stoicism",122,1,2,https://youtube.com/shorts/UehZvwaZWSM
2026-08-20,2026-08-16T07:48:11Z,9xJqvFBwaSQ,"""Rule 14: Let it ripen slowly"" — Epictetus | Stoicism",13,0,2,https://youtube.com/shorts/9xJqvFBwaSQ
2026-08-20,2026-08-16T03:55:30Z,ZZZAoiailGA,"""Justice starts closer than you think"" — Musonius Rufus | Stoicism",57,3,2,https://youtube.com/shorts/ZZZAoiailGA
2026-08-20,2026-08-20T11:29:28Z,zEY2lx-HB5s,"""What burdens you feeds you"" — Seneca | Stoicism",9,1,2,https://youtube.com/shorts/zEY2lx-HB5s
2026-08-20,2026-08-20T07:56:46Z,RvWp3HWliig,"""One breath first"" — Zeno of Citium | Stoicism",61,0,2,https://youtube.com/shorts/RvWp3HWliig
2026-08-20,2026-08-20T03:54:06Z,hSUHVWbLrUQ,"""Take what comes. Rule 4"" — Marcus Aurelius | Stoicism",16,2,2,https://youtube.com/shorts/hSUHVWbLrUQ
2026-08-20,2026-08-19T11:21:24Z,zwz0ycTJLAA,"""Empty the cup"" — Epictetus | Stoicism",52,0,2,https://youtube.com/shorts/zwz0ycTJLAA
2026-08-20,2026-08-19T08:04:28Z,n17OlR2SgIg,"""Let it age you"" — Musonius Rufus | Stoicism",46,1,4,https://youtube.com/shorts/n17OlR2SgIg
2026-08-20,2026-08-19T03:45:18Z,vI-qVVXn2SU,"""Slow is fine"" — Seneca | Stoicism",667,16,2,https://youtube.com/shorts/vI-qVVXn2SU
2026-08-20,2026-08-18T11:27:17Z,5F2beQEt2UE,"""Rule 21: Be just where no one checks"" — Zeno of Citium | Stoicism",42,1,2,https://youtube.com/shorts/5F2beQEt2UE
2026-08-20,2026-08-18T07:53:48Z,bW1gubDlmAg,"""Nothing gets in"" — Marcus Aurelius | Stoicism",115,3,2,https://youtube.com/shorts/bW1gubDlmAg
2026-08-20,2026-08-18T03:51:24Z,QHjtbg9mEfs,"""This is the test"" — Epictetus | Stoicism",67,3,2,https://youtube.com/shorts/QHjtbg9mEfs
2026-08-20,2026-08-17T11:22:34Z,gQgITV9h1WI,"""The harder win"" — Musonius Rufus | Stoicism",331,8,2,https://youtube.com/shorts/gQgITV9h1WI
2026-08-20,2026-08-17T08:13:33Z,40uJE--rZhg,"""Stop dragging the world"" — Seneca | Stoicism",41,1,2,https://youtube.com/shorts/40uJE--rZhg
2026-08-20,2026-08-17T03:48:47Z,VRvQUEOBVSc,"""Drop the act"" — Zeno of Citium | Stoicism",267,6,2,https://youtube.com/shorts/VRvQUEOBVSc
2026-08-20,2026-08-16T11:22:27Z,UehZvwaZWSM,"""Start from zero"" — Marcus Aurelius | Stoicism",122,1,2,https://youtube.com/shorts/UehZvwaZWSM
2026-08-20,2026-08-16T07:48:11Z,9xJqvFBwaSQ,"""Rule 14: Let it ripen slowly"" — Epictetus | Stoicism",13,0,2,https://youtube.com/shorts/9xJqvFBwaSQ
2026-08-20,2026-08-16T03:55:30Z,ZZZAoiailGA,"""Justice starts closer than you think"" — Musonius Rufus | Stoicism",57,3,2,https://youtube.com/shorts/ZZZAoiailGA
2026-08-20,2026-08-20T11:29:28Z,zEY2lx-HB5s,"""What burdens you feeds you"" — Seneca | Stoicism",12,1,2,https://youtube.com/shorts/zEY2lx-HB5s
2026-08-20,2026-08-20T07:56:46Z,RvWp3HWliig,"""One breath first"" — Zeno of Citium | Stoicism",62,0,2,https://youtube.com/shorts/RvWp3HWliig
2026-08-20,2026-08-20T03:54:06Z,hSUHVWbLrUQ,"""Take what comes. Rule 4"" — Marcus Aurelius | Stoicism",17,2,2,https://youtube.com/shorts/hSUHVWbLrUQ
2026-08-20,2026-08-19T11:21:24Z,zwz0ycTJLAA,"""Empty the cup"" — Epictetus | Stoicism",52,0,2,https://youtube.com/shorts/zwz0ycTJLAA
2026-08-20,2026-08-19T08:04:28Z,n17OlR2SgIg,"""Let it age you"" — Musonius Rufus | Stoicism",48,1,4,https://youtube.com/shorts/n17OlR2SgIg
2026-08-20,2026-08-19T03:45:18Z,vI-qVVXn2SU,"""Slow is fine"" — Seneca | Stoicism",667,16,2,https://youtube.com/shorts/vI-qVVXn2SU
2026-08-20,2026-08-18T11:27:17Z,5F2beQEt2UE,"""Rule 21: Be just where no one checks"" — Zeno of Citium | Stoicism",42,1,2,https://youtube.com/shorts/5F2beQEt2UE
2026-08-20,2026-08-18T07:53:48Z,bW1gubDlmAg,"""Nothing gets in"" — Marcus Aurelius | Stoicism",115,3,2,https://youtube.com/shorts/bW1gubDlmAg
2026-08-20,2026-08-18T03:51:24Z,QHjtbg9mEfs,"""This is the test"" — Epictetus | Stoicism",67,3,2,https://youtube.com/shorts/QHjtbg9mEfs
2026-08-20,2026-08-17T11:22:34Z,gQgITV9h1WI,"""The harder win"" — Musonius Rufus | Stoicism",331,8,2,https://youtube.com/shorts/gQgITV9h1WI
2026-08-20,2026-08-17T08:13:33Z,40uJE--rZhg,"""Stop dragging the world"" — Seneca | Stoicism",41,1,2,https://youtube.com/shorts/40uJE--rZhg
2026-08-20,2026-08-17T03:48:47Z,VRvQUEOBVSc,"""Drop the act"" — Zeno of Citium | Stoicism",267,6,2,https://youtube.com/shorts/VRvQUEOBVSc
2026-08-20,2026-08-16T11:22:27Z,UehZvwaZWSM,"""Start from zero"" — Marcus Aurelius | Stoicism",122,1,2,https://youtube.com/shorts/UehZvwaZWSM
2026-08-20,2026-08-16T07:48:11Z,9xJqvFBwaSQ,"""Rule 14: Let it ripen slowly"" — Epictetus | Stoicism",13,0,2,https://youtube.com/shorts/9xJqvFBwaSQ
2026-08-20,2026-08-16T03:55:30Z,ZZZAoiailGA,"""Justice starts closer than you think"" — Musonius Rufus | Stoicism",57,3,2,https://youtube.com/shorts/ZZZAoiailGA
2026-08-20,2026-08-20T11:29:28Z,zEY2lx-HB5s,"""What burdens you feeds you"" — Seneca | Stoicism",13,1,2,https://youtube.com/shorts/zEY2lx-HB5s
2026-08-20,2026-08-20T07:56:46Z,RvWp3HWliig,"""One breath first"" — Zeno of Citium | Stoicism",62,0,2,https://youtube.com/shorts/RvWp3HWliig
2026-08-20,2026-08-20T03:54:06Z,hSUHVWbLrUQ,"""Take what comes. Rule 4"" — Marcus Aurelius | Stoicism",17,2,2,https://youtube.com/shorts/hSUHVWbLrUQ
2026-08-20,2026-08-19T11:21:24Z,zwz0ycTJLAA,"""Empty the cup"" — Epictetus | Stoicism",52,0,2,https://youtube.com/shorts/zwz0ycTJLAA
2026-08-20,2026-08-19T08:04:28Z,n17OlR2SgIg,"""Let it age you"" — Musonius Rufus | Stoicism",48,1,4,https://youtube.com/shorts/n17OlR2SgIg
2026-08-20,2026-08-19T03:45:18Z,vI-qVVXn2SU,"""Slow is fine"" — Seneca | Stoicism",667,16,2,https://youtube.com/shorts/vI-qVVXn2SU
2026-08-20,2026-08-18T11:27:17Z,5F2beQEt2UE,"""Rule 21: Be just where no one checks"" — Zeno of Citium | Stoicism",42,1,2,https://youtube.com/shorts/5F2beQEt2UE
2026-08-20,2026-08-18T07:53:48Z,bW1gubDlmAg,"""Nothing gets in"" — Marcus Aurelius | Stoicism",115,3,2,https://youtube.com/shorts/bW1gubDlmAg
2026-08-20,2026-08-18T03:51:24Z,QHjtbg9mEfs,"""This is the test"" — Epictetus | Stoicism",67,3,2,https://youtube.com/shorts/QHjtbg9mEfs
2026-08-20,2026-08-17T11:22:34Z,gQgITV9h1WI,"""The harder win"" — Musonius Rufus | Stoicism",331,8,2,https://youtube.com/shorts/gQgITV9h1WI
2026-08-20,2026-08-17T08:13:33Z,40uJE--rZhg,"""Stop dragging the world"" — Seneca | Stoicism",41,1,2,https://youtube.com/shorts/40uJE--rZhg
2026-08-20,2026-08-17T03:48:47Z,VRvQUEOBVSc,"""Drop the act"" — Zeno of Citium | Stoicism",267,6,2,https://youtube.com/shorts/VRvQUEOBVSc
2026-08-20,2026-08-16T11:22:27Z,UehZvwaZWSM,"""Start from zero"" — Marcus Aurelius | Stoicism",122,1,2,https://youtube.com/shorts/UehZvwaZWSM
2026-08-20,2026-08-16T07:48:11Z,9xJqvFBwaSQ,"""Rule 14: Let it ripen slowly"" — Epictetus | Stoicism",13,0,2,https://youtube.com/shorts/9xJqvFBwaSQ
2026-08-20,2026-08-16T03:55:30Z,ZZZAoiailGA,"""Justice starts closer than you think"" — Musonius Rufus | Stoicism",57,3,2,https://youtube.com/shorts/ZZZAoiailGA
2026-08-20,2026-08-20T11:29:28Z,zEY2lx-HB5s,"""What burdens you feeds you"" — Seneca | Stoicism",15,1,2,https://youtube.com/shorts/zEY2lx-HB5s
2026-08-20,2026-08-20T07:56:46Z,RvWp3HWliig,"""One breath first"" — Zeno of Citium | Stoicism",64,0,2,https://youtube.com/shorts/RvWp3HWliig
2026-08-20,2026-08-20T03:54:06Z,hSUHVWbLrUQ,"""Take what comes. Rule 4"" — Marcus Aurelius | Stoicism",17,2,2,https://youtube.com/shorts/hSUHVWbLrUQ
2026-08-20,2026-08-19T11:21:24Z,zwz0ycTJLAA,"""Empty the cup"" — Epictetus | Stoicism",53,0,2,https://youtube.com/shorts/zwz0ycTJLAA
2026-08-20,2026-08-19T08:04:28Z,n17OlR2SgIg,"""Let it age you"" — Musonius Rufus | Stoicism",48,1,4,https://youtube.com/shorts/n17OlR2SgIg
2026-08-20,2026-08-19T03:45:18Z,vI-qVVXn2SU,"""Slow is fine"" — Seneca | Stoicism",667,16,2,https://youtube.com/shorts/vI-qVVXn2SU
2026-08-20,2026-08-18T11:27:17Z,5F2beQEt2UE,"""Rule 21: Be just where no one checks"" — Zeno of Citium | Stoicism",42,1,2,https://youtube.com/shorts/5F2beQEt2UE
2026-08-20,2026-08-18T07:53:48Z,bW1gubDlmAg,"""Nothing gets in"" — Marcus Aurelius | Stoicism",115,3,2,https://youtube.com/shorts/bW1gubDlmAg
2026-08-20,2026-08-18T03:51:24Z,QHjtbg9mEfs,"""This is the test"" — Epictetus | Stoicism",67,3,2,https://youtube.com/shorts/QHjtbg9mEfs
2026-08-20,2026-08-17T11:22:34Z,gQgITV9h1WI,"""The harder win"" — Musonius Rufus | Stoicism",331,8,2,https://youtube.com/shorts/gQgITV9h1WI
2026-08-20,2026-08-17T08:13:33Z,40uJE--rZhg,"""Stop dragging the world"" — Seneca | Stoicism",41,1,2,https://youtube.com/shorts/40uJE--rZhg
2026-08-20,2026-08-17T03:48:47Z,VRvQUEOBVSc,"""Drop the act"" — Zeno of Citium | Stoicism",267,6,2,https://youtube.com/shorts/VRvQUEOBVSc
2026-08-20,2026-08-16T11:22:27Z,UehZvwaZWSM,"""Start from zero"" — Marcus Aurelius | Stoicism",122,1,2,https://youtube.com/shorts/UehZvwaZWSM
2026-08-20,2026-08-16T07:48:11Z,9xJqvFBwaSQ,"""Rule 14: Let it ripen slowly"" — Epictetus | Stoicism",13,0,2,https://youtube.com/shorts/9xJqvFBwaSQ
2026-08-20,2026-08-16T03:55:30Z,ZZZAoiailGA,"""Justice starts closer than you think"" — Musonius Rufus | Stoicism",57,3,2,https://youtube.com/shorts/ZZZAoiailGA
2026-08-21,2026-08-21T16:37:10Z,f5j0svA-SGw,"""Fear rules quietly"" — Musonius Rufus | Stoicism",0,0,0,https://youtube.com/shorts/f5j0svA-SGw
2026-08-21,2026-08-20T11:29:28Z,zEY2lx-HB5s,"""What burdens you feeds you"" — Seneca | Stoicism",15,1,2,https://youtube.com/shorts/zEY2lx-HB5s
2026-08-21,2026-08-20T07:56:46Z,RvWp3HWliig,"""One breath first"" — Zeno of Citium | Stoicism",66,0,2,https://youtube.com/shorts/RvWp3HWliig
2026-08-21,2026-08-20T03:54:06Z,hSUHVWbLrUQ,"""Take what comes. Rule 4"" — Marcus Aurelius | Stoicism",23,2,2,https://youtube.com/shorts/hSUHVWbLrUQ
2026-08-21,2026-08-19T11:21:24Z,zwz0ycTJLAA,"""Empty the cup"" — Epictetus | Stoicism",57,0,2,https://youtube.com/shorts/zwz0ycTJLAA
2026-08-21,2026-08-19T08:04:28Z,n17OlR2SgIg,"""Let it age you"" — Musonius Rufus | Stoicism",49,1,4,https://youtube.com/shorts/n17OlR2SgIg
2026-08-21,2026-08-19T03:45:18Z,vI-qVVXn2SU,"""Slow is fine"" — Seneca | Stoicism",668,16,2,https://youtube.com/shorts/vI-qVVXn2SU
2026-08-21,2026-08-18T11:27:17Z,5F2beQEt2UE,"""Rule 21: Be just where no one checks"" — Zeno of Citium | Stoicism",42,1,2,https://youtube.com/shorts/5F2beQEt2UE
2026-08-21,2026-08-18T07:53:48Z,bW1gubDlmAg,"""Nothing gets in"" — Marcus Aurelius | Stoicism",115,3,2,https://youtube.com/shorts/bW1gubDlmAg
2026-08-21,2026-08-18T03:51:24Z,QHjtbg9mEfs,"""This is the test"" — Epictetus | Stoicism",67,3,2,https://youtube.com/shorts/QHjtbg9mEfs
2026-08-21,2026-08-17T11:22:34Z,gQgITV9h1WI,"""The harder win"" — Musonius Rufus | Stoicism",331,8,2,https://youtube.com/shorts/gQgITV9h1WI
2026-08-21,2026-08-17T08:13:33Z,40uJE--rZhg,"""Stop dragging the world"" — Seneca | Stoicism",41,1,2,https://youtube.com/shorts/40uJE--rZhg
2026-08-21,2026-08-17T03:48:47Z,VRvQUEOBVSc,"""Drop the act"" — Zeno of Citium | Stoicism",267,6,2,https://youtube.com/shorts/VRvQUEOBVSc
2026-08-21,2026-08-16T11:22:27Z,UehZvwaZWSM,"""Start from zero"" — Marcus Aurelius | Stoicism",122,1,2,https://youtube.com/shorts/UehZvwaZWSM
2026-08-21,2026-08-16T07:48:11Z,9xJqvFBwaSQ,"""Rule 14: Let it ripen slowly"" — Epictetus | Stoicism",13,0,2,https://youtube.com/shorts/9xJqvFBwaSQ
2026-08-21,2026-08-21T16:38:08Z,f5j0svA-SGw,"""Fear rules quietly"" — Musonius Rufus | Stoicism",27,2,0,https://youtube.com/shorts/f5j0svA-SGw
2026-08-21,2026-08-20T11:29:28Z,zEY2lx-HB5s,"""What burdens you feeds you"" — Seneca | Stoicism",17,1,2,https://youtube.com/shorts/zEY2lx-HB5s
2026-08-21,2026-08-20T07:56:46Z,RvWp3HWliig,"""One breath first"" — Zeno of Citium | Stoicism",66,0,2,https://youtube.com/shorts/RvWp3HWliig
2026-08-21,2026-08-20T03:54:06Z,hSUHVWbLrUQ,"""Take what comes. Rule 4"" — Marcus Aurelius | Stoicism",23,2,2,https://youtube.com/shorts/hSUHVWbLrUQ
2026-08-21,2026-08-19T11:21:24Z,zwz0ycTJLAA,"""Empty the cup"" — Epictetus | Stoicism",57,0,2,https://youtube.com/shorts/zwz0ycTJLAA
2026-08-21,2026-08-19T08:04:28Z,n17OlR2SgIg,"""Let it age you"" — Musonius Rufus | Stoicism",49,1,4,https://youtube.com/shorts/n17OlR2SgIg
2026-08-21,2026-08-19T03:45:18Z,vI-qVVXn2SU,"""Slow is fine"" — Seneca | Stoicism",668,16,2,https://youtube.com/shorts/vI-qVVXn2SU
2026-08-21,2026-08-18T11:27:17Z,5F2beQEt2UE,"""Rule 21: Be just where no one checks"" — Zeno of Citium | Stoicism",42,1,2,https://youtube.com/shorts/5F2beQEt2UE
2026-08-21,2026-08-18T07:53:48Z,bW1gubDlmAg,"""Nothing gets in"" — Marcus Aurelius | Stoicism",115,3,2,https://youtube.com/shorts/bW1gubDlmAg
2026-08-21,2026-08-18T03:51:24Z,QHjtbg9mEfs,"""This is the test"" — Epictetus | Stoicism",67,3,2,https://youtube.com/shorts/QHjtbg9mEfs
2026-08-21,2026-08-17T11:22:34Z,gQgITV9h1WI,"""The harder win"" — Musonius Rufus | Stoicism",334,8,2,https://youtube.com/shorts/gQgITV9h1WI
2026-08-21,2026-08-17T08:13:33Z,40uJE--rZhg,"""Stop dragging the world"" — Seneca | Stoicism",41,1,2,https://youtube.com/shorts/40uJE--rZhg
2026-08-21,2026-08-17T03:48:47Z,VRvQUEOBVSc,"""Drop the act"" — Zeno of Citium | Stoicism",267,6,2,https://youtube.com/shorts/VRvQUEOBVSc
2026-08-21,2026-08-16T11:22:27Z,UehZvwaZWSM,"""Start from zero"" — Marcus Aurelius | Stoicism",122,1,2,https://youtube.com/shorts/UehZvwaZWSM
2026-08-21,2026-08-16T07:48:11Z,9xJqvFBwaSQ,"""Rule 14: Let it ripen slowly"" — Epictetus | Stoicism",13,0,2,https://youtube.com/shorts/9xJqvFBwaSQ
2026-08-21,2026-08-21T23:39:09Z,wIRO1fQqtc8,"""Just this task"" — Marcus Aurelius | Stoicism",0,0,0,https://youtube.com/shorts/wIRO1fQqtc8
2026-08-21,2026-08-21T19:31:58Z,qQhblsJlFfQ,"""Show it"" — Epictetus | Stoicism",4,0,0,https://youtube.com/shorts/qQhblsJlFfQ
2026-08-21,2026-08-21T16:38:08Z,f5j0svA-SGw,"""Fear rules quietly"" — Musonius Rufus | Stoicism",53,5,1,https://youtube.com/shorts/f5j0svA-SGw
2026-08-21,2026-08-20T11:29:28Z,zEY2lx-HB5s,"""What burdens you feeds you"" — Seneca | Stoicism",17,1,2,https://youtube.com/shorts/zEY2lx-HB5s
2026-08-21,2026-08-20T07:56:46Z,RvWp3HWliig,"""One breath first"" — Zeno of Citium | Stoicism",66,0,2,https://youtube.com/shorts/RvWp3HWliig
2026-08-21,2026-08-20T03:54:06Z,hSUHVWbLrUQ,"""Take what comes. Rule 4"" — Marcus Aurelius | Stoicism",23,2,2,https://youtube.com/shorts/hSUHVWbLrUQ
2026-08-21,2026-08-19T11:21:24Z,zwz0ycTJLAA,"""Empty the cup"" — Epictetus | Stoicism",57,0,2,https://youtube.com/shorts/zwz0ycTJLAA
2026-08-21,2026-08-19T08:04:28Z,n17OlR2SgIg,"""Let it age you"" — Musonius Rufus | Stoicism",49,1,4,https://youtube.com/shorts/n17OlR2SgIg
2026-08-21,2026-08-19T03:45:18Z,vI-qVVXn2SU,"""Slow is fine"" — Seneca | Stoicism",668,16,2,https://youtube.com/shorts/vI-qVVXn2SU
2026-08-21,2026-08-18T11:27:17Z,5F2beQEt2UE,"""Rule 21: Be just where no one checks"" — Zeno of Citium | Stoicism",42,1,2,https://youtube.com/shorts/5F2beQEt2UE
2026-08-21,2026-08-18T07:53:48Z,bW1gubDlmAg,"""Nothing gets in"" — Marcus Aurelius | Stoicism",115,3,2,https://youtube.com/shorts/bW1gubDlmAg
2026-08-21,2026-08-18T03:51:24Z,QHjtbg9mEfs,"""This is the test"" — Epictetus | Stoicism",67,3,2,https://youtube.com/shorts/QHjtbg9mEfs
2026-08-21,2026-08-17T11:22:34Z,gQgITV9h1WI,"""The harder win"" — Musonius Rufus | Stoicism",334,8,2,https://youtube.com/shorts/gQgITV9h1WI
2026-08-21,2026-08-17T08:13:33Z,40uJE--rZhg,"""Stop dragging the world"" — Seneca | Stoicism",41,1,2,https://youtube.com/shorts/40uJE--rZhg
2026-08-21,2026-08-17T03:48:47Z,VRvQUEOBVSc,"""Drop the act"" — Zeno of Citium | Stoicism",267,6,2,https://youtube.com/shorts/VRvQUEOBVSc
2026-08-22,2026-08-22T03:46:28Z,CyUzLkphjLc,"""What are you saving for later"" — Zeno of Citium | Stoicism",0,0,2,https://youtube.com/shorts/CyUzLkphjLc
2026-08-22,2026-08-21T23:39:09Z,wIRO1fQqtc8,"""Just this task"" — Marcus Aurelius | Stoicism",14,2,0,https://youtube.com/shorts/wIRO1fQqtc8
2026-08-22,2026-08-21T19:31:58Z,qQhblsJlFfQ,"""Show it"" — Epictetus | Stoicism",21,1,0,https://youtube.com/shorts/qQhblsJlFfQ
2026-08-22,2026-08-21T16:38:08Z,f5j0svA-SGw,"""Fear rules quietly"" — Musonius Rufus | Stoicism",69,5,1,https://youtube.com/shorts/f5j0svA-SGw
2026-08-22,2026-08-20T11:29:28Z,zEY2lx-HB5s,"""What burdens you feeds you"" — Seneca | Stoicism",20,1,2,https://youtube.com/shorts/zEY2lx-HB5s
2026-08-22,2026-08-20T07:56:46Z,RvWp3HWliig,"""One breath first"" — Zeno of Citium | Stoicism",68,0,2,https://youtube.com/shorts/RvWp3HWliig
2026-08-22,2026-08-20T03:54:06Z,hSUHVWbLrUQ,"""Take what comes. Rule 4"" — Marcus Aurelius | Stoicism",25,2,2,https://youtube.com/shorts/hSUHVWbLrUQ
2026-08-22,2026-08-19T11:21:24Z,zwz0ycTJLAA,"""Empty the cup"" — Epictetus | Stoicism",57,0,2,https://youtube.com/shorts/zwz0ycTJLAA
2026-08-22,2026-08-19T08:04:28Z,n17OlR2SgIg,"""Let it age you"" — Musonius Rufus | Stoicism",49,1,4,https://youtube.com/shorts/n17OlR2SgIg
2026-08-22,2026-08-19T03:45:18Z,vI-qVVXn2SU,"""Slow is fine"" — Seneca | Stoicism",668,16,2,https://youtube.com/shorts/vI-qVVXn2SU
2026-08-22,2026-08-18T11:27:17Z,5F2beQEt2UE,"""Rule 21: Be just where no one checks"" — Zeno of Citium | Stoicism",42,1,2,https://youtube.com/shorts/5F2beQEt2UE
2026-08-22,2026-08-18T07:53:48Z,bW1gubDlmAg,"""Nothing gets in"" — Marcus Aurelius | Stoicism",115,3,2,https://youtube.com/shorts/bW1gubDlmAg
2026-08-22,2026-08-18T03:51:24Z,QHjtbg9mEfs,"""This is the test"" — Epictetus | Stoicism",67,3,2,https://youtube.com/shorts/QHjtbg9mEfs
2026-08-22,2026-08-17T11:22:34Z,gQgITV9h1WI,"""The harder win"" — Musonius Rufus | Stoicism",334,8,2,https://youtube.com/shorts/gQgITV9h1WI
2026-08-22,2026-08-17T08:13:33Z,40uJE--rZhg,"""Stop dragging the world"" — Seneca | Stoicism",41,1,2,https://youtube.com/shorts/40uJE--rZhg
2026-08-22,2026-08-22T07:45:08Z,kr6p2mAgA9g,"""Loosen the grip"" — Seneca | Stoicism",0,0,2,https://youtube.com/shorts/kr6p2mAgA9g
2026-08-22,2026-08-22T03:47:12Z,CyUzLkphjLc,"""What are you saving for later"" — Zeno of Citium | Stoicism",20,1,2,https://youtube.com/shorts/CyUzLkphjLc
2026-08-22,2026-08-21T23:39:09Z,wIRO1fQqtc8,"""Just this task"" — Marcus Aurelius | Stoicism",15,2,0,https://youtube.com/shorts/wIRO1fQqtc8
2026-08-22,2026-08-21T19:31:58Z,qQhblsJlFfQ,"""Show it"" — Epictetus | Stoicism",27,1,0,https://youtube.com/shorts/qQhblsJlFfQ
2026-08-22,2026-08-21T16:38:08Z,f5j0svA-SGw,"""Fear rules quietly"" — Musonius Rufus | Stoicism",71,5,1,https://youtube.com/shorts/f5j0svA-SGw
2026-08-22,2026-08-20T11:29:28Z,zEY2lx-HB5s,"""What burdens you feeds you"" — Seneca | Stoicism",23,1,2,https://youtube.com/shorts/zEY2lx-HB5s
2026-08-22,2026-08-20T07:56:46Z,RvWp3HWliig,"""One breath first"" — Zeno of Citium | Stoicism",69,0,2,https://youtube.com/shorts/RvWp3HWliig
2026-08-22,2026-08-20T03:54:06Z,hSUHVWbLrUQ,"""Take what comes. Rule 4"" — Marcus Aurelius | Stoicism",25,2,2,https://youtube.com/shorts/hSUHVWbLrUQ
2026-08-22,2026-08-19T11:21:24Z,zwz0ycTJLAA,"""Empty the cup"" — Epictetus | Stoicism",57,0,2,https://youtube.com/shorts/zwz0ycTJLAA
2026-08-22,2026-08-19T08:04:28Z,n17OlR2SgIg,"""Let it age you"" — Musonius Rufus | Stoicism",49,1,4,https://youtube.com/shorts/n17OlR2SgIg
2026-08-22,2026-08-19T03:45:18Z,vI-qVVXn2SU,"""Slow is fine"" — Seneca | Stoicism",668,16,2,https://youtube.com/shorts/vI-qVVXn2SU
2026-08-22,2026-08-18T11:27:17Z,5F2beQEt2UE,"""Rule 21: Be just where no one checks"" — Zeno of Citium | Stoicism",42,1,2,https://youtube.com/shorts/5F2beQEt2UE
2026-08-22,2026-08-18T07:53:48Z,bW1gubDlmAg,"""Nothing gets in"" — Marcus Aurelius | Stoicism",115,3,2,https://youtube.com/shorts/bW1gubDlmAg
2026-08-22,2026-08-18T03:51:24Z,QHjtbg9mEfs,"""This is the test"" — Epictetus | Stoicism",67,3,2,https://youtube.com/shorts/QHjtbg9mEfs
2026-08-22,2026-08-17T11:22:34Z,gQgITV9h1WI,"""The harder win"" — Musonius Rufus | Stoicism",334,8,2,https://youtube.com/shorts/gQgITV9h1WI
2026-08-22,2026-08-22T11:24:24Z,fTg4HxBsA5M,"""Spend today like it's all you get"" — Musonius Rufus | Stoicism",0,0,2,https://youtube.com/shorts/fTg4HxBsA5M
2026-08-22,2026-08-22T07:45:08Z,kr6p2mAgA9g,"""Loosen the grip"" — Seneca | Stoicism",52,5,2,https://youtube.com/shorts/kr6p2mAgA9g
2026-08-22,2026-08-22T03:47:12Z,CyUzLkphjLc,"""What are you saving for later"" — Zeno of Citium | Stoicism",21,1,2,https://youtube.com/shorts/CyUzLkphjLc
2026-08-22,2026-08-21T23:39:09Z,wIRO1fQqtc8,"""Just this task"" — Marcus Aurelius | Stoicism",28,2,0,https://youtube.com/shorts/wIRO1fQqtc8
2026-08-22,2026-08-21T19:31:58Z,qQhblsJlFfQ,"""Show it"" — Epictetus | Stoicism",29,1,0,https://youtube.com/shorts/qQhblsJlFfQ
2026-08-22,2026-08-21T16:38:08Z,f5j0svA-SGw,"""Fear rules quietly"" — Musonius Rufus | Stoicism",72,5,1,https://youtube.com/shorts/f5j0svA-SGw
2026-08-22,2026-08-20T11:29:28Z,zEY2lx-HB5s,"""What burdens you feeds you"" — Seneca | Stoicism",23,1,2,https://youtube.com/shorts/zEY2lx-HB5s
2026-08-22,2026-08-20T07:56:46Z,RvWp3HWliig,"""One breath first"" — Zeno of Citium | Stoicism",71,0,2,https://youtube.com/shorts/RvWp3HWliig
2026-08-22,2026-08-20T03:54:06Z,hSUHVWbLrUQ,"""Take what comes. Rule 4"" — Marcus Aurelius | Stoicism",25,2,2,https://youtube.com/shorts/hSUHVWbLrUQ
2026-08-22,2026-08-19T11:21:24Z,zwz0ycTJLAA,"""Empty the cup"" — Epictetus | Stoicism",57,0,2,https://youtube.com/shorts/zwz0ycTJLAA
2026-08-22,2026-08-19T08:04:28Z,n17OlR2SgIg,"""Let it age you"" — Musonius Rufus | Stoicism",49,1,4,https://youtube.com/shorts/n17OlR2SgIg
2026-08-22,2026-08-19T03:45:18Z,vI-qVVXn2SU,"""Slow is fine"" — Seneca | Stoicism",668,16,2,https://youtube.com/shorts/vI-qVVXn2SU
2026-08-22,2026-08-18T11:27:17Z,5F2beQEt2UE,"""Rule 21: Be just where no one checks"" — Zeno of Citium | Stoicism",42,1,2,https://youtube.com/shorts/5F2beQEt2UE
2026-08-22,2026-08-18T07:53:48Z,bW1gubDlmAg,"""Nothing gets in"" — Marcus Aurelius | Stoicism",115,3,2,https://youtube.com/shorts/bW1gubDlmAg
2026-08-22,2026-08-18T03:51:24Z,QHjtbg9mEfs,"""This is the test"" — Epictetus | Stoicism",67,3,2,https://youtube.com/shorts/QHjtbg9mEfs
2026-08-22,2026-08-22T11:24:24Z,fTg4HxBsA5M,"""Spend today like it's all you get"" — Musonius Rufus | Stoicism",4,1,2,https://youtube.com/shorts/fTg4HxBsA5M
2026-08-22,2026-08-22T07:45:08Z,kr6p2mAgA9g,"""Loosen the grip"" — Seneca | Stoicism",68,4,2,https://youtube.com/shorts/kr6p2mAgA9g
2026-08-22,2026-08-22T03:47:12Z,CyUzLkphjLc,"""What are you saving for later"" — Zeno of Citium | Stoicism",22,1,2,https://youtube.com/shorts/CyUzLkphjLc
2026-08-22,2026-08-21T23:39:09Z,wIRO1fQqtc8,"""Just this task"" — Marcus Aurelius | Stoicism",34,2,0,https://youtube.com/shorts/wIRO1fQqtc8
2026-08-22,2026-08-21T19:31:58Z,qQhblsJlFfQ,"""Show it"" — Epictetus | Stoicism",29,1,0,https://youtube.com/shorts/qQhblsJlFfQ
2026-08-22,2026-08-21T16:38:08Z,f5j0svA-SGw,"""Fear rules quietly"" — Musonius Rufus | Stoicism",72,5,2,https://youtube.com/shorts/f5j0svA-SGw
2026-08-22,2026-08-20T11:29:28Z,zEY2lx-HB5s,"""What burdens you feeds you"" — Seneca | Stoicism",23,1,2,https://youtube.com/shorts/zEY2lx-HB5s
2026-08-22,2026-08-20T07:56:46Z,RvWp3HWliig,"""One breath first"" — Zeno of Citium | Stoicism",71,0,2,https://youtube.com/shorts/RvWp3HWliig
2026-08-22,2026-08-20T03:54:06Z,hSUHVWbLrUQ,"""Take what comes. Rule 4"" — Marcus Aurelius | Stoicism",25,2,2,https://youtube.com/shorts/hSUHVWbLrUQ
2026-08-22,2026-08-19T11:21:24Z,zwz0ycTJLAA,"""Empty the cup"" — Epictetus | Stoicism",57,0,2,https://youtube.com/shorts/zwz0ycTJLAA
2026-08-22,2026-08-19T08:04:28Z,n17OlR2SgIg,"""Let it age you"" — Musonius Rufus | Stoicism",49,1,4,https://youtube.com/shorts/n17OlR2SgIg
2026-08-22,2026-08-19T03:45:18Z,vI-qVVXn2SU,"""Slow is fine"" — Seneca | Stoicism",668,16,2,https://youtube.com/shorts/vI-qVVXn2SU
2026-08-22,2026-08-18T11:27:17Z,5F2beQEt2UE,"""Rule 21: Be just where no one checks"" — Zeno of Citium | Stoicism",42,1,2,https://youtube.com/shorts/5F2beQEt2UE
2026-08-22,2026-08-18T07:53:48Z,bW1gubDlmAg,"""Nothing gets in"" — Marcus Aurelius | Stoicism",115,3,2,https://youtube.com/shorts/bW1gubDlmAg
2026-08-22,2026-08-18T03:51:24Z,QHjtbg9mEfs,"""This is the test"" — Epictetus | Stoicism",67,3,2,https://youtube.com/shorts/QHjtbg9mEfs
2026-08-22,2026-08-22T11:24:24Z,fTg4HxBsA5M,"""Spend today like it's all you get"" — Musonius Rufus | Stoicism",22,1,2,https://youtube.com/shorts/fTg4HxBsA5M
2026-08-22,2026-08-22T07:45:08Z,kr6p2mAgA9g,"""Loosen the grip"" — Seneca | Stoicism",83,4,2,https://youtube.com/shorts/kr6p2mAgA9g
2026-08-22,2026-08-22T03:47:12Z,CyUzLkphjLc,"""What are you saving for later"" — Zeno of Citium | Stoicism",22,1,2,https://youtube.com/shorts/CyUzLkphjLc
2026-08-22,2026-08-21T23:39:09Z,wIRO1fQqtc8,"""Just this task"" — Marcus Aurelius | Stoicism",34,2,0,https://youtube.com/shorts/wIRO1fQqtc8
2026-08-22,2026-08-21T19:31:58Z,qQhblsJlFfQ,"""Show it"" — Epictetus | Stoicism",30,1,1,https://youtube.com/shorts/qQhblsJlFfQ
2026-08-22,2026-08-21T16:38:08Z,f5j0svA-SGw,"""Fear rules quietly"" — Musonius Rufus | Stoicism",72,5,2,https://youtube.com/shorts/f5j0svA-SGw
2026-08-22,2026-08-20T11:29:28Z,zEY2lx-HB5s,"""What burdens you feeds you"" — Seneca | Stoicism",23,1,2,https://youtube.com/shorts/zEY2lx-HB5s
2026-08-22,2026-08-20T07:56:46Z,RvWp3HWliig,"""One breath first"" — Zeno of Citium | Stoicism",71,0,2,https://youtube.com/shorts/RvWp3HWliig
2026-08-22,2026-08-20T03:54:06Z,hSUHVWbLrUQ,"""Take what comes. Rule 4"" — Marcus Aurelius | Stoicism",25,2,2,https://youtube.com/shorts/hSUHVWbLrUQ
2026-08-22,2026-08-19T11:21:24Z,zwz0ycTJLAA,"""Empty the cup"" — Epictetus | Stoicism",57,0,2,https://youtube.com/shorts/zwz0ycTJLAA
2026-08-22,2026-08-19T08:04:28Z,n17OlR2SgIg,"""Let it age you"" — Musonius Rufus | Stoicism",49,1,4,https://youtube.com/shorts/n17OlR2SgIg
2026-08-22,2026-08-19T03:45:18Z,vI-qVVXn2SU,"""Slow is fine"" — Seneca | Stoicism",668,16,2,https://youtube.com/shorts/vI-qVVXn2SU
2026-08-22,2026-08-18T11:27:17Z,5F2beQEt2UE,"""Rule 21: Be just where no one checks"" — Zeno of Citium | Stoicism",42,1,2,https://youtube.com/shorts/5F2beQEt2UE
2026-08-22,2026-08-18T07:53:48Z,bW1gubDlmAg,"""Nothing gets in"" — Marcus Aurelius | Stoicism",115,3,2,https://youtube.com/shorts/bW1gubDlmAg
2026-08-22,2026-08-18T03:51:24Z,QHjtbg9mEfs,"""This is the test"" — Epictetus | Stoicism",67,3,2,https://youtube.com/shorts/QHjtbg9mEfs
2026-08-22,2026-08-22T11:24:24Z,fTg4HxBsA5M,"""Spend today like it's all you get"" — Musonius Rufus | Stoicism",22,1,2,https://youtube.com/shorts/fTg4HxBsA5M
2026-08-22,2026-08-22T07:45:08Z,kr6p2mAgA9g,"""Loosen the grip"" — Seneca | Stoicism",83,4,2,https://youtube.com/shorts/kr6p2mAgA9g
2026-08-22,2026-08-22T03:47:12Z,CyUzLkphjLc,"""What are you saving for later"" — Zeno of Citium | Stoicism",22,1,2,https://youtube.com/shorts/CyUzLkphjLc
2026-08-22,2026-08-21T23:39:09Z,wIRO1fQqtc8,"""Just this task"" — Marcus Aurelius | Stoicism",34,2,0,https://youtube.com/shorts/wIRO1fQqtc8
2026-08-22,2026-08-21T19:31:58Z,qQhblsJlFfQ,"""Show it"" — Epictetus | Stoicism",30,1,2,https://youtube.com/shorts/qQhblsJlFfQ
2026-08-22,2026-08-21T16:38:08Z,f5j0svA-SGw,"""Fear rules quietly"" — Musonius Rufus | Stoicism",72,5,2,https://youtube.com/shorts/f5j0svA-SGw
2026-08-22,2026-08-20T11:29:28Z,zEY2lx-HB5s,"""What burdens you feeds you"" — Seneca | Stoicism",23,1,2,https://youtube.com/shorts/zEY2lx-HB5s
2026-08-22,2026-08-20T07:56:46Z,RvWp3HWliig,"""One breath first"" — Zeno of Citium | Stoicism",71,0,2,https://youtube.com/shorts/RvWp3HWliig
2026-08-22,2026-08-20T03:54:06Z,hSUHVWbLrUQ,"""Take what comes. Rule 4"" — Marcus Aurelius | Stoicism",25,2,2,https://youtube.com/shorts/hSUHVWbLrUQ
2026-08-22,2026-08-19T11:21:24Z,zwz0ycTJLAA,"""Empty the cup"" — Epictetus | Stoicism",57,0,2,https://youtube.com/shorts/zwz0ycTJLAA
2026-08-22,2026-08-19T08:04:28Z,n17OlR2SgIg,"""Let it age you"" — Musonius Rufus | Stoicism",49,1,4,https://youtube.com/shorts/n17OlR2SgIg
2026-08-22,2026-08-19T03:45:18Z,vI-qVVXn2SU,"""Slow is fine"" — Seneca | Stoicism",668,16,2,https://youtube.com/shorts/vI-qVVXn2SU
2026-08-22,2026-08-18T11:27:17Z,5F2beQEt2UE,"""Rule 21: Be just where no one checks"" — Zeno of Citium | Stoicism",42,1,2,https://youtube.com/shorts/5F2beQEt2UE
2026-08-22,2026-08-18T07:53:48Z,bW1gubDlmAg,"""Nothing gets in"" — Marcus Aurelius | Stoicism",115,3,2,https://youtube.com/shorts/bW1gubDlmAg
2026-08-22,2026-08-18T03:51:24Z,QHjtbg9mEfs,"""This is the test"" — Epictetus | Stoicism",67,3,2,https://youtube.com/shorts/QHjtbg9mEfs
2026-08-22,2026-08-22T11:24:24Z,fTg4HxBsA5M,"""Spend today like it's all you get"" — Musonius Rufus | Stoicism",22,1,2,https://youtube.com/shorts/fTg4HxBsA5M
2026-08-22,2026-08-22T07:45:08Z,kr6p2mAgA9g,"""Loosen the grip"" — Seneca | Stoicism",83,4,2,https://youtube.com/shorts/kr6p2mAgA9g
2026-08-22,2026-08-22T03:47:12Z,CyUzLkphjLc,"""What are you saving for later"" — Zeno of Citium | Stoicism",22,1,2,https://youtube.com/shorts/CyUzLkphjLc
2026-08-22,2026-08-21T23:39:09Z,wIRO1fQqtc8,"""Just this task"" — Marcus Aurelius | Stoicism",34,2,0,https://youtube.com/shorts/wIRO1fQqtc8
2026-08-22,2026-08-21T19:31:58Z,qQhblsJlFfQ,"""Show it"" — Epictetus | Stoicism",31,1,2,https://youtube.com/shorts/qQhblsJlFfQ
2026-08-22,2026-08-21T16:38:08Z,f5j0svA-SGw,"""Fear rules quietly"" — Musonius Rufus | Stoicism",72,5,2,https://youtube.com/shorts/f5j0svA-SGw
2026-08-22,2026-08-20T11:29:28Z,zEY2lx-HB5s,"""What burdens you feeds you"" — Seneca | Stoicism",23,1,2,https://youtube.com/shorts/zEY2lx-HB5s
2026-08-22,2026-08-20T07:56:46Z,RvWp3HWliig,"""One breath first"" — Zeno of Citium | Stoicism",71,0,2,https://youtube.com/shorts/RvWp3HWliig
2026-08-22,2026-08-20T03:54:06Z,hSUHVWbLrUQ,"""Take what comes. Rule 4"" — Marcus Aurelius | Stoicism",25,2,2,https://youtube.com/shorts/hSUHVWbLrUQ
2026-08-22,2026-08-19T11:21:24Z,zwz0ycTJLAA,"""Empty the cup"" — Epictetus | Stoicism",57,0,2,https://youtube.com/shorts/zwz0ycTJLAA
2026-08-22,2026-08-19T08:04:28Z,n17OlR2SgIg,"""Let it age you"" — Musonius Rufus | Stoicism",49,1,4,https://youtube.com/shorts/n17OlR2SgIg
2026-08-22,2026-08-19T03:45:18Z,vI-qVVXn2SU,"""Slow is fine"" — Seneca | Stoicism",668,16,2,https://youtube.com/shorts/vI-qVVXn2SU
2026-08-22,2026-08-18T11:27:17Z,5F2beQEt2UE,"""Rule 21: Be just where no one checks"" — Zeno of Citium | Stoicism",42,1,2,https://youtube.com/shorts/5F2beQEt2UE
2026-08-22,2026-08-18T07:53:48Z,bW1gubDlmAg,"""Nothing gets in"" — Marcus Aurelius | Stoicism",113,3,2,https://youtube.com/shorts/bW1gubDlmAg
2026-08-22,2026-08-18T03:51:24Z,QHjtbg9mEfs,"""This is the test"" — Epictetus | Stoicism",67,3,2,https://youtube.com/shorts/QHjtbg9mEfs
2026-08-23,2026-08-23T03:53:06Z,przOgT-iIN4,"""Who did you snap at"" — Epictetus | Stoicism",0,0,1,https://youtube.com/shorts/przOgT-iIN4
2026-08-23,2026-08-22T11:24:24Z,fTg4HxBsA5M,"""Spend today like it's all you get"" — Musonius Rufus | Stoicism",24,1,2,https://youtube.com/shorts/fTg4HxBsA5M
2026-08-23,2026-08-22T07:45:08Z,kr6p2mAgA9g,"""Loosen the grip"" — Seneca | Stoicism",84,4,2,https://youtube.com/shorts/kr6p2mAgA9g
2026-08-23,2026-08-22T03:47:12Z,CyUzLkphjLc,"""What are you saving for later"" — Zeno of Citium | Stoicism",22,1,2,https://youtube.com/shorts/CyUzLkphjLc
2026-08-23,2026-08-21T23:39:09Z,wIRO1fQqtc8,"""Just this task"" — Marcus Aurelius | Stoicism",34,2,0,https://youtube.com/shorts/wIRO1fQqtc8
2026-08-23,2026-08-21T19:31:58Z,qQhblsJlFfQ,"""Show it"" — Epictetus | Stoicism",31,1,2,https://youtube.com/shorts/qQhblsJlFfQ
2026-08-23,2026-08-21T16:38:08Z,f5j0svA-SGw,"""Fear rules quietly"" — Musonius Rufus | Stoicism",72,5,2,https://youtube.com/shorts/f5j0svA-SGw
2026-08-23,2026-08-20T11:29:28Z,zEY2lx-HB5s,"""What burdens you feeds you"" — Seneca | Stoicism",23,1,2,https://youtube.com/shorts/zEY2lx-HB5s
2026-08-23,2026-08-20T07:56:46Z,RvWp3HWliig,"""One breath first"" — Zeno of Citium | Stoicism",71,0,2,https://youtube.com/shorts/RvWp3HWliig
2026-08-23,2026-08-20T03:54:06Z,hSUHVWbLrUQ,"""Take what comes. Rule 4"" — Marcus Aurelius | Stoicism",25,2,2,https://youtube.com/shorts/hSUHVWbLrUQ
2026-08-23,2026-08-19T11:21:24Z,zwz0ycTJLAA,"""Empty the cup"" — Epictetus | Stoicism",57,0,2,https://youtube.com/shorts/zwz0ycTJLAA
2026-08-23,2026-08-19T08:04:28Z,n17OlR2SgIg,"""Let it age you"" — Musonius Rufus | Stoicism",49,1,4,https://youtube.com/shorts/n17OlR2SgIg
2026-08-23,2026-08-19T03:45:18Z,vI-qVVXn2SU,"""Slow is fine"" — Seneca | Stoicism",650,16,2,https://youtube.com/shorts/vI-qVVXn2SU
2026-08-23,2026-08-18T11:27:17Z,5F2beQEt2UE,"""Rule 21: Be just where no one checks"" — Zeno of Citium | Stoicism",42,1,2,https://youtube.com/shorts/5F2beQEt2UE
2026-08-23,2026-08-18T07:53:48Z,bW1gubDlmAg,"""Nothing gets in"" — Marcus Aurelius | Stoicism",113,3,2,https://youtube.com/shorts/bW1gubDlmAg
2026-08-23,2026-08-23T07:54:18Z,2X1IIRY__ug,"""Color your mind"" — Marcus Aurelius | Stoicism",0,0,2,https://youtube.com/shorts/2X1IIRY__ug
2026-08-23,2026-08-23T03:53:35Z,przOgT-iIN4,"""Who did you snap at"" — Epictetus | Stoicism",0,0,2,https://youtube.com/shorts/przOgT-iIN4
2026-08-23,2026-08-22T11:24:24Z,fTg4HxBsA5M,"""Spend today like it's all you get"" — Musonius Rufus | Stoicism",24,1,2,https://youtube.com/shorts/fTg4HxBsA5M
2026-08-23,2026-08-22T07:45:08Z,kr6p2mAgA9g,"""Loosen the grip"" — Seneca | Stoicism",85,5,2,https://youtube.com/shorts/kr6p2mAgA9g
2026-08-23,2026-08-22T03:47:12Z,CyUzLkphjLc,"""What are you saving for later"" — Zeno of Citium | Stoicism",22,1,2,https://youtube.com/shorts/CyUzLkphjLc
2026-08-23,2026-08-21T23:39:09Z,wIRO1fQqtc8,"""Just this task"" — Marcus Aurelius | Stoicism",35,2,0,https://youtube.com/shorts/wIRO1fQqtc8
2026-08-23,2026-08-21T19:31:58Z,qQhblsJlFfQ,"""Show it"" — Epictetus | Stoicism",31,1,2,https://youtube.com/shorts/qQhblsJlFfQ
2026-08-23,2026-08-21T16:38:08Z,f5j0svA-SGw,"""Fear rules quietly"" — Musonius Rufus | Stoicism",72,5,2,https://youtube.com/shorts/f5j0svA-SGw
2026-08-23,2026-08-20T11:29:28Z,zEY2lx-HB5s,"""What burdens you feeds you"" — Seneca | Stoicism",23,1,2,https://youtube.com/shorts/zEY2lx-HB5s
2026-08-23,2026-08-20T07:56:46Z,RvWp3HWliig,"""One breath first"" — Zeno of Citium | Stoicism",71,0,2,https://youtube.com/shorts/RvWp3HWliig
2026-08-23,2026-08-20T03:54:06Z,hSUHVWbLrUQ,"""Take what comes. Rule 4"" — Marcus Aurelius | Stoicism",25,2,2,https://youtube.com/shorts/hSUHVWbLrUQ
2026-08-23,2026-08-19T11:21:24Z,zwz0ycTJLAA,"""Empty the cup"" — Epictetus | Stoicism",57,0,2,https://youtube.com/shorts/zwz0ycTJLAA
2026-08-23,2026-08-19T08:04:28Z,n17OlR2SgIg,"""Let it age you"" — Musonius Rufus | Stoicism",49,1,4,https://youtube.com/shorts/n17OlR2SgIg
2026-08-23,2026-08-19T03:45:18Z,vI-qVVXn2SU,"""Slow is fine"" — Seneca | Stoicism",650,16,2,https://youtube.com/shorts/vI-qVVXn2SU
2026-08-23,2026-08-18T11:27:17Z,5F2beQEt2UE,"""Rule 21: Be just where no one checks"" — Zeno of Citium | Stoicism",42,1,2,https://youtube.com/shorts/5F2beQEt2UE
2026-08-23,2026-08-23T11:20:37Z,uJkRXHpJ4As,"""Half your fears are guesses"" — Zeno of Citium | Stoicism",0,0,2,https://youtube.com/shorts/uJkRXHpJ4As
2026-08-23,2026-08-23T07:54:18Z,2X1IIRY__ug,"""Color your mind"" — Marcus Aurelius | Stoicism",35,2,2,https://youtube.com/shorts/2X1IIRY__ug
2026-08-23,2026-08-23T03:53:35Z,przOgT-iIN4,"""Who did you snap at"" — Epictetus | Stoicism",10,0,2,https://youtube.com/shorts/przOgT-iIN4
2026-08-23,2026-08-22T11:24:24Z,fTg4HxBsA5M,"""Spend today like it's all you get"" — Musonius Rufus | Stoicism",28,1,2,https://youtube.com/shorts/fTg4HxBsA5M
2026-08-23,2026-08-22T07:45:08Z,kr6p2mAgA9g,"""Loosen the grip"" — Seneca | Stoicism",87,5,2,https://youtube.com/shorts/kr6p2mAgA9g
2026-08-23,2026-08-22T03:47:12Z,CyUzLkphjLc,"""What are you saving for later"" — Zeno of Citium | Stoicism",22,1,2,https://youtube.com/shorts/CyUzLkphjLc
2026-08-23,2026-08-21T23:39:09Z,wIRO1fQqtc8,"""Just this task"" — Marcus Aurelius | Stoicism",36,2,0,https://youtube.com/shorts/wIRO1fQqtc8
2026-08-23,2026-08-21T19:31:58Z,qQhblsJlFfQ,"""Show it"" — Epictetus | Stoicism",31,1,2,https://youtube.com/shorts/qQhblsJlFfQ
2026-08-23,2026-08-21T16:38:08Z,f5j0svA-SGw,"""Fear rules quietly"" — Musonius Rufus | Stoicism",72,5,2,https://youtube.com/shorts/f5j0svA-SGw
2026-08-23,2026-08-20T11:29:28Z,zEY2lx-HB5s,"""What burdens you feeds you"" — Seneca | Stoicism",23,1,2,https://youtube.com/shorts/zEY2lx-HB5s
2026-08-23,2026-08-20T07:56:46Z,RvWp3HWliig,"""One breath first"" — Zeno of Citium | Stoicism",71,0,2,https://youtube.com/shorts/RvWp3HWliig
2026-08-23,2026-08-20T03:54:06Z,hSUHVWbLrUQ,"""Take what comes. Rule 4"" — Marcus Aurelius | Stoicism",25,2,2,https://youtube.com/shorts/hSUHVWbLrUQ
2026-08-23,2026-08-19T11:21:24Z,zwz0ycTJLAA,"""Empty the cup"" — Epictetus | Stoicism",57,0,2,https://youtube.com/shorts/zwz0ycTJLAA
2026-08-23,2026-08-19T08:04:28Z,n17OlR2SgIg,"""Let it age you"" — Musonius Rufus | Stoicism",49,1,4,https://youtube.com/shorts/n17OlR2SgIg
2026-08-23,2026-08-19T03:45:18Z,vI-qVVXn2SU,"""Slow is fine"" — Seneca | Stoicism",650,16,2,https://youtube.com/shorts/vI-qVVXn2SU
2026-08-23,2026-08-23T11:20:37Z,uJkRXHpJ4As,"""Half your fears are guesses"" — Zeno of Citium | Stoicism",16,1,2,https://youtube.com/shorts/uJkRXHpJ4As
2026-08-23,2026-08-23T07:54:18Z,2X1IIRY__ug,"""Color your mind"" — Marcus Aurelius | Stoicism",35,2,2,https://youtube.com/shorts/2X1IIRY__ug
2026-08-23,2026-08-23T03:53:35Z,przOgT-iIN4,"""Who did you snap at"" — Epictetus | Stoicism",10,0,2,https://youtube.com/shorts/przOgT-iIN4
2026-08-23,2026-08-22T11:24:24Z,fTg4HxBsA5M,"""Spend today like it's all you get"" — Musonius Rufus | Stoicism",30,2,2,https://youtube.com/shorts/fTg4HxBsA5M
2026-08-23,2026-08-22T07:45:08Z,kr6p2mAgA9g,"""Loosen the grip"" — Seneca | Stoicism",89,5,2,https://youtube.com/shorts/kr6p2mAgA9g
2026-08-23,2026-08-22T03:47:12Z,CyUzLkphjLc,"""What are you saving for later"" — Zeno of Citium | Stoicism",23,1,2,https://youtube.com/shorts/CyUzLkphjLc
2026-08-23,2026-08-21T23:39:09Z,wIRO1fQqtc8,"""Just this task"" — Marcus Aurelius | Stoicism",36,2,0,https://youtube.com/shorts/wIRO1fQqtc8
2026-08-23,2026-08-21T19:31:58Z,qQhblsJlFfQ,"""Show it"" — Epictetus | Stoicism",31,1,2,https://youtube.com/shorts/qQhblsJlFfQ
2026-08-23,2026-08-21T16:38:08Z,f5j0svA-SGw,"""Fear rules quietly"" — Musonius Rufus | Stoicism",70,5,2,https://youtube.com/shorts/f5j0svA-SGw
2026-08-23,2026-08-20T11:29:28Z,zEY2lx-HB5s,"""What burdens you feeds you"" — Seneca | Stoicism",23,1,2,https://youtube.com/shorts/zEY2lx-HB5s
2026-08-23,2026-08-20T07:56:46Z,RvWp3HWliig,"""One breath first"" — Zeno of Citium | Stoicism",71,0,2,https://youtube.com/shorts/RvWp3HWliig
2026-08-23,2026-08-20T03:54:06Z,hSUHVWbLrUQ,"""Take what comes. Rule 4"" — Marcus Aurelius | Stoicism",25,2,2,https://youtube.com/shorts/hSUHVWbLrUQ
2026-08-23,2026-08-19T11:21:24Z,zwz0ycTJLAA,"""Empty the cup"" — Epictetus | Stoicism",57,0,2,https://youtube.com/shorts/zwz0ycTJLAA
2026-08-23,2026-08-19T08:04:28Z,n17OlR2SgIg,"""Let it age you"" — Musonius Rufus | Stoicism",49,1,4,https://youtube.com/shorts/n17OlR2SgIg
2026-08-23,2026-08-19T03:45:18Z,vI-qVVXn2SU,"""Slow is fine"" — Seneca | Stoicism",650,16,2,https://youtube.com/shorts/vI-qVVXn2SU
2026-08-23,2026-08-23T11:20:37Z,uJkRXHpJ4As,"""Half your fears are guesses"" — Zeno of Citium | Stoicism",26,1,2,https://youtube.com/shorts/uJkRXHpJ4As
2026-08-23,2026-08-23T07:54:18Z,2X1IIRY__ug,"""Color your mind"" — Marcus Aurelius | Stoicism",68,2,2,https://youtube.com/shorts/2X1IIRY__ug
2026-08-23,2026-08-23T03:53:35Z,przOgT-iIN4,"""Who did you snap at"" — Epictetus | Stoicism",12,0,2,https://youtube.com/shorts/przOgT-iIN4
2026-08-23,2026-08-22T11:24:24Z,fTg4HxBsA5M,"""Spend today like it's all you get"" — Musonius Rufus | Stoicism",32,2,2,https://youtube.com/shorts/fTg4HxBsA5M
2026-08-23,2026-08-22T07:45:08Z,kr6p2mAgA9g,"""Loosen the grip"" — Seneca | Stoicism",93,5,2,https://youtube.com/shorts/kr6p2mAgA9g
2026-08-23,2026-08-22T03:47:12Z,CyUzLkphjLc,"""What are you saving for later"" — Zeno of Citium | Stoicism",23,1,2,https://youtube.com/shorts/CyUzLkphjLc
2026-08-23,2026-08-21T23:39:09Z,wIRO1fQqtc8,"""Just this task"" — Marcus Aurelius | Stoicism",36,2,0,https://youtube.com/shorts/wIRO1fQqtc8
2026-08-23,2026-08-21T19:31:58Z,qQhblsJlFfQ,"""Show it"" — Epictetus | Stoicism",31,1,2,https://youtube.com/shorts/qQhblsJlFfQ
2026-08-23,2026-08-21T16:38:08Z,f5j0svA-SGw,"""Fear rules quietly"" — Musonius Rufus | Stoicism",70,5,2,https://youtube.com/shorts/f5j0svA-SGw
2026-08-23,2026-08-20T11:29:28Z,zEY2lx-HB5s,"""What burdens you feeds you"" — Seneca | Stoicism",23,1,2,https://youtube.com/shorts/zEY2lx-HB5s
2026-08-23,2026-08-20T07:56:46Z,RvWp3HWliig,"""One breath first"" — Zeno of Citium | Stoicism",71,0,2,https://youtube.com/shorts/RvWp3HWliig
2026-08-23,2026-08-20T03:54:06Z,hSUHVWbLrUQ,"""Take what comes. Rule 4"" — Marcus Aurelius | Stoicism",25,2,2,https://youtube.com/shorts/hSUHVWbLrUQ
2026-08-23,2026-08-19T11:21:24Z,zwz0ycTJLAA,"""Empty the cup"" — Epictetus | Stoicism",57,0,2,https://youtube.com/shorts/zwz0ycTJLAA
2026-08-23,2026-08-19T08:04:28Z,n17OlR2SgIg,"""Let it age you"" — Musonius Rufus | Stoicism",49,1,4,https://youtube.com/shorts/n17OlR2SgIg
2026-08-23,2026-08-19T03:45:18Z,vI-qVVXn2SU,"""Slow is fine"" — Seneca | Stoicism",650,16,2,https://youtube.com/shorts/vI-qVVXn2SU
2026-08-23,2026-08-23T11:20:37Z,uJkRXHpJ4As,"""Half your fears are guesses"" — Zeno of Citium | Stoicism",26,1,2,https://youtube.com/shorts/uJkRXHpJ4As
2026-08-23,2026-08-23T07:54:18Z,2X1IIRY__ug,"""Color your mind"" — Marcus Aurelius | Stoicism",68,2,2,https://youtube.com/shorts/2X1IIRY__ug
2026-08-23,2026-08-23T03:53:35Z,przOgT-iIN4,"""Who did you snap at"" — Epictetus | Stoicism",12,0,2,https://youtube.com/shorts/przOgT-iIN4
2026-08-23,2026-08-22T11:24:24Z,fTg4HxBsA5M,"""Spend today like it's all you get"" — Musonius Rufus | Stoicism",35,2,2,https://youtube.com/shorts/fTg4HxBsA5M
2026-08-23,2026-08-22T07:45:08Z,kr6p2mAgA9g,"""Loosen the grip"" — Seneca | Stoicism",93,5,2,https://youtube.com/shorts/kr6p2mAgA9g
2026-08-23,2026-08-22T03:47:12Z,CyUzLkphjLc,"""What are you saving for later"" — Zeno of Citium | Stoicism",23,1,2,https://youtube.com/shorts/CyUzLkphjLc
2026-08-23,2026-08-21T23:39:09Z,wIRO1fQqtc8,"""Just this task"" — Marcus Aurelius | Stoicism",36,2,0,https://youtube.com/shorts/wIRO1fQqtc8
2026-08-23,2026-08-21T19:31:58Z,qQhblsJlFfQ,"""Show it"" — Epictetus | Stoicism",31,1,2,https://youtube.com/shorts/qQhblsJlFfQ
2026-08-23,2026-08-21T16:38:08Z,f5j0svA-SGw,"""Fear rules quietly"" — Musonius Rufus | Stoicism",70,5,2,https://youtube.com/shorts/f5j0svA-SGw
2026-08-23,2026-08-20T11:29:28Z,zEY2lx-HB5s,"""What burdens you feeds you"" — Seneca | Stoicism",23,1,2,https://youtube.com/shorts/zEY2lx-HB5s
2026-08-23,2026-08-20T07:56:46Z,RvWp3HWliig,"""One breath first"" — Zeno of Citium | Stoicism",71,0,2,https://youtube.com/shorts/RvWp3HWliig
2026-08-23,2026-08-20T03:54:06Z,hSUHVWbLrUQ,"""Take what comes. Rule 4"" — Marcus Aurelius | Stoicism",25,2,2,https://youtube.com/shorts/hSUHVWbLrUQ
2026-08-23,2026-08-19T11:21:24Z,zwz0ycTJLAA,"""Empty the cup"" — Epictetus | Stoicism",57,0,2,https://youtube.com/shorts/zwz0ycTJLAA
2026-08-23,2026-08-19T08:04:28Z,n17OlR2SgIg,"""Let it age you"" — Musonius Rufus | Stoicism",49,1,4,https://youtube.com/shorts/n17OlR2SgIg
2026-08-23,2026-08-19T03:45:18Z,vI-qVVXn2SU,"""Slow is fine"" — Seneca | Stoicism",650,16,2,https://youtube.com/shorts/vI-qVVXn2SU
2026-08-23,2026-08-23T11:20:37Z,uJkRXHpJ4As,"""Half your fears are guesses"" — Zeno of Citium | Stoicism",26,1,2,https://youtube.com/shorts/uJkRXHpJ4As
2026-08-23,2026-08-23T07:54:18Z,2X1IIRY__ug,"""Color your mind"" — Marcus Aurelius | Stoicism",69,2,2,https://youtube.com/shorts/2X1IIRY__ug
2026-08-23,2026-08-23T03:53:35Z,przOgT-iIN4,"""Who did you snap at"" — Epictetus | Stoicism",13,0,2,https://youtube.com/shorts/przOgT-iIN4
2026-08-23,2026-08-22T11:24:24Z,fTg4HxBsA5M,"""Spend today like it's all you get"" — Musonius Rufus | Stoicism",32,2,2,https://youtube.com/shorts/fTg4HxBsA5M
2026-08-23,2026-08-22T07:45:08Z,kr6p2mAgA9g,"""Loosen the grip"" — Seneca | Stoicism",95,5,2,https://youtube.com/shorts/kr6p2mAgA9g
2026-08-23,2026-08-22T03:47:12Z,CyUzLkphjLc,"""What are you saving for later"" — Zeno of Citium | Stoicism",23,1,2,https://youtube.com/shorts/CyUzLkphjLc
2026-08-23,2026-08-21T23:39:09Z,wIRO1fQqtc8,"""Just this task"" — Marcus Aurelius | Stoicism",36,2,0,https://youtube.com/shorts/wIRO1fQqtc8
2026-08-23,2026-08-21T19:31:58Z,qQhblsJlFfQ,"""Show it"" — Epictetus | Stoicism",32,1,2,https://youtube.com/shorts/qQhblsJlFfQ
2026-08-23,2026-08-21T16:38:08Z,f5j0svA-SGw,"""Fear rules quietly"" — Musonius Rufus | Stoicism",70,5,2,https://youtube.com/shorts/f5j0svA-SGw
2026-08-23,2026-08-20T11:29:28Z,zEY2lx-HB5s,"""What burdens you feeds you"" — Seneca | Stoicism",23,1,2,https://youtube.com/shorts/zEY2lx-HB5s
2026-08-23,2026-08-20T07:56:46Z,RvWp3HWliig,"""One breath first"" — Zeno of Citium | Stoicism",71,0,2,https://youtube.com/shorts/RvWp3HWliig
2026-08-23,2026-08-20T03:54:06Z,hSUHVWbLrUQ,"""Take what comes. Rule 4"" — Marcus Aurelius | Stoicism",25,2,2,https://youtube.com/shorts/hSUHVWbLrUQ
2026-08-23,2026-08-19T11:21:24Z,zwz0ycTJLAA,"""Empty the cup"" — Epictetus | Stoicism",57,0,2,https://youtube.com/shorts/zwz0ycTJLAA
2026-08-23,2026-08-19T08:04:28Z,n17OlR2SgIg,"""Let it age you"" — Musonius Rufus | Stoicism",49,1,4,https://youtube.com/shorts/n17OlR2SgIg
2026-08-23,2026-08-19T03:45:18Z,vI-qVVXn2SU,"""Slow is fine"" — Seneca | Stoicism",650,16,2,https://youtube.com/shorts/vI-qVVXn2SU
2026-08-24,2026-08-23T11:20:37Z,uJkRXHpJ4As,"""Half your fears are guesses"" — Zeno of Citium | Stoicism",26,1,2,https://youtube.com/shorts/uJkRXHpJ4As
2026-08-24,2026-08-23T07:54:18Z,2X1IIRY__ug,"""Color your mind"" — Marcus Aurelius | Stoicism",69,2,2,https://youtube.com/shorts/2X1IIRY__ug
2026-08-24,2026-08-23T03:53:35Z,przOgT-iIN4,"""Who did you snap at"" — Epictetus | Stoicism",14,0,2,https://youtube.com/shorts/przOgT-iIN4
2026-08-24,2026-08-22T11:24:24Z,fTg4HxBsA5M,"""Spend today like it's all you get"" — Musonius Rufus | Stoicism",39,2,2,https://youtube.com/shorts/fTg4HxBsA5M
2026-08-24,2026-08-22T07:45:08Z,kr6p2mAgA9g,"""Loosen the grip"" — Seneca | Stoicism",96,5,2,https://youtube.com/shorts/kr6p2mAgA9g
2026-08-24,2026-08-22T03:47:12Z,CyUzLkphjLc,"""What are you saving for later"" — Zeno of Citium | Stoicism",23,1,2,https://youtube.com/shorts/CyUzLkphjLc
2026-08-24,2026-08-21T23:39:09Z,wIRO1fQqtc8,"""Just this task"" — Marcus Aurelius | Stoicism",36,2,2,https://youtube.com/shorts/wIRO1fQqtc8
2026-08-24,2026-08-21T19:31:58Z,qQhblsJlFfQ,"""Show it"" — Epictetus | Stoicism",32,1,2,https://youtube.com/shorts/qQhblsJlFfQ
2026-08-24,2026-08-21T16:38:08Z,f5j0svA-SGw,"""Fear rules quietly"" — Musonius Rufus | Stoicism",70,5,2,https://youtube.com/shorts/f5j0svA-SGw
2026-08-24,2026-08-20T11:29:28Z,zEY2lx-HB5s,"""What burdens you feeds you"" — Seneca | Stoicism",23,1,2,https://youtube.com/shorts/zEY2lx-HB5s
2026-08-24,2026-08-20T07:56:46Z,RvWp3HWliig,"""One breath first"" — Zeno of Citium | Stoicism",71,0,2,https://youtube.com/shorts/RvWp3HWliig
2026-08-24,2026-08-20T03:54:06Z,hSUHVWbLrUQ,"""Take what comes. Rule 4"" — Marcus Aurelius | Stoicism",25,2,2,https://youtube.com/shorts/hSUHVWbLrUQ
2026-08-24,2026-08-19T11:21:24Z,zwz0ycTJLAA,"""Empty the cup"" — Epictetus | Stoicism",57,0,2,https://youtube.com/shorts/zwz0ycTJLAA
2026-08-24,2026-08-19T08:04:28Z,n17OlR2SgIg,"""Let it age you"" — Musonius Rufus | Stoicism",49,1,4,https://youtube.com/shorts/n17OlR2SgIg
2026-08-24,2026-08-19T03:45:18Z,vI-qVVXn2SU,"""Slow is fine"" — Seneca | Stoicism",650,16,2,https://youtube.com/shorts/vI-qVVXn2SU
2026-08-24,2026-08-24T04:01:30Z,EWLZWPQ7Gwg,"""Who needed you today"" — Seneca | Stoicism",15,0,2,https://youtube.com/shorts/EWLZWPQ7Gwg
2026-08-24,2026-08-23T11:20:37Z,uJkRXHpJ4As,"""Half your fears are guesses"" — Zeno of Citium | Stoicism",26,1,2,https://youtube.com/shorts/uJkRXHpJ4As
2026-08-24,2026-08-23T07:54:18Z,2X1IIRY__ug,"""Color your mind"" — Marcus Aurelius | Stoicism",71,2,2,https://youtube.com/shorts/2X1IIRY__ug
2026-08-24,2026-08-23T03:53:35Z,przOgT-iIN4,"""Who did you snap at"" — Epictetus | Stoicism",16,0,2,https://youtube.com/shorts/przOgT-iIN4
2026-08-24,2026-08-22T11:24:24Z,fTg4HxBsA5M,"""Spend today like it's all you get"" — Musonius Rufus | Stoicism",40,2,2,https://youtube.com/shorts/fTg4HxBsA5M
2026-08-24,2026-08-22T07:45:08Z,kr6p2mAgA9g,"""Loosen the grip"" — Seneca | Stoicism",96,5,2,https://youtube.com/shorts/kr6p2mAgA9g
2026-08-24,2026-08-22T03:47:12Z,CyUzLkphjLc,"""What are you saving for later"" — Zeno of Citium | Stoicism",23,1,2,https://youtube.com/shorts/CyUzLkphjLc
2026-08-24,2026-08-21T23:39:09Z,wIRO1fQqtc8,"""Just this task"" — Marcus Aurelius | Stoicism",36,2,2,https://youtube.com/shorts/wIRO1fQqtc8
2026-08-24,2026-08-21T19:31:58Z,qQhblsJlFfQ,"""Show it"" — Epictetus | Stoicism",32,1,2,https://youtube.com/shorts/qQhblsJlFfQ
2026-08-24,2026-08-21T16:38:08Z,f5j0svA-SGw,"""Fear rules quietly"" — Musonius Rufus | Stoicism",70,5,2,https://youtube.com/shorts/f5j0svA-SGw
2026-08-24,2026-08-20T11:29:28Z,zEY2lx-HB5s,"""What burdens you feeds you"" — Seneca | Stoicism",23,1,2,https://youtube.com/shorts/zEY2lx-HB5s
2026-08-24,2026-08-20T07:56:46Z,RvWp3HWliig,"""One breath first"" — Zeno of Citium | Stoicism",71,0,2,https://youtube.com/shorts/RvWp3HWliig
2026-08-24,2026-08-20T03:54:06Z,hSUHVWbLrUQ,"""Take what comes. Rule 4"" — Marcus Aurelius | Stoicism",25,2,2,https://youtube.com/shorts/hSUHVWbLrUQ
2026-08-24,2026-08-19T11:21:24Z,zwz0ycTJLAA,"""Empty the cup"" — Epictetus | Stoicism",57,0,2,https://youtube.com/shorts/zwz0ycTJLAA
2026-08-24,2026-08-19T08:04:28Z,n17OlR2SgIg,"""Let it age you"" — Musonius Rufus | Stoicism",49,1,4,https://youtube.com/shorts/n17OlR2SgIg
2026-08-24,2026-08-24T04:01:30Z,EWLZWPQ7Gwg,"""Who needed you today"" — Seneca | Stoicism",15,0,2,https://youtube.com/shorts/EWLZWPQ7Gwg
2026-08-24,2026-08-23T11:20:37Z,uJkRXHpJ4As,"""Half your fears are guesses"" — Zeno of Citium | Stoicism",26,1,2,https://youtube.com/shorts/uJkRXHpJ4As
2026-08-24,2026-08-23T07:54:18Z,2X1IIRY__ug,"""Color your mind"" — Marcus Aurelius | Stoicism",71,2,2,https://youtube.com/shorts/2X1IIRY__ug
2026-08-24,2026-08-23T03:53:35Z,przOgT-iIN4,"""Who did you snap at"" — Epictetus | Stoicism",16,0,2,https://youtube.com/shorts/przOgT-iIN4
2026-08-24,2026-08-22T11:24:24Z,fTg4HxBsA5M,"""Spend today like it's all you get"" — Musonius Rufus | Stoicism",40,2,2,https://youtube.com/shorts/fTg4HxBsA5M
2026-08-24,2026-08-22T07:45:08Z,kr6p2mAgA9g,"""Loosen the grip"" — Seneca | Stoicism",97,5,2,https://youtube.com/shorts/kr6p2mAgA9g
2026-08-24,2026-08-22T03:47:12Z,CyUzLkphjLc,"""What are you saving for later"" — Zeno of Citium | Stoicism",23,1,2,https://youtube.com/shorts/CyUzLkphjLc
2026-08-24,2026-08-21T23:39:09Z,wIRO1fQqtc8,"""Just this task"" — Marcus Aurelius | Stoicism",36,2,2,https://youtube.com/shorts/wIRO1fQqtc8
2026-08-24,2026-08-21T19:31:58Z,qQhblsJlFfQ,"""Show it"" — Epictetus | Stoicism",32,1,2,https://youtube.com/shorts/qQhblsJlFfQ
2026-08-24,2026-08-21T16:38:08Z,f5j0svA-SGw,"""Fear rules quietly"" — Musonius Rufus | Stoicism",70,5,2,https://youtube.com/shorts/f5j0svA-SGw
2026-08-24,2026-08-20T11:29:28Z,zEY2lx-HB5s,"""What burdens you feeds you"" — Seneca | Stoicism",23,1,2,https://youtube.com/shorts/zEY2lx-HB5s
2026-08-24,2026-08-20T07:56:46Z,RvWp3HWliig,"""One breath first"" — Zeno of Citium | Stoicism",71,0,2,https://youtube.com/shorts/RvWp3HWliig
2026-08-24,2026-08-20T03:54:06Z,hSUHVWbLrUQ,"""Take what comes. Rule 4"" — Marcus Aurelius | Stoicism",25,2,2,https://youtube.com/shorts/hSUHVWbLrUQ
2026-08-24,2026-08-19T11:21:24Z,zwz0ycTJLAA,"""Empty the cup"" — Epictetus | Stoicism",57,0,2,https://youtube.com/shorts/zwz0ycTJLAA
2026-08-24,2026-08-19T08:04:28Z,n17OlR2SgIg,"""Let it age you"" — Musonius Rufus | Stoicism",49,1,4,https://youtube.com/shorts/n17OlR2SgIg
2026-08-24,2026-08-24T11:28:17Z,1kvCgUmgtM0,"""Rule 4: Keep death in view"" — Epictetus | Stoicism",0,0,2,https://youtube.com/shorts/1kvCgUmgtM0
2026-08-24,2026-08-24T08:10:14Z,V3imKZ73nfM,"""Do it again"" — Musonius Rufus | Stoicism",3,0,2,https://youtube.com/shorts/V3imKZ73nfM
2026-08-24,2026-08-24T04:01:30Z,EWLZWPQ7Gwg,"""Who needed you today"" — Seneca | Stoicism",13,0,2,https://youtube.com/shorts/EWLZWPQ7Gwg
2026-08-24,2026-08-23T11:20:37Z,uJkRXHpJ4As,"""Half your fears are guesses"" — Zeno of Citium | Stoicism",27,1,2,https://youtube.com/shorts/uJkRXHpJ4As
2026-08-24,2026-08-23T07:54:18Z,2X1IIRY__ug,"""Color your mind"" — Marcus Aurelius | Stoicism",72,2,2,https://youtube.com/shorts/2X1IIRY__ug
2026-08-24,2026-08-23T03:53:35Z,przOgT-iIN4,"""Who did you snap at"" — Epictetus | Stoicism",16,0,2,https://youtube.com/shorts/przOgT-iIN4
2026-08-24,2026-08-22T11:24:24Z,fTg4HxBsA5M,"""Spend today like it's all you get"" — Musonius Rufus | Stoicism",42,2,2,https://youtube.com/shorts/fTg4HxBsA5M
2026-08-24,2026-08-22T07:45:08Z,kr6p2mAgA9g,"""Loosen the grip"" — Seneca | Stoicism",97,5,2,https://youtube.com/shorts/kr6p2mAgA9g
2026-08-24,2026-08-22T03:47:12Z,CyUzLkphjLc,"""What are you saving for later"" — Zeno of Citium | Stoicism",23,1,2,https://youtube.com/shorts/CyUzLkphjLc
2026-08-24,2026-08-21T23:39:09Z,wIRO1fQqtc8,"""Just this task"" — Marcus Aurelius | Stoicism",36,2,2,https://youtube.com/shorts/wIRO1fQqtc8
2026-08-24,2026-08-21T19:31:58Z,qQhblsJlFfQ,"""Show it"" — Epictetus | Stoicism",32,1,2,https://youtube.com/shorts/qQhblsJlFfQ
2026-08-24,2026-08-21T16:38:08Z,f5j0svA-SGw,"""Fear rules quietly"" — Musonius Rufus | Stoicism",70,5,2,https://youtube.com/shorts/f5j0svA-SGw
2026-08-24,2026-08-20T11:29:28Z,zEY2lx-HB5s,"""What burdens you feeds you"" — Seneca | Stoicism",23,1,2,https://youtube.com/shorts/zEY2lx-HB5s
2026-08-24,2026-08-20T07:56:46Z,RvWp3HWliig,"""One breath first"" — Zeno of Citium | Stoicism",71,0,2,https://youtube.com/shorts/RvWp3HWliig
2026-08-24,2026-08-20T03:54:06Z,hSUHVWbLrUQ,"""Take what comes. Rule 4"" — Marcus Aurelius | Stoicism",25,2,2,https://youtube.com/shorts/hSUHVWbLrUQ
2026-08-24,2026-08-24T11:28:58Z,1kvCgUmgtM0,"""Rule 4: Keep death in view"" — Epictetus | Stoicism",7,0,2,https://youtube.com/shorts/1kvCgUmgtM0
2026-08-24,2026-08-24T08:10:14Z,V3imKZ73nfM,"""Do it again"" — Musonius Rufus | Stoicism",8,0,2,https://youtube.com/shorts/V3imKZ73nfM
2026-08-24,2026-08-24T04:01:30Z,EWLZWPQ7Gwg,"""Who needed you today"" — Seneca | Stoicism",26,0,2,https://youtube.com/shorts/EWLZWPQ7Gwg
2026-08-24,2026-08-23T11:20:37Z,uJkRXHpJ4As,"""Half your fears are guesses"" — Zeno of Citium | Stoicism",30,1,2,https://youtube.com/shorts/uJkRXHpJ4As
2026-08-24,2026-08-23T07:54:18Z,2X1IIRY__ug,"""Color your mind"" — Marcus Aurelius | Stoicism",72,2,2,https://youtube.com/shorts/2X1IIRY__ug
2026-08-24,2026-08-23T03:53:35Z,przOgT-iIN4,"""Who did you snap at"" — Epictetus | Stoicism",16,0,2,https://youtube.com/shorts/przOgT-iIN4
2026-08-24,2026-08-22T11:24:24Z,fTg4HxBsA5M,"""Spend today like it's all you get"" — Musonius Rufus | Stoicism",42,2,2,https://youtube.com/shorts/fTg4HxBsA5M
2026-08-24,2026-08-22T07:45:08Z,kr6p2mAgA9g,"""Loosen the grip"" — Seneca | Stoicism",97,5,2,https://youtube.com/shorts/kr6p2mAgA9g
2026-08-24,2026-08-22T03:47:12Z,CyUzLkphjLc,"""What are you saving for later"" — Zeno of Citium | Stoicism",23,1,2,https://youtube.com/shorts/CyUzLkphjLc
2026-08-24,2026-08-21T23:39:09Z,wIRO1fQqtc8,"""Just this task"" — Marcus Aurelius | Stoicism",36,2,2,https://youtube.com/shorts/wIRO1fQqtc8
2026-08-24,2026-08-21T19:31:58Z,qQhblsJlFfQ,"""Show it"" — Epictetus | Stoicism",32,1,2,https://youtube.com/shorts/qQhblsJlFfQ
2026-08-24,2026-08-21T16:38:08Z,f5j0svA-SGw,"""Fear rules quietly"" — Musonius Rufus | Stoicism",70,5,2,https://youtube.com/shorts/f5j0svA-SGw
2026-08-24,2026-08-20T11:29:28Z,zEY2lx-HB5s,"""What burdens you feeds you"" — Seneca | Stoicism",23,1,2,https://youtube.com/shorts/zEY2lx-HB5s
2026-08-24,2026-08-20T07:56:46Z,RvWp3HWliig,"""One breath first"" — Zeno of Citium | Stoicism",71,0,2,https://youtube.com/shorts/RvWp3HWliig
2026-08-24,2026-08-20T03:54:06Z,hSUHVWbLrUQ,"""Take what comes. Rule 4"" — Marcus Aurelius | Stoicism",25,2,2,https://youtube.com/shorts/hSUHVWbLrUQ
2026-08-24,2026-08-24T11:28:58Z,1kvCgUmgtM0,"""Rule 4: Keep death in view"" — Epictetus | Stoicism",12,1,2,https://youtube.com/shorts/1kvCgUmgtM0
2026-08-24,2026-08-24T08:10:14Z,V3imKZ73nfM,"""Do it again"" — Musonius Rufus | Stoicism",9,0,2,https://youtube.com/shorts/V3imKZ73nfM
2026-08-24,2026-08-24T04:01:30Z,EWLZWPQ7Gwg,"""Who needed you today"" — Seneca | Stoicism",26,0,2,https://youtube.com/shorts/EWLZWPQ7Gwg
2026-08-24,2026-08-23T11:20:37Z,uJkRXHpJ4As,"""Half your fears are guesses"" — Zeno of Citium | Stoicism",30,1,2,https://youtube.com/shorts/uJkRXHpJ4As
2026-08-24,2026-08-23T07:54:18Z,2X1IIRY__ug,"""Color your mind"" — Marcus Aurelius | Stoicism",72,2,2,https://youtube.com/shorts/2X1IIRY__ug
2026-08-24,2026-08-23T03:53:35Z,przOgT-iIN4,"""Who did you snap at"" — Epictetus | Stoicism",16,0,2,https://youtube.com/shorts/przOgT-iIN4
2026-08-24,2026-08-22T11:24:24Z,fTg4HxBsA5M,"""Spend today like it's all you get"" — Musonius Rufus | Stoicism",42,2,2,https://youtube.com/shorts/fTg4HxBsA5M
2026-08-24,2026-08-22T07:45:08Z,kr6p2mAgA9g,"""Loosen the grip"" — Seneca | Stoicism",97,5,2,https://youtube.com/shorts/kr6p2mAgA9g
2026-08-24,2026-08-22T03:47:12Z,CyUzLkphjLc,"""What are you saving for later"" — Zeno of Citium | Stoicism",23,1,2,https://youtube.com/shorts/CyUzLkphjLc
2026-08-24,2026-08-21T23:39:09Z,wIRO1fQqtc8,"""Just this task"" — Marcus Aurelius | Stoicism",36,2,2,https://youtube.com/shorts/wIRO1fQqtc8
2026-08-24,2026-08-21T19:31:58Z,qQhblsJlFfQ,"""Show it"" — Epictetus | Stoicism",32,1,2,https://youtube.com/shorts/qQhblsJlFfQ
2026-08-24,2026-08-21T16:38:08Z,f5j0svA-SGw,"""Fear rules quietly"" — Musonius Rufus | Stoicism",70,5,2,https://youtube.com/shorts/f5j0svA-SGw
2026-08-24,2026-08-20T11:29:28Z,zEY2lx-HB5s,"""What burdens you feeds you"" — Seneca | Stoicism",23,1,2,https://youtube.com/shorts/zEY2lx-HB5s
2026-08-24,2026-08-20T07:56:46Z,RvWp3HWliig,"""One breath first"" — Zeno of Citium | Stoicism",71,0,2,https://youtube.com/shorts/RvWp3HWliig
2026-08-24,2026-08-20T03:54:06Z,hSUHVWbLrUQ,"""Take what comes. Rule 4"" — Marcus Aurelius | Stoicism",25,2,2,https://youtube.com/shorts/hSUHVWbLrUQ
2026-08-24,2026-08-24T11:28:58Z,1kvCgUmgtM0,"""Rule 4: Keep death in view"" — Epictetus | Stoicism",12,1,2,https://youtube.com/shorts/1kvCgUmgtM0
2026-08-24,2026-08-24T08:10:14Z,V3imKZ73nfM,"""Do it again"" — Musonius Rufus | Stoicism",9,0,2,https://youtube.com/shorts/V3imKZ73nfM
2026-08-24,2026-08-24T04:01:30Z,EWLZWPQ7Gwg,"""Who needed you today"" — Seneca | Stoicism",26,0,2,https://youtube.com/shorts/EWLZWPQ7Gwg
2026-08-24,2026-08-23T11:20:37Z,uJkRXHpJ4As,"""Half your fears are guesses"" — Zeno of Citium | Stoicism",30,1,2,https://youtube.com/shorts/uJkRXHpJ4As
2026-08-24,2026-08-23T07:54:18Z,2X1IIRY__ug,"""Color your mind"" — Marcus Aurelius | Stoicism",73,2,2,https://youtube.com/shorts/2X1IIRY__ug
2026-08-24,2026-08-23T03:53:35Z,przOgT-iIN4,"""Who did you snap at"" — Epictetus | Stoicism",16,0,2,https://youtube.com/shorts/przOgT-iIN4
2026-08-24,2026-08-22T11:24:24Z,fTg4HxBsA5M,"""Spend today like it's all you get"" — Musonius Rufus | Stoicism",42,2,2,https://youtube.com/shorts/fTg4HxBsA5M
2026-08-24,2026-08-22T07:45:08Z,kr6p2mAgA9g,"""Loosen the grip"" — Seneca | Stoicism",97,5,2,https://youtube.com/shorts/kr6p2mAgA9g
2026-08-24,2026-08-22T03:47:12Z,CyUzLkphjLc,"""What are you saving for later"" — Zeno of Citium | Stoicism",23,1,2,https://youtube.com/shorts/CyUzLkphjLc
2026-08-24,2026-08-21T23:39:09Z,wIRO1fQqtc8,"""Just this task"" — Marcus Aurelius | Stoicism",36,2,2,https://youtube.com/shorts/wIRO1fQqtc8
2026-08-24,2026-08-21T19:31:58Z,qQhblsJlFfQ,"""Show it"" — Epictetus | Stoicism",32,1,2,https://youtube.com/shorts/qQhblsJlFfQ
2026-08-24,2026-08-21T16:38:08Z,f5j0svA-SGw,"""Fear rules quietly"" — Musonius Rufus | Stoicism",70,5,2,https://youtube.com/shorts/f5j0svA-SGw
2026-08-24,2026-08-20T11:29:28Z,zEY2lx-HB5s,"""What burdens you feeds you"" — Seneca | Stoicism",23,1,2,https://youtube.com/shorts/zEY2lx-HB5s
2026-08-24,2026-08-20T07:56:46Z,RvWp3HWliig,"""One breath first"" — Zeno of Citium | Stoicism",71,0,2,https://youtube.com/shorts/RvWp3HWliig
2026-08-24,2026-08-20T03:54:06Z,hSUHVWbLrUQ,"""Take what comes. Rule 4"" — Marcus Aurelius | Stoicism",25,2,2,https://youtube.com/shorts/hSUHVWbLrUQ
2026-08-24,2026-08-24T11:28:58Z,1kvCgUmgtM0,"""Rule 4: Keep death in view"" — Epictetus | Stoicism",16,1,2,https://youtube.com/shorts/1kvCgUmgtM0
2026-08-24,2026-08-24T08:10:14Z,V3imKZ73nfM,"""Do it again"" — Musonius Rufus | Stoicism",9,0,2,https://youtube.com/shorts/V3imKZ73nfM
2026-08-24,2026-08-24T04:01:30Z,EWLZWPQ7Gwg,"""Who needed you today"" — Seneca | Stoicism",27,0,2,https://youtube.com/shorts/EWLZWPQ7Gwg
2026-08-24,2026-08-23T11:20:37Z,uJkRXHpJ4As,"""Half your fears are guesses"" — Zeno of Citium | Stoicism",32,1,2,https://youtube.com/shorts/uJkRXHpJ4As
2026-08-24,2026-08-23T07:54:18Z,2X1IIRY__ug,"""Color your mind"" — Marcus Aurelius | Stoicism",74,2,2,https://youtube.com/shorts/2X1IIRY__ug
2026-08-24,2026-08-23T03:53:35Z,przOgT-iIN4,"""Who did you snap at"" — Epictetus | Stoicism",16,0,2,https://youtube.com/shorts/przOgT-iIN4
2026-08-24,2026-08-22T11:24:24Z,fTg4HxBsA5M,"""Spend today like it's all you get"" — Musonius Rufus | Stoicism",42,2,2,https://youtube.com/shorts/fTg4HxBsA5M
2026-08-24,2026-08-22T07:45:08Z,kr6p2mAgA9g,"""Loosen the grip"" — Seneca | Stoicism",97,5,2,https://youtube.com/shorts/kr6p2mAgA9g
2026-08-24,2026-08-22T03:47:12Z,CyUzLkphjLc,"""What are you saving for later"" — Zeno of Citium | Stoicism",23,1,2,https://youtube.com/shorts/CyUzLkphjLc
2026-08-24,2026-08-21T23:39:09Z,wIRO1fQqtc8,"""Just this task"" — Marcus Aurelius | Stoicism",36,2,2,https://youtube.com/shorts/wIRO1fQqtc8
2026-08-24,2026-08-21T19:31:58Z,qQhblsJlFfQ,"""Show it"" — Epictetus | Stoicism",34,1,2,https://youtube.com/shorts/qQhblsJlFfQ
2026-08-24,2026-08-21T16:38:08Z,f5j0svA-SGw,"""Fear rules quietly"" — Musonius Rufus | Stoicism",70,5,2,https://youtube.com/shorts/f5j0svA-SGw
2026-08-24,2026-08-20T11:29:28Z,zEY2lx-HB5s,"""What burdens you feeds you"" — Seneca | Stoicism",23,1,2,https://youtube.com/shorts/zEY2lx-HB5s
2026-08-24,2026-08-20T07:56:46Z,RvWp3HWliig,"""One breath first"" — Zeno of Citium | Stoicism",71,0,2,https://youtube.com/shorts/RvWp3HWliig
2026-08-24,2026-08-20T03:54:06Z,hSUHVWbLrUQ,"""Take what comes. Rule 4"" — Marcus Aurelius | Stoicism",25,2,2,https://youtube.com/shorts/hSUHVWbLrUQ
2026-08-25,2026-08-24T11:28:58Z,1kvCgUmgtM0,"""Rule 4: Keep death in view"" — Epictetus | Stoicism",17,1,2,https://youtube.com/shorts/1kvCgUmgtM0
2026-08-25,2026-08-24T08:10:14Z,V3imKZ73nfM,"""Do it again"" — Musonius Rufus | Stoicism",11,0,2,https://youtube.com/shorts/V3imKZ73nfM
2026-08-25,2026-08-24T04:01:30Z,EWLZWPQ7Gwg,"""Who needed you today"" — Seneca | Stoicism",28,0,2,https://youtube.com/shorts/EWLZWPQ7Gwg
2026-08-25,2026-08-23T11:20:37Z,uJkRXHpJ4As,"""Half your fears are guesses"" — Zeno of Citium | Stoicism",33,1,2,https://youtube.com/shorts/uJkRXHpJ4As
2026-08-25,2026-08-23T07:54:18Z,2X1IIRY__ug,"""Color your mind"" — Marcus Aurelius | Stoicism",75,2,2,https://youtube.com/shorts/2X1IIRY__ug
2026-08-25,2026-08-23T03:53:35Z,przOgT-iIN4,"""Who did you snap at"" — Epictetus | Stoicism",16,0,2,https://youtube.com/shorts/przOgT-iIN4
2026-08-25,2026-08-22T11:24:24Z,fTg4HxBsA5M,"""Spend today like it's all you get"" — Musonius Rufus | Stoicism",42,2,2,https://youtube.com/shorts/fTg4HxBsA5M
2026-08-25,2026-08-22T07:45:08Z,kr6p2mAgA9g,"""Loosen the grip"" — Seneca | Stoicism",98,5,2,https://youtube.com/shorts/kr6p2mAgA9g
2026-08-25,2026-08-22T03:47:12Z,CyUzLkphjLc,"""What are you saving for later"" — Zeno of Citium | Stoicism",24,1,2,https://youtube.com/shorts/CyUzLkphjLc
2026-08-25,2026-08-21T23:39:09Z,wIRO1fQqtc8,"""Just this task"" — Marcus Aurelius | Stoicism",36,2,2,https://youtube.com/shorts/wIRO1fQqtc8
2026-08-25,2026-08-21T19:31:58Z,qQhblsJlFfQ,"""Show it"" — Epictetus | Stoicism",34,1,2,https://youtube.com/shorts/qQhblsJlFfQ
2026-08-25,2026-08-21T16:38:08Z,f5j0svA-SGw,"""Fear rules quietly"" — Musonius Rufus | Stoicism",70,5,2,https://youtube.com/shorts/f5j0svA-SGw
2026-08-25,2026-08-20T11:29:28Z,zEY2lx-HB5s,"""What burdens you feeds you"" — Seneca | Stoicism",23,1,2,https://youtube.com/shorts/zEY2lx-HB5s
2026-08-25,2026-08-20T07:56:46Z,RvWp3HWliig,"""One breath first"" — Zeno of Citium | Stoicism",71,0,2,https://youtube.com/shorts/RvWp3HWliig
2026-08-25,2026-08-20T03:54:06Z,hSUHVWbLrUQ,"""Take what comes. Rule 4"" — Marcus Aurelius | Stoicism",25,2,2,https://youtube.com/shorts/hSUHVWbLrUQ
2026-08-25,2026-08-25T08:01:06Z,kIjqfJvj3Ps,"""Stop forcing it"" — Zeno of Citium | Stoicism",0,0,2,https://youtube.com/shorts/kIjqfJvj3Ps
2026-08-25,2026-08-25T03:51:41Z,e7jx6OFXAD4,"""Still need to be right"" — Marcus Aurelius | Stoicism",36,1,2,https://youtube.com/shorts/e7jx6OFXAD4
2026-08-25,2026-08-24T11:28:58Z,1kvCgUmgtM0,"""Rule 4: Keep death in view"" — Epictetus | Stoicism",18,1,2,https://youtube.com/shorts/1kvCgUmgtM0
2026-08-25,2026-08-24T08:10:14Z,V3imKZ73nfM,"""Do it again"" — Musonius Rufus | Stoicism",12,0,2,https://youtube.com/shorts/V3imKZ73nfM
2026-08-25,2026-08-24T04:01:30Z,EWLZWPQ7Gwg,"""Who needed you today"" — Seneca | Stoicism",28,0,2,https://youtube.com/shorts/EWLZWPQ7Gwg
2026-08-25,2026-08-23T11:20:37Z,uJkRXHpJ4As,"""Half your fears are guesses"" — Zeno of Citium | Stoicism",33,1,2,https://youtube.com/shorts/uJkRXHpJ4As
2026-08-25,2026-08-23T07:54:18Z,2X1IIRY__ug,"""Color your mind"" — Marcus Aurelius | Stoicism",75,2,2,https://youtube.com/shorts/2X1IIRY__ug
2026-08-25,2026-08-23T03:53:35Z,przOgT-iIN4,"""Who did you snap at"" — Epictetus | Stoicism",16,0,2,https://youtube.com/shorts/przOgT-iIN4
2026-08-25,2026-08-22T11:24:24Z,fTg4HxBsA5M,"""Spend today like it's all you get"" — Musonius Rufus | Stoicism",42,2,2,https://youtube.com/shorts/fTg4HxBsA5M
2026-08-25,2026-08-22T07:45:08Z,kr6p2mAgA9g,"""Loosen the grip"" — Seneca | Stoicism",98,5,2,https://youtube.com/shorts/kr6p2mAgA9g
2026-08-25,2026-08-22T03:47:12Z,CyUzLkphjLc,"""What are you saving for later"" — Zeno of Citium | Stoicism",24,1,2,https://youtube.com/shorts/CyUzLkphjLc
2026-08-25,2026-08-21T23:39:09Z,wIRO1fQqtc8,"""Just this task"" — Marcus Aurelius | Stoicism",36,2,2,https://youtube.com/shorts/wIRO1fQqtc8
2026-08-25,2026-08-21T19:31:58Z,qQhblsJlFfQ,"""Show it"" — Epictetus | Stoicism",34,1,2,https://youtube.com/shorts/qQhblsJlFfQ
2026-08-25,2026-08-21T16:38:08Z,f5j0svA-SGw,"""Fear rules quietly"" — Musonius Rufus | Stoicism",70,5,2,https://youtube.com/shorts/f5j0svA-SGw
2026-08-25,2026-08-20T11:29:28Z,zEY2lx-HB5s,"""What burdens you feeds you"" — Seneca | Stoicism",23,1,2,https://youtube.com/shorts/zEY2lx-HB5s
2026-08-25,2026-08-25T08:01:35Z,kIjqfJvj3Ps,"""Stop forcing it"" — Zeno of Citium | Stoicism",40,1,2,https://youtube.com/shorts/kIjqfJvj3Ps
2026-08-25,2026-08-25T03:51:41Z,e7jx6OFXAD4,"""Still need to be right"" — Marcus Aurelius | Stoicism",46,1,2,https://youtube.com/shorts/e7jx6OFXAD4
2026-08-25,2026-08-24T11:28:58Z,1kvCgUmgtM0,"""Rule 4: Keep death in view"" — Epictetus | Stoicism",18,1,2,https://youtube.com/shorts/1kvCgUmgtM0
2026-08-25,2026-08-24T08:10:14Z,V3imKZ73nfM,"""Do it again"" — Musonius Rufus | Stoicism",13,0,2,https://youtube.com/shorts/V3imKZ73nfM
2026-08-25,2026-08-24T04:01:30Z,EWLZWPQ7Gwg,"""Who needed you today"" — Seneca | Stoicism",29,0,2,https://youtube.com/shorts/EWLZWPQ7Gwg
2026-08-25,2026-08-23T11:20:37Z,uJkRXHpJ4As,"""Half your fears are guesses"" — Zeno of Citium | Stoicism",33,1,2,https://youtube.com/shorts/uJkRXHpJ4As
2026-08-25,2026-08-23T07:54:18Z,2X1IIRY__ug,"""Color your mind"" — Marcus Aurelius | Stoicism",75,2,2,https://youtube.com/shorts/2X1IIRY__ug
2026-08-25,2026-08-23T03:53:35Z,przOgT-iIN4,"""Who did you snap at"" — Epictetus | Stoicism",16,0,2,https://youtube.com/shorts/przOgT-iIN4
2026-08-25,2026-08-22T11:24:24Z,fTg4HxBsA5M,"""Spend today like it's all you get"" — Musonius Rufus | Stoicism",42,2,2,https://youtube.com/shorts/fTg4HxBsA5M
2026-08-25,2026-08-22T07:45:08Z,kr6p2mAgA9g,"""Loosen the grip"" — Seneca | Stoicism",98,5,2,https://youtube.com/shorts/kr6p2mAgA9g
2026-08-25,2026-08-22T03:47:12Z,CyUzLkphjLc,"""What are you saving for later"" — Zeno of Citium | Stoicism",24,1,2,https://youtube.com/shorts/CyUzLkphjLc
2026-08-25,2026-08-21T23:39:09Z,wIRO1fQqtc8,"""Just this task"" — Marcus Aurelius | Stoicism",36,2,2,https://youtube.com/shorts/wIRO1fQqtc8
2026-08-25,2026-08-21T19:31:58Z,qQhblsJlFfQ,"""Show it"" — Epictetus | Stoicism",34,1,2,https://youtube.com/shorts/qQhblsJlFfQ
2026-08-25,2026-08-21T16:38:08Z,f5j0svA-SGw,"""Fear rules quietly"" — Musonius Rufus | Stoicism",70,5,2,https://youtube.com/shorts/f5j0svA-SGw
2026-08-25,2026-08-20T11:29:28Z,zEY2lx-HB5s,"""What burdens you feeds you"" — Seneca | Stoicism",23,1,2,https://youtube.com/shorts/zEY2lx-HB5s
2026-08-25,2026-08-25T11:26:32Z,Q5NRu0nzkPg,"""Give it a minute"" — Seneca | Stoicism",13,1,2,https://youtube.com/shorts/Q5NRu0nzkPg
2026-08-25,2026-08-25T08:01:35Z,kIjqfJvj3Ps,"""Stop forcing it"" — Zeno of Citium | Stoicism",63,3,2,https://youtube.com/shorts/kIjqfJvj3Ps
2026-08-25,2026-08-25T03:51:41Z,e7jx6OFXAD4,"""Still need to be right"" — Marcus Aurelius | Stoicism",48,1,2,https://youtube.com/shorts/e7jx6OFXAD4
2026-08-25,2026-08-24T11:28:58Z,1kvCgUmgtM0,"""Rule 4: Keep death in view"" — Epictetus | Stoicism",18,1,2,https://youtube.com/shorts/1kvCgUmgtM0
2026-08-25,2026-08-24T08:10:14Z,V3imKZ73nfM,"""Do it again"" — Musonius Rufus | Stoicism",13,0,2,https://youtube.com/shorts/V3imKZ73nfM
2026-08-25,2026-08-24T04:01:30Z,EWLZWPQ7Gwg,"""Who needed you today"" — Seneca | Stoicism",29,0,2,https://youtube.com/shorts/EWLZWPQ7Gwg
2026-08-25,2026-08-23T11:20:37Z,uJkRXHpJ4As,"""Half your fears are guesses"" — Zeno of Citium | Stoicism",33,1,2,https://youtube.com/shorts/uJkRXHpJ4As
2026-08-25,2026-08-23T07:54:18Z,2X1IIRY__ug,"""Color your mind"" — Marcus Aurelius | Stoicism",75,2,2,https://youtube.com/shorts/2X1IIRY__ug
2026-08-25,2026-08-23T03:53:35Z,przOgT-iIN4,"""Who did you snap at"" — Epictetus | Stoicism",15,0,2,https://youtube.com/shorts/przOgT-iIN4
2026-08-25,2026-08-22T11:24:24Z,fTg4HxBsA5M,"""Spend today like it's all you get"" — Musonius Rufus | Stoicism",41,2,2,https://youtube.com/shorts/fTg4HxBsA5M
2026-08-25,2026-08-22T07:45:08Z,kr6p2mAgA9g,"""Loosen the grip"" — Seneca | Stoicism",98,5,2,https://youtube.com/shorts/kr6p2mAgA9g
2026-08-25,2026-08-22T03:47:12Z,CyUzLkphjLc,"""What are you saving for later"" — Zeno of Citium | Stoicism",24,1,2,https://youtube.com/shorts/CyUzLkphjLc
2026-08-25,2026-08-21T23:39:09Z,wIRO1fQqtc8,"""Just this task"" — Marcus Aurelius | Stoicism",36,2,2,https://youtube.com/shorts/wIRO1fQqtc8
2026-08-25,2026-08-21T19:31:58Z,qQhblsJlFfQ,"""Show it"" — Epictetus | Stoicism",34,1,2,https://youtube.com/shorts/qQhblsJlFfQ
2026-08-25,2026-08-21T16:38:08Z,f5j0svA-SGw,"""Fear rules quietly"" — Musonius Rufus | Stoicism",70,5,2,https://youtube.com/shorts/f5j0svA-SGw
2026-08-25,2026-08-25T11:26:32Z,Q5NRu0nzkPg,"""Give it a minute"" — Seneca | Stoicism",25,1,2,https://youtube.com/shorts/Q5NRu0nzkPg
2026-08-25,2026-08-25T08:01:35Z,kIjqfJvj3Ps,"""Stop forcing it"" — Zeno of Citium | Stoicism",64,3,2,https://youtube.com/shorts/kIjqfJvj3Ps
2026-08-25,2026-08-25T03:51:41Z,e7jx6OFXAD4,"""Still need to be right"" — Marcus Aurelius | Stoicism",48,1,2,https://youtube.com/shorts/e7jx6OFXAD4
2026-08-25,2026-08-24T11:28:58Z,1kvCgUmgtM0,"""Rule 4: Keep death in view"" — Epictetus | Stoicism",18,1,2,https://youtube.com/shorts/1kvCgUmgtM0
2026-08-25,2026-08-24T08:10:14Z,V3imKZ73nfM,"""Do it again"" — Musonius Rufus | Stoicism",13,0,2,https://youtube.com/shorts/V3imKZ73nfM
2026-08-25,2026-08-24T04:01:30Z,EWLZWPQ7Gwg,"""Who needed you today"" — Seneca | Stoicism",28,0,2,https://youtube.com/shorts/EWLZWPQ7Gwg
2026-08-25,2026-08-23T11:20:37Z,uJkRXHpJ4As,"""Half your fears are guesses"" — Zeno of Citium | Stoicism",33,1,2,https://youtube.com/shorts/uJkRXHpJ4As
2026-08-25,2026-08-23T07:54:18Z,2X1IIRY__ug,"""Color your mind"" — Marcus Aurelius | Stoicism",75,2,2,https://youtube.com/shorts/2X1IIRY__ug
2026-08-25,2026-08-23T03:53:35Z,przOgT-iIN4,"""Who did you snap at"" — Epictetus | Stoicism",15,0,2,https://youtube.com/shorts/przOgT-iIN4
2026-08-25,2026-08-22T11:24:24Z,fTg4HxBsA5M,"""Spend today like it's all you get"" — Musonius Rufus | Stoicism",41,2,2,https://youtube.com/shorts/fTg4HxBsA5M
2026-08-25,2026-08-22T07:45:08Z,kr6p2mAgA9g,"""Loosen the grip"" — Seneca | Stoicism",98,5,2,https://youtube.com/shorts/kr6p2mAgA9g
2026-08-25,2026-08-22T03:47:12Z,CyUzLkphjLc,"""What are you saving for later"" — Zeno of Citium | Stoicism",24,1,2,https://youtube.com/shorts/CyUzLkphjLc
2026-08-25,2026-08-21T23:39:09Z,wIRO1fQqtc8,"""Just this task"" — Marcus Aurelius | Stoicism",36,2,2,https://youtube.com/shorts/wIRO1fQqtc8
2026-08-25,2026-08-21T19:31:58Z,qQhblsJlFfQ,"""Show it"" — Epictetus | Stoicism",34,1,2,https://youtube.com/shorts/qQhblsJlFfQ
2026-08-25,2026-08-21T16:38:08Z,f5j0svA-SGw,"""Fear rules quietly"" — Musonius Rufus | Stoicism",70,5,2,https://youtube.com/shorts/f5j0svA-SGw
2026-08-25,2026-08-25T11:26:32Z,Q5NRu0nzkPg,"""Give it a minute"" — Seneca | Stoicism",25,1,2,https://youtube.com/shorts/Q5NRu0nzkPg
2026-08-25,2026-08-25T08:01:35Z,kIjqfJvj3Ps,"""Stop forcing it"" — Zeno of Citium | Stoicism",64,3,2,https://youtube.com/shorts/kIjqfJvj3Ps
2026-08-25,2026-08-25T03:51:41Z,e7jx6OFXAD4,"""Still need to be right"" — Marcus Aurelius | Stoicism",48,1,2,https://youtube.com/shorts/e7jx6OFXAD4
2026-08-25,2026-08-24T11:28:58Z,1kvCgUmgtM0,"""Rule 4: Keep death in view"" — Epictetus | Stoicism",18,1,2,https://youtube.com/shorts/1kvCgUmgtM0
2026-08-25,2026-08-24T08:10:14Z,V3imKZ73nfM,"""Do it again"" — Musonius Rufus | Stoicism",13,0,2,https://youtube.com/shorts/V3imKZ73nfM
2026-08-25,2026-08-24T04:01:30Z,EWLZWPQ7Gwg,"""Who needed you today"" — Seneca | Stoicism",28,0,2,https://youtube.com/shorts/EWLZWPQ7Gwg
2026-08-25,2026-08-23T11:20:37Z,uJkRXHpJ4As,"""Half your fears are guesses"" — Zeno of Citium | Stoicism",33,1,2,https://youtube.com/shorts/uJkRXHpJ4As
2026-08-25,2026-08-23T07:54:18Z,2X1IIRY__ug,"""Color your mind"" — Marcus Aurelius | Stoicism",75,2,2,https://youtube.com/shorts/2X1IIRY__ug
2026-08-25,2026-08-23T03:53:35Z,przOgT-iIN4,"""Who did you snap at"" — Epictetus | Stoicism",15,0,2,https://youtube.com/shorts/przOgT-iIN4
2026-08-25,2026-08-22T11:24:24Z,fTg4HxBsA5M,"""Spend today like it's all you get"" — Musonius Rufus | Stoicism",41,2,2,https://youtube.com/shorts/fTg4HxBsA5M
2026-08-25,2026-08-22T07:45:08Z,kr6p2mAgA9g,"""Loosen the grip"" — Seneca | Stoicism",98,5,2,https://youtube.com/shorts/kr6p2mAgA9g
2026-08-25,2026-08-22T03:47:12Z,CyUzLkphjLc,"""What are you saving for later"" — Zeno of Citium | Stoicism",24,1,2,https://youtube.com/shorts/CyUzLkphjLc
2026-08-25,2026-08-21T23:39:09Z,wIRO1fQqtc8,"""Just this task"" — Marcus Aurelius | Stoicism",36,2,2,https://youtube.com/shorts/wIRO1fQqtc8
2026-08-25,2026-08-21T19:31:58Z,qQhblsJlFfQ,"""Show it"" — Epictetus | Stoicism",34,1,2,https://youtube.com/shorts/qQhblsJlFfQ
2026-08-25,2026-08-21T16:38:08Z,f5j0svA-SGw,"""Fear rules quietly"" — Musonius Rufus | Stoicism",70,5,2,https://youtube.com/shorts/f5j0svA-SGw
2026-08-25,2026-08-25T11:26:32Z,Q5NRu0nzkPg,"""Give it a minute"" — Seneca | Stoicism",25,1,2,https://youtube.com/shorts/Q5NRu0nzkPg
2026-08-25,2026-08-25T08:01:35Z,kIjqfJvj3Ps,"""Stop forcing it"" — Zeno of Citium | Stoicism",65,3,2,https://youtube.com/shorts/kIjqfJvj3Ps
2026-08-25,2026-08-25T03:51:41Z,e7jx6OFXAD4,"""Still need to be right"" — Marcus Aurelius | Stoicism",47,1,2,https://youtube.com/shorts/e7jx6OFXAD4
2026-08-25,2026-08-24T11:28:58Z,1kvCgUmgtM0,"""Rule 4: Keep death in view"" — Epictetus | Stoicism",19,1,2,https://youtube.com/shorts/1kvCgUmgtM0
2026-08-25,2026-08-24T08:10:14Z,V3imKZ73nfM,"""Do it again"" — Musonius Rufus | Stoicism",13,0,2,https://youtube.com/shorts/V3imKZ73nfM
2026-08-25,2026-08-24T04:01:30Z,EWLZWPQ7Gwg,"""Who needed you today"" — Seneca | Stoicism",28,0,2,https://youtube.com/shorts/EWLZWPQ7Gwg
2026-08-25,2026-08-23T11:20:37Z,uJkRXHpJ4As,"""Half your fears are guesses"" — Zeno of Citium | Stoicism",33,1,2,https://youtube.com/shorts/uJkRXHpJ4As
2026-08-25,2026-08-23T07:54:18Z,2X1IIRY__ug,"""Color your mind"" — Marcus Aurelius | Stoicism",75,2,2,https://youtube.com/shorts/2X1IIRY__ug
2026-08-25,2026-08-23T03:53:35Z,przOgT-iIN4,"""Who did you snap at"" — Epictetus | Stoicism",15,0,2,https://youtube.com/shorts/przOgT-iIN4
2026-08-25,2026-08-22T11:24:24Z,fTg4HxBsA5M,"""Spend today like it's all you get"" — Musonius Rufus | Stoicism",41,2,2,https://youtube.com/shorts/fTg4HxBsA5M
2026-08-25,2026-08-22T07:45:08Z,kr6p2mAgA9g,"""Loosen the grip"" — Seneca | Stoicism",98,5,2,https://youtube.com/shorts/kr6p2mAgA9g
2026-08-25,2026-08-22T03:47:12Z,CyUzLkphjLc,"""What are you saving for later"" — Zeno of Citium | Stoicism",24,1,2,https://youtube.com/shorts/CyUzLkphjLc
2026-08-25,2026-08-21T23:39:09Z,wIRO1fQqtc8,"""Just this task"" — Marcus Aurelius | Stoicism",36,2,2,https://youtube.com/shorts/wIRO1fQqtc8
2026-08-25,2026-08-21T19:31:58Z,qQhblsJlFfQ,"""Show it"" — Epictetus | Stoicism",34,1,2,https://youtube.com/shorts/qQhblsJlFfQ
2026-08-25,2026-08-21T16:38:08Z,f5j0svA-SGw,"""Fear rules quietly"" — Musonius Rufus | Stoicism",70,5,2,https://youtube.com/shorts/f5j0svA-SGw
2026-08-26,2026-08-26T04:02:00Z,H-xFLcNuIwU,"""What broke you today"" — Musonius Rufus | Stoicism",0,0,2,https://youtube.com/shorts/H-xFLcNuIwU
2026-08-26,2026-08-25T11:26:32Z,Q5NRu0nzkPg,"""Give it a minute"" — Seneca | Stoicism",25,1,2,https://youtube.com/shorts/Q5NRu0nzkPg
2026-08-26,2026-08-25T08:01:35Z,kIjqfJvj3Ps,"""Stop forcing it"" — Zeno of Citium | Stoicism",67,3,2,https://youtube.com/shorts/kIjqfJvj3Ps
2026-08-26,2026-08-25T03:51:41Z,e7jx6OFXAD4,"""Still need to be right"" — Marcus Aurelius | Stoicism",48,1,2,https://youtube.com/shorts/e7jx6OFXAD4
2026-08-26,2026-08-24T11:28:58Z,1kvCgUmgtM0,"""Rule 4: Keep death in view"" — Epictetus | Stoicism",19,1,2,https://youtube.com/shorts/1kvCgUmgtM0
2026-08-26,2026-08-24T08:10:14Z,V3imKZ73nfM,"""Do it again"" — Musonius Rufus | Stoicism",13,0,2,https://youtube.com/shorts/V3imKZ73nfM
2026-08-26,2026-08-24T04:01:30Z,EWLZWPQ7Gwg,"""Who needed you today"" — Seneca | Stoicism",28,0,2,https://youtube.com/shorts/EWLZWPQ7Gwg
2026-08-26,2026-08-23T11:20:37Z,uJkRXHpJ4As,"""Half your fears are guesses"" — Zeno of Citium | Stoicism",33,1,2,https://youtube.com/shorts/uJkRXHpJ4As
2026-08-26,2026-08-23T07:54:18Z,2X1IIRY__ug,"""Color your mind"" — Marcus Aurelius | Stoicism",75,2,2,https://youtube.com/shorts/2X1IIRY__ug
2026-08-26,2026-08-23T03:53:35Z,przOgT-iIN4,"""Who did you snap at"" — Epictetus | Stoicism",15,0,2,https://youtube.com/shorts/przOgT-iIN4
2026-08-26,2026-08-22T11:24:24Z,fTg4HxBsA5M,"""Spend today like it's all you get"" — Musonius Rufus | Stoicism",41,2,2,https://youtube.com/shorts/fTg4HxBsA5M
2026-08-26,2026-08-22T07:45:08Z,kr6p2mAgA9g,"""Loosen the grip"" — Seneca | Stoicism",98,5,2,https://youtube.com/shorts/kr6p2mAgA9g
2026-08-26,2026-08-22T03:47:12Z,CyUzLkphjLc,"""What are you saving for later"" — Zeno of Citium | Stoicism",24,1,2,https://youtube.com/shorts/CyUzLkphjLc
2026-08-26,2026-08-21T23:39:09Z,wIRO1fQqtc8,"""Just this task"" — Marcus Aurelius | Stoicism",36,2,2,https://youtube.com/shorts/wIRO1fQqtc8
2026-08-26,2026-08-21T19:31:58Z,qQhblsJlFfQ,"""Show it"" — Epictetus | Stoicism",34,1,2,https://youtube.com/shorts/qQhblsJlFfQ
2026-08-26,2026-08-21T16:38:08Z,f5j0svA-SGw,"""Fear rules quietly"" — Musonius Rufus | Stoicism",70,5,2,https://youtube.com/shorts/f5j0svA-SGw
2026-08-26,2026-08-20T11:29:28Z,zEY2lx-HB5s,"""What burdens you feeds you"" — Seneca | Stoicism",23,1,2,https://youtube.com/shorts/zEY2lx-HB5s
2026-08-26,2026-08-20T07:56:46Z,RvWp3HWliig,"""One breath first"" — Zeno of Citium | Stoicism",71,0,2,https://youtube.com/shorts/RvWp3HWliig
2026-08-26,2026-08-20T03:54:06Z,hSUHVWbLrUQ,"""Take what comes. Rule 4"" — Marcus Aurelius | Stoicism",25,2,2,https://youtube.com/shorts/hSUHVWbLrUQ
2026-08-26,2026-08-19T11:21:24Z,zwz0ycTJLAA,"""Empty the cup"" — Epictetus | Stoicism",57,0,2,https://youtube.com/shorts/zwz0ycTJLAA
2026-08-26,2026-08-19T08:04:28Z,n17OlR2SgIg,"""Let it age you"" — Musonius Rufus | Stoicism",49,1,4,https://youtube.com/shorts/n17OlR2SgIg
2026-08-26,2026-08-19T03:45:18Z,vI-qVVXn2SU,"""Slow is fine"" — Seneca | Stoicism",650,16,2,https://youtube.com/shorts/vI-qVVXn2SU
2026-08-26,2026-08-18T11:27:17Z,5F2beQEt2UE,"""Rule 21: Be just where no one checks"" — Zeno of Citium | Stoicism",42,1,2,https://youtube.com/shorts/5F2beQEt2UE
2026-08-26,2026-08-18T07:53:48Z,bW1gubDlmAg,"""Nothing gets in"" — Marcus Aurelius | Stoicism",113,3,2,https://youtube.com/shorts/bW1gubDlmAg
2026-08-26,2026-08-18T03:51:24Z,QHjtbg9mEfs,"""This is the test"" — Epictetus | Stoicism",67,3,2,https://youtube.com/shorts/QHjtbg9mEfs
2026-08-26,2026-08-17T11:22:34Z,gQgITV9h1WI,"""The harder win"" — Musonius Rufus | Stoicism",334,8,2,https://youtube.com/shorts/gQgITV9h1WI
2026-08-26,2026-08-17T08:13:33Z,40uJE--rZhg,"""Stop dragging the world"" — Seneca | Stoicism",41,1,2,https://youtube.com/shorts/40uJE--rZhg
2026-08-26,2026-08-17T03:48:47Z,VRvQUEOBVSc,"""Drop the act"" — Zeno of Citium | Stoicism",267,6,2,https://youtube.com/shorts/VRvQUEOBVSc
2026-08-26,2026-08-16T11:22:27Z,UehZvwaZWSM,"""Start from zero"" — Marcus Aurelius | Stoicism",122,1,2,https://youtube.com/shorts/UehZvwaZWSM
2026-08-26,2026-08-16T07:48:11Z,9xJqvFBwaSQ,"""Rule 14: Let it ripen slowly"" — Epictetus | Stoicism",13,0,2,https://youtube.com/shorts/9xJqvFBwaSQ
2026-08-26,2026-08-16T03:55:30Z,ZZZAoiailGA,"""Justice starts closer than you think"" — Musonius Rufus | Stoicism",58,3,2,https://youtube.com/shorts/ZZZAoiailGA
2026-08-26,2026-08-15T11:17:35Z,QdN51yPIys8,"""Meet it early"" — Seneca | Stoicism",58,2,2,https://youtube.com/shorts/QdN51yPIys8
2026-08-26,2026-08-15T07:49:22Z,d8POTCrUSuk,"""Rule 31: Take the hit and stay standing"" — Zeno of Citium | Stoicism",99,1,2,https://youtube.com/shorts/d8POTCrUSuk
2026-08-26,2026-08-15T03:42:29Z,zDvyxWor3Aw,"""Don't become it"" — Marcus Aurelius | Stoicism",703,35,2,https://youtube.com/shorts/zDvyxWor3Aw
2026-08-26,2026-08-14T11:48:34Z,44ndbnteVQ4,"""If you can't fix it tonight—"" — Epictetus | Stoicism",21,2,2,https://youtube.com/shorts/44ndbnteVQ4
2026-08-26,2026-08-14T08:33:14Z,yIgmnlMn8Yo,"""Rule 5: Own nothing you didn't build"" — Musonius Rufus | Stoicism",121,5,2,https://youtube.com/shorts/yIgmnlMn8Yo
2026-08-26,2026-08-14T05:00:28Z,D0GX5G2EK2o,"""He counted his days like coins"" — Seneca | Stoicism",40,1,2,https://youtube.com/shorts/D0GX5G2EK2o
2026-08-26,2026-08-13T11:44:57Z,uCYwL47CEtI,"""Nothing terrible here"" — Zeno of Citium | Stoicism",58,3,2,https://youtube.com/shorts/uCYwL47CEtI
2026-08-26,2026-08-13T08:43:58Z,cGGfKXhcbtk,"""Answer to yourself"" — Marcus Aurelius | Stoicism",93,1,2,https://youtube.com/shorts/cGGfKXhcbtk
2026-08-26,2026-08-13T04:57:28Z,Xlbq2aBt5W8,"""If today felt thankless—"" — Epictetus | Stoicism",15,1,2,https://youtube.com/shorts/Xlbq2aBt5W8
2026-08-26,2026-08-12T11:51:40Z,SsipBXrnSjM,"""Rule 24: Carry his faults quietly"" — Musonius Rufus | Stoicism",45,1,2,https://youtube.com/shorts/SsipBXrnSjM
2026-08-26,2026-08-12T08:35:51Z,tGmooVvt-bQ,"""His enemy already held the throne"" — Seneca | Stoicism",41,1,2,https://youtube.com/shorts/tGmooVvt-bQ
2026-08-26,2026-08-12T04:53:15Z,nUgDtEcNS04,"""Nothing can force you"" — Zeno of Citium | Stoicism",360,12,2,https://youtube.com/shorts/nUgDtEcNS04
2026-08-26,2026-08-11T11:44:19Z,UAtmv79K-yg,"""Weigh what you chase"" — Marcus Aurelius | Stoicism",39,2,2,https://youtube.com/shorts/UAtmv79K-yg
2026-08-26,2026-08-11T08:28:21Z,7uSSDaHmxII,"""Still clenching your jaw"" — Epictetus | Stoicism",23,0,2,https://youtube.com/shorts/7uSSDaHmxII
2026-08-26,2026-08-11T04:23:22Z,z_vD6ymLa9I,"""Rule 19: Stop fighting what's already fixed"" — Musonius Rufus | Stoicism",31,1,2,https://youtube.com/shorts/z_vD6ymLa9I
2026-08-26,2026-08-10T09:03:05Z,IKub-zaJyVY,"""The advisor who owned half of Rome"" — Seneca | Stoicism",41,1,2,https://youtube.com/shorts/IKub-zaJyVY
2026-08-26,2026-08-10T04:30:27Z,vhJfUrDC8wk,"""Same ending. All of us"" — Zeno of Citium | Stoicism",139,2,2,https://youtube.com/shorts/vhJfUrDC8wk
2026-08-26,2026-08-10T00:42:48Z,x7pWacebp1E,"""The source is inside"" — Marcus Aurelius | Stoicism",60,1,2,https://youtube.com/shorts/x7pWacebp1E
2026-08-26,2026-08-09T11:27:39Z,4DLKY3xg7DU,"""Nobody thanked you today—"" — Epictetus | Stoicism",179,3,2,https://youtube.com/shorts/4DLKY3xg7DU
2026-08-26,2026-08-26T08:08:33Z,uQVkBsOMYQw,"""The terror is added"" — Epictetus | Stoicism",0,0,2,https://youtube.com/shorts/uQVkBsOMYQw
2026-08-26,2026-08-26T04:02:44Z,H-xFLcNuIwU,"""What broke you today"" — Musonius Rufus | Stoicism",6,0,2,https://youtube.com/shorts/H-xFLcNuIwU
2026-08-26,2026-08-25T11:26:32Z,Q5NRu0nzkPg,"""Give it a minute"" — Seneca | Stoicism",27,1,2,https://youtube.com/shorts/Q5NRu0nzkPg
2026-08-26,2026-08-25T08:01:35Z,kIjqfJvj3Ps,"""Stop forcing it"" — Zeno of Citium | Stoicism",71,3,2,https://youtube.com/shorts/kIjqfJvj3Ps
2026-08-26,2026-08-25T03:51:41Z,e7jx6OFXAD4,"""Still need to be right"" — Marcus Aurelius | Stoicism",50,1,2,https://youtube.com/shorts/e7jx6OFXAD4
2026-08-26,2026-08-24T11:28:58Z,1kvCgUmgtM0,"""Rule 4: Keep death in view"" — Epictetus | Stoicism",20,1,2,https://youtube.com/shorts/1kvCgUmgtM0
2026-08-26,2026-08-24T08:10:14Z,V3imKZ73nfM,"""Do it again"" — Musonius Rufus | Stoicism",14,0,2,https://youtube.com/shorts/V3imKZ73nfM
2026-08-26,2026-08-24T04:01:30Z,EWLZWPQ7Gwg,"""Who needed you today"" — Seneca | Stoicism",29,0,2,https://youtube.com/shorts/EWLZWPQ7Gwg
2026-08-26,2026-08-23T11:20:37Z,uJkRXHpJ4As,"""Half your fears are guesses"" — Zeno of Citium | Stoicism",33,1,2,https://youtube.com/shorts/uJkRXHpJ4As
2026-08-26,2026-08-23T07:54:18Z,2X1IIRY__ug,"""Color your mind"" — Marcus Aurelius | Stoicism",75,2,2,https://youtube.com/shorts/2X1IIRY__ug
2026-08-26,2026-08-23T03:53:35Z,przOgT-iIN4,"""Who did you snap at"" — Epictetus | Stoicism",15,0,2,https://youtube.com/shorts/przOgT-iIN4
2026-08-26,2026-08-22T11:24:24Z,fTg4HxBsA5M,"""Spend today like it's all you get"" — Musonius Rufus | Stoicism",41,2,2,https://youtube.com/shorts/fTg4HxBsA5M
2026-08-26,2026-08-22T07:45:08Z,kr6p2mAgA9g,"""Loosen the grip"" — Seneca | Stoicism",98,5,2,https://youtube.com/shorts/kr6p2mAgA9g
2026-08-26,2026-08-22T03:47:12Z,CyUzLkphjLc,"""What are you saving for later"" — Zeno of Citium | Stoicism",24,1,2,https://youtube.com/shorts/CyUzLkphjLc
2026-08-26,2026-08-21T23:39:09Z,wIRO1fQqtc8,"""Just this task"" — Marcus Aurelius | Stoicism",36,2,2,https://youtube.com/shorts/wIRO1fQqtc8
2026-08-26,2026-08-21T19:31:58Z,qQhblsJlFfQ,"""Show it"" — Epictetus | Stoicism",34,1,2,https://youtube.com/shorts/qQhblsJlFfQ
2026-08-26,2026-08-21T16:38:08Z,f5j0svA-SGw,"""Fear rules quietly"" — Musonius Rufus | Stoicism",70,5,2,https://youtube.com/shorts/f5j0svA-SGw
2026-08-26,2026-08-20T11:29:28Z,zEY2lx-HB5s,"""What burdens you feeds you"" — Seneca | Stoicism",23,1,2,https://youtube.com/shorts/zEY2lx-HB5s
2026-08-26,2026-08-20T07:56:46Z,RvWp3HWliig,"""One breath first"" — Zeno of Citium | Stoicism",71,0,2,https://youtube.com/shorts/RvWp3HWliig
2026-08-26,2026-08-20T03:54:06Z,hSUHVWbLrUQ,"""Take what comes. Rule 4"" — Marcus Aurelius | Stoicism",25,2,2,https://youtube.com/shorts/hSUHVWbLrUQ
2026-08-26,2026-08-19T11:21:24Z,zwz0ycTJLAA,"""Empty the cup"" — Epictetus | Stoicism",57,0,2,https://youtube.com/shorts/zwz0ycTJLAA
2026-08-26,2026-08-19T08:04:28Z,n17OlR2SgIg,"""Let it age you"" — Musonius Rufus | Stoicism",49,1,4,https://youtube.com/shorts/n17OlR2SgIg
2026-08-26,2026-08-19T03:45:18Z,vI-qVVXn2SU,"""Slow is fine"" — Seneca | Stoicism",650,16,2,https://youtube.com/shorts/vI-qVVXn2SU
2026-08-26,2026-08-18T11:27:17Z,5F2beQEt2UE,"""Rule 21: Be just where no one checks"" — Zeno of Citium | Stoicism",42,1,2,https://youtube.com/shorts/5F2beQEt2UE
2026-08-26,2026-08-18T07:53:48Z,bW1gubDlmAg,"""Nothing gets in"" — Marcus Aurelius | Stoicism",113,3,2,https://youtube.com/shorts/bW1gubDlmAg
2026-08-26,2026-08-18T03:51:24Z,QHjtbg9mEfs,"""This is the test"" — Epictetus | Stoicism",67,3,2,https://youtube.com/shorts/QHjtbg9mEfs
2026-08-26,2026-08-17T11:22:34Z,gQgITV9h1WI,"""The harder win"" — Musonius Rufus | Stoicism",334,8,2,https://youtube.com/shorts/gQgITV9h1WI
2026-08-26,2026-08-17T08:13:33Z,40uJE--rZhg,"""Stop dragging the world"" — Seneca | Stoicism",41,1,2,https://youtube.com/shorts/40uJE--rZhg
2026-08-26,2026-08-17T03:48:47Z,VRvQUEOBVSc,"""Drop the act"" — Zeno of Citium | Stoicism",267,6,2,https://youtube.com/shorts/VRvQUEOBVSc
2026-08-26,2026-08-16T11:22:27Z,UehZvwaZWSM,"""Start from zero"" — Marcus Aurelius | Stoicism",122,1,2,https://youtube.com/shorts/UehZvwaZWSM
2026-08-26,2026-08-16T07:48:11Z,9xJqvFBwaSQ,"""Rule 14: Let it ripen slowly"" — Epictetus | Stoicism",13,0,2,https://youtube.com/shorts/9xJqvFBwaSQ
2026-08-26,2026-08-16T03:55:30Z,ZZZAoiailGA,"""Justice starts closer than you think"" — Musonius Rufus | Stoicism",58,3,2,https://youtube.com/shorts/ZZZAoiailGA
2026-08-26,2026-08-15T11:17:35Z,QdN51yPIys8,"""Meet it early"" — Seneca | Stoicism",58,2,2,https://youtube.com/shorts/QdN51yPIys8
2026-08-26,2026-08-15T07:49:22Z,d8POTCrUSuk,"""Rule 31: Take the hit and stay standing"" — Zeno of Citium | Stoicism",99,1,2,https://youtube.com/shorts/d8POTCrUSuk
2026-08-26,2026-08-15T03:42:29Z,zDvyxWor3Aw,"""Don't become it"" — Marcus Aurelius | Stoicism",703,35,2,https://youtube.com/shorts/zDvyxWor3Aw
2026-08-26,2026-08-14T11:48:34Z,44ndbnteVQ4,"""If you can't fix it tonight—"" — Epictetus | Stoicism",21,2,2,https://youtube.com/shorts/44ndbnteVQ4
2026-08-26,2026-08-14T08:33:14Z,yIgmnlMn8Yo,"""Rule 5: Own nothing you didn't build"" — Musonius Rufus | Stoicism",121,5,2,https://youtube.com/shorts/yIgmnlMn8Yo
2026-08-26,2026-08-14T05:00:28Z,D0GX5G2EK2o,"""He counted his days like coins"" — Seneca | Stoicism",40,1,2,https://youtube.com/shorts/D0GX5G2EK2o
2026-08-26,2026-08-13T11:44:57Z,uCYwL47CEtI,"""Nothing terrible here"" — Zeno of Citium | Stoicism",58,3,2,https://youtube.com/shorts/uCYwL47CEtI
2026-08-26,2026-08-13T08:43:58Z,cGGfKXhcbtk,"""Answer to yourself"" — Marcus Aurelius | Stoicism",93,1,2,https://youtube.com/shorts/cGGfKXhcbtk
2026-08-26,2026-08-13T04:57:28Z,Xlbq2aBt5W8,"""If today felt thankless—"" — Epictetus | Stoicism",15,1,2,https://youtube.com/shorts/Xlbq2aBt5W8
2026-08-26,2026-08-12T11:51:40Z,SsipBXrnSjM,"""Rule 24: Carry his faults quietly"" — Musonius Rufus | Stoicism",45,1,2,https://youtube.com/shorts/SsipBXrnSjM
2026-08-26,2026-08-12T08:35:51Z,tGmooVvt-bQ,"""His enemy already held the throne"" — Seneca | Stoicism",41,1,2,https://youtube.com/shorts/tGmooVvt-bQ
2026-08-26,2026-08-12T04:53:15Z,nUgDtEcNS04,"""Nothing can force you"" — Zeno of Citium | Stoicism",360,12,2,https://youtube.com/shorts/nUgDtEcNS04
2026-08-26,2026-08-11T11:44:19Z,UAtmv79K-yg,"""Weigh what you chase"" — Marcus Aurelius | Stoicism",39,2,2,https://youtube.com/shorts/UAtmv79K-yg
2026-08-26,2026-08-11T08:28:21Z,7uSSDaHmxII,"""Still clenching your jaw"" — Epictetus | Stoicism",23,0,2,https://youtube.com/shorts/7uSSDaHmxII
2026-08-26,2026-08-11T04:23:22Z,z_vD6ymLa9I,"""Rule 19: Stop fighting what's already fixed"" — Musonius Rufus | Stoicism",31,1,2,https://youtube.com/shorts/z_vD6ymLa9I
2026-08-26,2026-08-10T09:03:05Z,IKub-zaJyVY,"""The advisor who owned half of Rome"" — Seneca | Stoicism",41,1,2,https://youtube.com/shorts/IKub-zaJyVY
2026-08-26,2026-08-10T04:30:27Z,vhJfUrDC8wk,"""Same ending. All of us"" — Zeno of Citium | Stoicism",139,2,2,https://youtube.com/shorts/vhJfUrDC8wk
2026-08-26,2026-08-10T00:42:48Z,x7pWacebp1E,"""The source is inside"" — Marcus Aurelius | Stoicism",60,1,2,https://youtube.com/shorts/x7pWacebp1E
2026-08-26,2026-08-26T11:32:44Z,71r-XlkpT3E,"""Serve without applause. Rule 28"" — Marcus Aurelius | Stoicism",0,0,2,https://youtube.com/shorts/71r-XlkpT3E
2026-08-26,2026-08-26T08:09:05Z,uQVkBsOMYQw,"""The terror is added"" — Epictetus | Stoicism",189,5,2,https://youtube.com/shorts/uQVkBsOMYQw
2026-08-26,2026-08-26T04:02:44Z,H-xFLcNuIwU,"""What broke you today"" — Musonius Rufus | Stoicism",20,0,2,https://youtube.com/shorts/H-xFLcNuIwU
2026-08-26,2026-08-25T11:26:32Z,Q5NRu0nzkPg,"""Give it a minute"" — Seneca | Stoicism",27,1,2,https://youtube.com/shorts/Q5NRu0nzkPg
2026-08-26,2026-08-25T08:01:35Z,kIjqfJvj3Ps,"""Stop forcing it"" — Zeno of Citium | Stoicism",73,3,2,https://youtube.com/shorts/kIjqfJvj3Ps
2026-08-26,2026-08-25T03:51:41Z,e7jx6OFXAD4,"""Still need to be right"" — Marcus Aurelius | Stoicism",50,1,2,https://youtube.com/shorts/e7jx6OFXAD4
2026-08-26,2026-08-24T11:28:58Z,1kvCgUmgtM0,"""Rule 4: Keep death in view"" — Epictetus | Stoicism",20,1,2,https://youtube.com/shorts/1kvCgUmgtM0
2026-08-26,2026-08-24T08:10:14Z,V3imKZ73nfM,"""Do it again"" — Musonius Rufus | Stoicism",14,0,2,https://youtube.com/shorts/V3imKZ73nfM
2026-08-26,2026-08-24T04:01:30Z,EWLZWPQ7Gwg,"""Who needed you today"" — Seneca | Stoicism",29,0,2,https://youtube.com/shorts/EWLZWPQ7Gwg
2026-08-26,2026-08-23T11:20:37Z,uJkRXHpJ4As,"""Half your fears are guesses"" — Zeno of Citium | Stoicism",33,1,2,https://youtube.com/shorts/uJkRXHpJ4As
2026-08-26,2026-08-23T07:54:18Z,2X1IIRY__ug,"""Color your mind"" — Marcus Aurelius | Stoicism",75,2,2,https://youtube.com/shorts/2X1IIRY__ug
2026-08-26,2026-08-23T03:53:35Z,przOgT-iIN4,"""Who did you snap at"" — Epictetus | Stoicism",15,0,2,https://youtube.com/shorts/przOgT-iIN4
2026-08-26,2026-08-22T11:24:24Z,fTg4HxBsA5M,"""Spend today like it's all you get"" — Musonius Rufus | Stoicism",41,2,2,https://youtube.com/shorts/fTg4HxBsA5M
2026-08-26,2026-08-22T07:45:08Z,kr6p2mAgA9g,"""Loosen the grip"" — Seneca | Stoicism",98,5,2,https://youtube.com/shorts/kr6p2mAgA9g
2026-08-26,2026-08-22T03:47:12Z,CyUzLkphjLc,"""What are you saving for later"" — Zeno of Citium | Stoicism",24,1,2,https://youtube.com/shorts/CyUzLkphjLc
2026-08-26,2026-08-21T23:39:09Z,wIRO1fQqtc8,"""Just this task"" — Marcus Aurelius | Stoicism",36,2,2,https://youtube.com/shorts/wIRO1fQqtc8
2026-08-26,2026-08-21T19:31:58Z,qQhblsJlFfQ,"""Show it"" — Epictetus | Stoicism",34,1,2,https://youtube.com/shorts/qQhblsJlFfQ
2026-08-26,2026-08-21T16:38:08Z,f5j0svA-SGw,"""Fear rules quietly"" — Musonius Rufus | Stoicism",70,5,2,https://youtube.com/shorts/f5j0svA-SGw
2026-08-26,2026-08-20T11:29:28Z,zEY2lx-HB5s,"""What burdens you feeds you"" — Seneca | Stoicism",23,1,2,https://youtube.com/shorts/zEY2lx-HB5s
2026-08-26,2026-08-20T07:56:46Z,RvWp3HWliig,"""One breath first"" — Zeno of Citium | Stoicism",71,0,2,https://youtube.com/shorts/RvWp3HWliig
2026-08-26,2026-08-20T03:54:06Z,hSUHVWbLrUQ,"""Take what comes. Rule 4"" — Marcus Aurelius | Stoicism",25,2,2,https://youtube.com/shorts/hSUHVWbLrUQ
2026-08-26,2026-08-19T11:21:24Z,zwz0ycTJLAA,"""Empty the cup"" — Epictetus | Stoicism",57,0,2,https://youtube.com/shorts/zwz0ycTJLAA
2026-08-26,2026-08-19T08:04:28Z,n17OlR2SgIg,"""Let it age you"" — Musonius Rufus | Stoicism",49,1,4,https://youtube.com/shorts/n17OlR2SgIg
2026-08-26,2026-08-19T03:45:18Z,vI-qVVXn2SU,"""Slow is fine"" — Seneca | Stoicism",650,16,2,https://youtube.com/shorts/vI-qVVXn2SU
2026-08-26,2026-08-18T11:27:17Z,5F2beQEt2UE,"""Rule 21: Be just where no one checks"" — Zeno of Citium | Stoicism",42,1,2,https://youtube.com/shorts/5F2beQEt2UE
2026-08-26,2026-08-18T07:53:48Z,bW1gubDlmAg,"""Nothing gets in"" — Marcus Aurelius | Stoicism",113,3,2,https://youtube.com/shorts/bW1gubDlmAg
2026-08-26,2026-08-18T03:51:24Z,QHjtbg9mEfs,"""This is the test"" — Epictetus | Stoicism",67,3,2,https://youtube.com/shorts/QHjtbg9mEfs
2026-08-26,2026-08-17T11:22:34Z,gQgITV9h1WI,"""The harder win"" — Musonius Rufus | Stoicism",334,8,2,https://youtube.com/shorts/gQgITV9h1WI
2026-08-26,2026-08-17T08:13:33Z,40uJE--rZhg,"""Stop dragging the world"" — Seneca | Stoicism",41,1,2,https://youtube.com/shorts/40uJE--rZhg
2026-08-26,2026-08-17T03:48:47Z,VRvQUEOBVSc,"""Drop the act"" — Zeno of Citium | Stoicism",267,6,2,https://youtube.com/shorts/VRvQUEOBVSc
2026-08-26,2026-08-16T11:22:27Z,UehZvwaZWSM,"""Start from zero"" — Marcus Aurelius | Stoicism",122,1,2,https://youtube.com/shorts/UehZvwaZWSM
2026-08-26,2026-08-16T07:48:11Z,9xJqvFBwaSQ,"""Rule 14: Let it ripen slowly"" — Epictetus | Stoicism",13,0,2,https://youtube.com/shorts/9xJqvFBwaSQ
2026-08-26,2026-08-16T03:55:30Z,ZZZAoiailGA,"""Justice starts closer than you think"" — Musonius Rufus | Stoicism",58,3,2,https://youtube.com/shorts/ZZZAoiailGA
2026-08-26,2026-08-15T11:17:35Z,QdN51yPIys8,"""Meet it early"" — Seneca | Stoicism",58,2,2,https://youtube.com/shorts/QdN51yPIys8
2026-08-26,2026-08-15T07:49:22Z,d8POTCrUSuk,"""Rule 31: Take the hit and stay standing"" — Zeno of Citium | Stoicism",99,1,2,https://youtube.com/shorts/d8POTCrUSuk
2026-08-26,2026-08-15T03:42:29Z,zDvyxWor3Aw,"""Don't become it"" — Marcus Aurelius | Stoicism",703,35,2,https://youtube.com/shorts/zDvyxWor3Aw
2026-08-26,2026-08-14T11:48:34Z,44ndbnteVQ4,"""If you can't fix it tonight—"" — Epictetus | Stoicism",21,2,2,https://youtube.com/shorts/44ndbnteVQ4
2026-08-26,2026-08-14T08:33:14Z,yIgmnlMn8Yo,"""Rule 5: Own nothing you didn't build"" — Musonius Rufus | Stoicism",121,5,2,https://youtube.com/shorts/yIgmnlMn8Yo
2026-08-26,2026-08-14T05:00:28Z,D0GX5G2EK2o,"""He counted his days like coins"" — Seneca | Stoicism",40,1,2,https://youtube.com/shorts/D0GX5G2EK2o
2026-08-26,2026-08-13T11:44:57Z,uCYwL47CEtI,"""Nothing terrible here"" — Zeno of Citium | Stoicism",58,3,2,https://youtube.com/shorts/uCYwL47CEtI
2026-08-26,2026-08-13T08:43:58Z,cGGfKXhcbtk,"""Answer to yourself"" — Marcus Aurelius | Stoicism",93,1,2,https://youtube.com/shorts/cGGfKXhcbtk
2026-08-26,2026-08-13T04:57:28Z,Xlbq2aBt5W8,"""If today felt thankless—"" — Epictetus | Stoicism",15,1,2,https://youtube.com/shorts/Xlbq2aBt5W8
2026-08-26,2026-08-12T11:51:40Z,SsipBXrnSjM,"""Rule 24: Carry his faults quietly"" — Musonius Rufus | Stoicism",45,1,2,https://youtube.com/shorts/SsipBXrnSjM
2026-08-26,2026-08-12T08:35:51Z,tGmooVvt-bQ,"""His enemy already held the throne"" — Seneca | Stoicism",41,1,2,https://youtube.com/shorts/tGmooVvt-bQ
2026-08-26,2026-08-12T04:53:15Z,nUgDtEcNS04,"""Nothing can force you"" — Zeno of Citium | Stoicism",360,12,2,https://youtube.com/shorts/nUgDtEcNS04
2026-08-26,2026-08-11T11:44:19Z,UAtmv79K-yg,"""Weigh what you chase"" — Marcus Aurelius | Stoicism",39,2,2,https://youtube.com/shorts/UAtmv79K-yg
2026-08-26,2026-08-11T08:28:21Z,7uSSDaHmxII,"""Still clenching your jaw"" — Epictetus | Stoicism",23,0,2,https://youtube.com/shorts/7uSSDaHmxII
2026-08-26,2026-08-11T04:23:22Z,z_vD6ymLa9I,"""Rule 19: Stop fighting what's already fixed"" — Musonius Rufus | Stoicism",31,1,2,https://youtube.com/shorts/z_vD6ymLa9I
2026-08-26,2026-08-10T09:03:05Z,IKub-zaJyVY,"""The advisor who owned half of Rome"" — Seneca | Stoicism",41,1,2,https://youtube.com/shorts/IKub-zaJyVY
2026-08-26,2026-08-10T04:30:27Z,vhJfUrDC8wk,"""Same ending. All of us"" — Zeno of Citium | Stoicism",139,2,2,https://youtube.com/shorts/vhJfUrDC8wk
2026-08-26,2026-08-26T11:33:15Z,71r-XlkpT3E,"""Serve without applause. Rule 28"" — Marcus Aurelius | Stoicism",15,0,2,https://youtube.com/shorts/71r-XlkpT3E
2026-08-26,2026-08-26T08:09:05Z,uQVkBsOMYQw,"""The terror is added"" — Epictetus | Stoicism",221,4,2,https://youtube.com/shorts/uQVkBsOMYQw
2026-08-26,2026-08-26T04:02:44Z,H-xFLcNuIwU,"""What broke you today"" — Musonius Rufus | Stoicism",19,0,2,https://youtube.com/shorts/H-xFLcNuIwU
2026-08-26,2026-08-25T11:26:32Z,Q5NRu0nzkPg,"""Give it a minute"" — Seneca | Stoicism",29,1,2,https://youtube.com/shorts/Q5NRu0nzkPg
2026-08-26,2026-08-25T08:01:35Z,kIjqfJvj3Ps,"""Stop forcing it"" — Zeno of Citium | Stoicism",75,3,2,https://youtube.com/shorts/kIjqfJvj3Ps
2026-08-26,2026-08-25T03:51:41Z,e7jx6OFXAD4,"""Still need to be right"" — Marcus Aurelius | Stoicism",51,1,2,https://youtube.com/shorts/e7jx6OFXAD4
2026-08-26,2026-08-24T11:28:58Z,1kvCgUmgtM0,"""Rule 4: Keep death in view"" — Epictetus | Stoicism",21,1,2,https://youtube.com/shorts/1kvCgUmgtM0
2026-08-26,2026-08-24T08:10:14Z,V3imKZ73nfM,"""Do it again"" — Musonius Rufus | Stoicism",14,0,2,https://youtube.com/shorts/V3imKZ73nfM
2026-08-26,2026-08-24T04:01:30Z,EWLZWPQ7Gwg,"""Who needed you today"" — Seneca | Stoicism",29,0,2,https://youtube.com/shorts/EWLZWPQ7Gwg
2026-08-26,2026-08-23T11:20:37Z,uJkRXHpJ4As,"""Half your fears are guesses"" — Zeno of Citium | Stoicism",33,1,2,https://youtube.com/shorts/uJkRXHpJ4As
2026-08-26,2026-08-23T07:54:18Z,2X1IIRY__ug,"""Color your mind"" — Marcus Aurelius | Stoicism",75,2,2,https://youtube.com/shorts/2X1IIRY__ug
2026-08-26,2026-08-23T03:53:35Z,przOgT-iIN4,"""Who did you snap at"" — Epictetus | Stoicism",15,0,2,https://youtube.com/shorts/przOgT-iIN4
2026-08-26,2026-08-22T11:24:24Z,fTg4HxBsA5M,"""Spend today like it's all you get"" — Musonius Rufus | Stoicism",41,2,2,https://youtube.com/shorts/fTg4HxBsA5M
2026-08-26,2026-08-22T07:45:08Z,kr6p2mAgA9g,"""Loosen the grip"" — Seneca | Stoicism",98,5,2,https://youtube.com/shorts/kr6p2mAgA9g
2026-08-26,2026-08-22T03:47:12Z,CyUzLkphjLc,"""What are you saving for later"" — Zeno of Citium | Stoicism",24,1,2,https://youtube.com/shorts/CyUzLkphjLc
2026-08-26,2026-08-21T23:39:09Z,wIRO1fQqtc8,"""Just this task"" — Marcus Aurelius | Stoicism",36,2,2,https://youtube.com/shorts/wIRO1fQqtc8
2026-08-26,2026-08-21T19:31:58Z,qQhblsJlFfQ,"""Show it"" — Epictetus | Stoicism",34,1,2,https://youtube.com/shorts/qQhblsJlFfQ
2026-08-26,2026-08-21T16:38:08Z,f5j0svA-SGw,"""Fear rules quietly"" — Musonius Rufus | Stoicism",70,5,2,https://youtube.com/shorts/f5j0svA-SGw
2026-08-26,2026-08-20T11:29:28Z,zEY2lx-HB5s,"""What burdens you feeds you"" — Seneca | Stoicism",23,1,2,https://youtube.com/shorts/zEY2lx-HB5s
2026-08-26,2026-08-20T07:56:46Z,RvWp3HWliig,"""One breath first"" — Zeno of Citium | Stoicism",71,0,2,https://youtube.com/shorts/RvWp3HWliig
2026-08-26,2026-08-20T03:54:06Z,hSUHVWbLrUQ,"""Take what comes. Rule 4"" — Marcus Aurelius | Stoicism",25,2,2,https://youtube.com/shorts/hSUHVWbLrUQ
2026-08-26,2026-08-19T11:21:24Z,zwz0ycTJLAA,"""Empty the cup"" — Epictetus | Stoicism",57,0,2,https://youtube.com/shorts/zwz0ycTJLAA
2026-08-26,2026-08-19T08:04:28Z,n17OlR2SgIg,"""Let it age you"" — Musonius Rufus | Stoicism",49,1,4,https://youtube.com/shorts/n17OlR2SgIg
2026-08-26,2026-08-19T03:45:18Z,vI-qVVXn2SU,"""Slow is fine"" — Seneca | Stoicism",650,16,2,https://youtube.com/shorts/vI-qVVXn2SU
2026-08-26,2026-08-18T11:27:17Z,5F2beQEt2UE,"""Rule 21: Be just where no one checks"" — Zeno of Citium | Stoicism",42,1,2,https://youtube.com/shorts/5F2beQEt2UE
2026-08-26,2026-08-18T07:53:48Z,bW1gubDlmAg,"""Nothing gets in"" — Marcus Aurelius | Stoicism",113,3,2,https://youtube.com/shorts/bW1gubDlmAg
2026-08-26,2026-08-18T03:51:24Z,QHjtbg9mEfs,"""This is the test"" — Epictetus | Stoicism",67,3,2,https://youtube.com/shorts/QHjtbg9mEfs
2026-08-26,2026-08-17T11:22:34Z,gQgITV9h1WI,"""The harder win"" — Musonius Rufus | Stoicism",334,8,2,https://youtube.com/shorts/gQgITV9h1WI
2026-08-26,2026-08-17T08:13:33Z,40uJE--rZhg,"""Stop dragging the world"" — Seneca | Stoicism",41,1,2,https://youtube.com/shorts/40uJE--rZhg
2026-08-26,2026-08-17T03:48:47Z,VRvQUEOBVSc,"""Drop the act"" — Zeno of Citium | Stoicism",267,6,2,https://youtube.com/shorts/VRvQUEOBVSc
2026-08-26,2026-08-16T11:22:27Z,UehZvwaZWSM,"""Start from zero"" — Marcus Aurelius | Stoicism",122,1,2,https://youtube.com/shorts/UehZvwaZWSM
2026-08-26,2026-08-16T07:48:11Z,9xJqvFBwaSQ,"""Rule 14: Let it ripen slowly"" — Epictetus | Stoicism",13,0,2,https://youtube.com/shorts/9xJqvFBwaSQ
2026-08-26,2026-08-16T03:55:30Z,ZZZAoiailGA,"""Justice starts closer than you think"" — Musonius Rufus | Stoicism",58,3,2,https://youtube.com/shorts/ZZZAoiailGA
2026-08-26,2026-08-15T11:17:35Z,QdN51yPIys8,"""Meet it early"" — Seneca | Stoicism",58,2,2,https://youtube.com/shorts/QdN51yPIys8
2026-08-26,2026-08-15T07:49:22Z,d8POTCrUSuk,"""Rule 31: Take the hit and stay standing"" — Zeno of Citium | Stoicism",99,1,2,https://youtube.com/shorts/d8POTCrUSuk
2026-08-26,2026-08-15T03:42:29Z,zDvyxWor3Aw,"""Don't become it"" — Marcus Aurelius | Stoicism",703,35,2,https://youtube.com/shorts/zDvyxWor3Aw
2026-08-26,2026-08-14T11:48:34Z,44ndbnteVQ4,"""If you can't fix it tonight—"" — Epictetus | Stoicism",21,2,2,https://youtube.com/shorts/44ndbnteVQ4
2026-08-26,2026-08-14T08:33:14Z,yIgmnlMn8Yo,"""Rule 5: Own nothing you didn't build"" — Musonius Rufus | Stoicism",121,5,2,https://youtube.com/shorts/yIgmnlMn8Yo
2026-08-26,2026-08-14T05:00:28Z,D0GX5G2EK2o,"""He counted his days like coins"" — Seneca | Stoicism",40,1,2,https://youtube.com/shorts/D0GX5G2EK2o
2026-08-26,2026-08-13T11:44:57Z,uCYwL47CEtI,"""Nothing terrible here"" — Zeno of Citium | Stoicism",58,3,2,https://youtube.com/shorts/uCYwL47CEtI
2026-08-26,2026-08-13T08:43:58Z,cGGfKXhcbtk,"""Answer to yourself"" — Marcus Aurelius | Stoicism",93,1,2,https://youtube.com/shorts/cGGfKXhcbtk
2026-08-26,2026-08-13T04:57:28Z,Xlbq2aBt5W8,"""If today felt thankless—"" — Epictetus | Stoicism",15,1,2,https://youtube.com/shorts/Xlbq2aBt5W8
2026-08-26,2026-08-12T11:51:40Z,SsipBXrnSjM,"""Rule 24: Carry his faults quietly"" — Musonius Rufus | Stoicism",45,1,2,https://youtube.com/shorts/SsipBXrnSjM
2026-08-26,2026-08-12T08:35:51Z,tGmooVvt-bQ,"""His enemy already held the throne"" — Seneca | Stoicism",41,1,2,https://youtube.com/shorts/tGmooVvt-bQ
2026-08-26,2026-08-12T04:53:15Z,nUgDtEcNS04,"""Nothing can force you"" — Zeno of Citium | Stoicism",360,12,2,https://youtube.com/shorts/nUgDtEcNS04
2026-08-26,2026-08-11T11:44:19Z,UAtmv79K-yg,"""Weigh what you chase"" — Marcus Aurelius | Stoicism",39,2,2,https://youtube.com/shorts/UAtmv79K-yg
2026-08-26,2026-08-11T08:28:21Z,7uSSDaHmxII,"""Still clenching your jaw"" — Epictetus | Stoicism",23,0,2,https://youtube.com/shorts/7uSSDaHmxII
2026-08-26,2026-08-11T04:23:22Z,z_vD6ymLa9I,"""Rule 19: Stop fighting what's already fixed"" — Musonius Rufus | Stoicism",31,1,2,https://youtube.com/shorts/z_vD6ymLa9I
2026-08-26,2026-08-10T09:03:05Z,IKub-zaJyVY,"""The advisor who owned half of Rome"" — Seneca | Stoicism",41,1,2,https://youtube.com/shorts/IKub-zaJyVY
2026-08-26,2026-08-10T04:30:27Z,vhJfUrDC8wk,"""Same ending. All of us"" — Zeno of Citium | Stoicism",139,2,2,https://youtube.com/shorts/vhJfUrDC8wk
2026-08-26,2026-08-26T11:33:15Z,71r-XlkpT3E,"""Serve without applause. Rule 28"" — Marcus Aurelius | Stoicism",43,1,2,https://youtube.com/shorts/71r-XlkpT3E
2026-08-26,2026-08-26T08:09:05Z,uQVkBsOMYQw,"""The terror is added"" — Epictetus | Stoicism",221,4,2,https://youtube.com/shorts/uQVkBsOMYQw
2026-08-26,2026-08-26T04:02:44Z,H-xFLcNuIwU,"""What broke you today"" — Musonius Rufus | Stoicism",20,0,2,https://youtube.com/shorts/H-xFLcNuIwU
2026-08-26,2026-08-25T11:26:32Z,Q5NRu0nzkPg,"""Give it a minute"" — Seneca | Stoicism",29,1,2,https://youtube.com/shorts/Q5NRu0nzkPg
2026-08-26,2026-08-25T08:01:35Z,kIjqfJvj3Ps,"""Stop forcing it"" — Zeno of Citium | Stoicism",75,4,2,https://youtube.com/shorts/kIjqfJvj3Ps
2026-08-26,2026-08-25T03:51:41Z,e7jx6OFXAD4,"""Still need to be right"" — Marcus Aurelius | Stoicism",51,1,2,https://youtube.com/shorts/e7jx6OFXAD4
2026-08-26,2026-08-24T11:28:58Z,1kvCgUmgtM0,"""Rule 4: Keep death in view"" — Epictetus | Stoicism",21,1,2,https://youtube.com/shorts/1kvCgUmgtM0
2026-08-26,2026-08-24T08:10:14Z,V3imKZ73nfM,"""Do it again"" — Musonius Rufus | Stoicism",14,0,2,https://youtube.com/shorts/V3imKZ73nfM
2026-08-26,2026-08-24T04:01:30Z,EWLZWPQ7Gwg,"""Who needed you today"" — Seneca | Stoicism",29,0,2,https://youtube.com/shorts/EWLZWPQ7Gwg
2026-08-26,2026-08-23T11:20:37Z,uJkRXHpJ4As,"""Half your fears are guesses"" — Zeno of Citium | Stoicism",33,1,2,https://youtube.com/shorts/uJkRXHpJ4As
2026-08-26,2026-08-23T07:54:18Z,2X1IIRY__ug,"""Color your mind"" — Marcus Aurelius | Stoicism",75,2,2,https://youtube.com/shorts/2X1IIRY__ug
2026-08-26,2026-08-23T03:53:35Z,przOgT-iIN4,"""Who did you snap at"" — Epictetus | Stoicism",15,0,2,https://youtube.com/shorts/przOgT-iIN4
2026-08-26,2026-08-22T11:24:24Z,fTg4HxBsA5M,"""Spend today like it's all you get"" — Musonius Rufus | Stoicism",41,2,2,https://youtube.com/shorts/fTg4HxBsA5M
2026-08-26,2026-08-22T07:45:08Z,kr6p2mAgA9g,"""Loosen the grip"" — Seneca | Stoicism",98,5,2,https://youtube.com/shorts/kr6p2mAgA9g
2026-08-26,2026-08-22T03:47:12Z,CyUzLkphjLc,"""What are you saving for later"" — Zeno of Citium | Stoicism",24,1,2,https://youtube.com/shorts/CyUzLkphjLc
2026-08-26,2026-08-21T23:39:09Z,wIRO1fQqtc8,"""Just this task"" — Marcus Aurelius | Stoicism",36,2,2,https://youtube.com/shorts/wIRO1fQqtc8
2026-08-26,2026-08-21T19:31:58Z,qQhblsJlFfQ,"""Show it"" — Epictetus | Stoicism",34,1,2,https://youtube.com/shorts/qQhblsJlFfQ
2026-08-26,2026-08-21T16:38:08Z,f5j0svA-SGw,"""Fear rules quietly"" — Musonius Rufus | Stoicism",70,5,2,https://youtube.com/shorts/f5j0svA-SGw
2026-08-26,2026-08-20T11:29:28Z,zEY2lx-HB5s,"""What burdens you feeds you"" — Seneca | Stoicism",23,1,2,https://youtube.com/shorts/zEY2lx-HB5s
2026-08-26,2026-08-20T07:56:46Z,RvWp3HWliig,"""One breath first"" — Zeno of Citium | Stoicism",71,0,2,https://youtube.com/shorts/RvWp3HWliig
2026-08-26,2026-08-20T03:54:06Z,hSUHVWbLrUQ,"""Take what comes. Rule 4"" — Marcus Aurelius | Stoicism",25,2,2,https://youtube.com/shorts/hSUHVWbLrUQ
2026-08-26,2026-08-19T11:21:24Z,zwz0ycTJLAA,"""Empty the cup"" — Epictetus | Stoicism",57,0,2,https://youtube.com/shorts/zwz0ycTJLAA
2026-08-26,2026-08-19T08:04:28Z,n17OlR2SgIg,"""Let it age you"" — Musonius Rufus | Stoicism",49,1,4,https://youtube.com/shorts/n17OlR2SgIg
2026-08-26,2026-08-19T03:45:18Z,vI-qVVXn2SU,"""Slow is fine"" — Seneca | Stoicism",650,16,2,https://youtube.com/shorts/vI-qVVXn2SU
2026-08-26,2026-08-18T11:27:17Z,5F2beQEt2UE,"""Rule 21: Be just where no one checks"" — Zeno of Citium | Stoicism",42,1,2,https://youtube.com/shorts/5F2beQEt2UE
2026-08-26,2026-08-18T07:53:48Z,bW1gubDlmAg,"""Nothing gets in"" — Marcus Aurelius | Stoicism",113,3,2,https://youtube.com/shorts/bW1gubDlmAg
2026-08-26,2026-08-18T03:51:24Z,QHjtbg9mEfs,"""This is the test"" — Epictetus | Stoicism",67,3,2,https://youtube.com/shorts/QHjtbg9mEfs
2026-08-26,2026-08-17T11:22:34Z,gQgITV9h1WI,"""The harder win"" — Musonius Rufus | Stoicism",334,8,2,https://youtube.com/shorts/gQgITV9h1WI
2026-08-26,2026-08-17T08:13:33Z,40uJE--rZhg,"""Stop dragging the world"" — Seneca | Stoicism",41,1,2,https://youtube.com/shorts/40uJE--rZhg
2026-08-26,2026-08-17T03:48:47Z,VRvQUEOBVSc,"""Drop the act"" — Zeno of Citium | Stoicism",267,6,2,https://youtube.com/shorts/VRvQUEOBVSc
2026-08-26,2026-08-16T11:22:27Z,UehZvwaZWSM,"""Start from zero"" — Marcus Aurelius | Stoicism",122,1,2,https://youtube.com/shorts/UehZvwaZWSM
2026-08-26,2026-08-16T07:48:11Z,9xJqvFBwaSQ,"""Rule 14: Let it ripen slowly"" — Epictetus | Stoicism",13,0,2,https://youtube.com/shorts/9xJqvFBwaSQ
2026-08-26,2026-08-16T03:55:30Z,ZZZAoiailGA,"""Justice starts closer than you think"" — Musonius Rufus | Stoicism",58,3,2,https://youtube.com/shorts/ZZZAoiailGA
2026-08-26,2026-08-15T11:17:35Z,QdN51yPIys8,"""Meet it early"" — Seneca | Stoicism",58,2,2,https://youtube.com/shorts/QdN51yPIys8
2026-08-26,2026-08-15T07:49:22Z,d8POTCrUSuk,"""Rule 31: Take the hit and stay standing"" — Zeno of Citium | Stoicism",99,1,2,https://youtube.com/shorts/d8POTCrUSuk
2026-08-26,2026-08-15T03:42:29Z,zDvyxWor3Aw,"""Don't become it"" — Marcus Aurelius | Stoicism",704,35,2,https://youtube.com/shorts/zDvyxWor3Aw
2026-08-26,2026-08-14T11:48:34Z,44ndbnteVQ4,"""If you can't fix it tonight—"" — Epictetus | Stoicism",21,2,2,https://youtube.com/shorts/44ndbnteVQ4
2026-08-26,2026-08-14T08:33:14Z,yIgmnlMn8Yo,"""Rule 5: Own nothing you didn't build"" — Musonius Rufus | Stoicism",121,5,2,https://youtube.com/shorts/yIgmnlMn8Yo
2026-08-26,2026-08-14T05:00:28Z,D0GX5G2EK2o,"""He counted his days like coins"" — Seneca | Stoicism",40,1,2,https://youtube.com/shorts/D0GX5G2EK2o
2026-08-26,2026-08-13T11:44:57Z,uCYwL47CEtI,"""Nothing terrible here"" — Zeno of Citium | Stoicism",58,3,2,https://youtube.com/shorts/uCYwL47CEtI
2026-08-26,2026-08-13T08:43:58Z,cGGfKXhcbtk,"""Answer to yourself"" — Marcus Aurelius | Stoicism",93,1,2,https://youtube.com/shorts/cGGfKXhcbtk
2026-08-26,2026-08-13T04:57:28Z,Xlbq2aBt5W8,"""If today felt thankless—"" — Epictetus | Stoicism",15,1,2,https://youtube.com/shorts/Xlbq2aBt5W8
2026-08-26,2026-08-12T11:51:40Z,SsipBXrnSjM,"""Rule 24: Carry his faults quietly"" — Musonius Rufus | Stoicism",45,1,2,https://youtube.com/shorts/SsipBXrnSjM
2026-08-26,2026-08-12T08:35:51Z,tGmooVvt-bQ,"""His enemy already held the throne"" — Seneca | Stoicism",41,1,2,https://youtube.com/shorts/tGmooVvt-bQ
2026-08-26,2026-08-12T04:53:15Z,nUgDtEcNS04,"""Nothing can force you"" — Zeno of Citium | Stoicism",360,12,2,https://youtube.com/shorts/nUgDtEcNS04
2026-08-26,2026-08-11T11:44:19Z,UAtmv79K-yg,"""Weigh what you chase"" — Marcus Aurelius | Stoicism",39,2,2,https://youtube.com/shorts/UAtmv79K-yg
2026-08-26,2026-08-11T08:28:21Z,7uSSDaHmxII,"""Still clenching your jaw"" — Epictetus | Stoicism",23,0,2,https://youtube.com/shorts/7uSSDaHmxII
2026-08-26,2026-08-11T04:23:22Z,z_vD6ymLa9I,"""Rule 19: Stop fighting what's already fixed"" — Musonius Rufus | Stoicism",31,1,2,https://youtube.com/shorts/z_vD6ymLa9I
2026-08-26,2026-08-10T09:03:05Z,IKub-zaJyVY,"""The advisor who owned half of Rome"" — Seneca | Stoicism",41,1,2,https://youtube.com/shorts/IKub-zaJyVY
2026-08-26,2026-08-10T04:30:27Z,vhJfUrDC8wk,"""Same ending. All of us"" — Zeno of Citium | Stoicism",139,2,2,https://youtube.com/shorts/vhJfUrDC8wk
2026-08-26,2026-08-26T11:33:15Z,71r-XlkpT3E,"""Serve without applause. Rule 28"" — Marcus Aurelius | Stoicism",47,1,2,https://youtube.com/shorts/71r-XlkpT3E
2026-08-26,2026-08-26T08:09:05Z,uQVkBsOMYQw,"""The terror is added"" — Epictetus | Stoicism",221,4,2,https://youtube.com/shorts/uQVkBsOMYQw
2026-08-26,2026-08-26T04:02:44Z,H-xFLcNuIwU,"""What broke you today"" — Musonius Rufus | Stoicism",20,0,2,https://youtube.com/shorts/H-xFLcNuIwU
2026-08-26,2026-08-25T11:26:32Z,Q5NRu0nzkPg,"""Give it a minute"" — Seneca | Stoicism",29,1,2,https://youtube.com/shorts/Q5NRu0nzkPg
2026-08-26,2026-08-25T08:01:35Z,kIjqfJvj3Ps,"""Stop forcing it"" — Zeno of Citium | Stoicism",75,4,2,https://youtube.com/shorts/kIjqfJvj3Ps
2026-08-26,2026-08-25T03:51:41Z,e7jx6OFXAD4,"""Still need to be right"" — Marcus Aurelius | Stoicism",51,1,2,https://youtube.com/shorts/e7jx6OFXAD4
2026-08-26,2026-08-24T11:28:58Z,1kvCgUmgtM0,"""Rule 4: Keep death in view"" — Epictetus | Stoicism",21,1,2,https://youtube.com/shorts/1kvCgUmgtM0
2026-08-26,2026-08-24T08:10:14Z,V3imKZ73nfM,"""Do it again"" — Musonius Rufus | Stoicism",14,0,2,https://youtube.com/shorts/V3imKZ73nfM
2026-08-26,2026-08-24T04:01:30Z,EWLZWPQ7Gwg,"""Who needed you today"" — Seneca | Stoicism",29,0,2,https://youtube.com/shorts/EWLZWPQ7Gwg
2026-08-26,2026-08-23T11:20:37Z,uJkRXHpJ4As,"""Half your fears are guesses"" — Zeno of Citium | Stoicism",33,1,2,https://youtube.com/shorts/uJkRXHpJ4As
2026-08-26,2026-08-23T07:54:18Z,2X1IIRY__ug,"""Color your mind"" — Marcus Aurelius | Stoicism",75,2,2,https://youtube.com/shorts/2X1IIRY__ug
2026-08-26,2026-08-23T03:53:35Z,przOgT-iIN4,"""Who did you snap at"" — Epictetus | Stoicism",15,0,2,https://youtube.com/shorts/przOgT-iIN4
2026-08-26,2026-08-22T11:24:24Z,fTg4HxBsA5M,"""Spend today like it's all you get"" — Musonius Rufus | Stoicism",41,2,2,https://youtube.com/shorts/fTg4HxBsA5M
2026-08-26,2026-08-22T07:45:08Z,kr6p2mAgA9g,"""Loosen the grip"" — Seneca | Stoicism",98,5,2,https://youtube.com/shorts/kr6p2mAgA9g
2026-08-26,2026-08-22T03:47:12Z,CyUzLkphjLc,"""What are you saving for later"" — Zeno of Citium | Stoicism",24,1,2,https://youtube.com/shorts/CyUzLkphjLc
2026-08-26,2026-08-21T23:39:09Z,wIRO1fQqtc8,"""Just this task"" — Marcus Aurelius | Stoicism",36,2,2,https://youtube.com/shorts/wIRO1fQqtc8
2026-08-26,2026-08-21T19:31:58Z,qQhblsJlFfQ,"""Show it"" — Epictetus | Stoicism",34,1,2,https://youtube.com/shorts/qQhblsJlFfQ
2026-08-26,2026-08-21T16:38:08Z,f5j0svA-SGw,"""Fear rules quietly"" — Musonius Rufus | Stoicism",70,5,2,https://youtube.com/shorts/f5j0svA-SGw
2026-08-26,2026-08-20T11:29:28Z,zEY2lx-HB5s,"""What burdens you feeds you"" — Seneca | Stoicism",23,1,2,https://youtube.com/shorts/zEY2lx-HB5s
2026-08-26,2026-08-20T07:56:46Z,RvWp3HWliig,"""One breath first"" — Zeno of Citium | Stoicism",71,0,2,https://youtube.com/shorts/RvWp3HWliig
2026-08-26,2026-08-20T03:54:06Z,hSUHVWbLrUQ,"""Take what comes. Rule 4"" — Marcus Aurelius | Stoicism",25,2,2,https://youtube.com/shorts/hSUHVWbLrUQ
2026-08-26,2026-08-19T11:21:24Z,zwz0ycTJLAA,"""Empty the cup"" — Epictetus | Stoicism",57,0,2,https://youtube.com/shorts/zwz0ycTJLAA
2026-08-26,2026-08-19T08:04:28Z,n17OlR2SgIg,"""Let it age you"" — Musonius Rufus | Stoicism",49,1,4,https://youtube.com/shorts/n17OlR2SgIg
2026-08-26,2026-08-19T03:45:18Z,vI-qVVXn2SU,"""Slow is fine"" — Seneca | Stoicism",650,16,2,https://youtube.com/shorts/vI-qVVXn2SU
2026-08-26,2026-08-18T11:27:17Z,5F2beQEt2UE,"""Rule 21: Be just where no one checks"" — Zeno of Citium | Stoicism",42,1,2,https://youtube.com/shorts/5F2beQEt2UE
2026-08-26,2026-08-18T07:53:48Z,bW1gubDlmAg,"""Nothing gets in"" — Marcus Aurelius | Stoicism",113,3,2,https://youtube.com/shorts/bW1gubDlmAg
2026-08-26,2026-08-18T03:51:24Z,QHjtbg9mEfs,"""This is the test"" — Epictetus | Stoicism",67,3,2,https://youtube.com/shorts/QHjtbg9mEfs
2026-08-26,2026-08-17T11:22:34Z,gQgITV9h1WI,"""The harder win"" — Musonius Rufus | Stoicism",334,8,2,https://youtube.com/shorts/gQgITV9h1WI
2026-08-26,2026-08-17T08:13:33Z,40uJE--rZhg,"""Stop dragging the world"" — Seneca | Stoicism",41,1,2,https://youtube.com/shorts/40uJE--rZhg
2026-08-26,2026-08-17T03:48:47Z,VRvQUEOBVSc,"""Drop the act"" — Zeno of Citium | Stoicism",267,6,2,https://youtube.com/shorts/VRvQUEOBVSc
2026-08-26,2026-08-16T11:22:27Z,UehZvwaZWSM,"""Start from zero"" — Marcus Aurelius | Stoicism",122,1,2,https://youtube.com/shorts/UehZvwaZWSM
2026-08-26,2026-08-16T07:48:11Z,9xJqvFBwaSQ,"""Rule 14: Let it ripen slowly"" — Epictetus | Stoicism",13,0,2,https://youtube.com/shorts/9xJqvFBwaSQ
2026-08-26,2026-08-16T03:55:30Z,ZZZAoiailGA,"""Justice starts closer than you think"" — Musonius Rufus | Stoicism",58,3,2,https://youtube.com/shorts/ZZZAoiailGA
2026-08-26,2026-08-15T11:17:35Z,QdN51yPIys8,"""Meet it early"" — Seneca | Stoicism",58,2,2,https://youtube.com/shorts/QdN51yPIys8
2026-08-26,2026-08-15T07:49:22Z,d8POTCrUSuk,"""Rule 31: Take the hit and stay standing"" — Zeno of Citium | Stoicism",99,1,2,https://youtube.com/shorts/d8POTCrUSuk
2026-08-26,2026-08-15T03:42:29Z,zDvyxWor3Aw,"""Don't become it"" — Marcus Aurelius | Stoicism",704,35,2,https://youtube.com/shorts/zDvyxWor3Aw
2026-08-26,2026-08-14T11:48:34Z,44ndbnteVQ4,"""If you can't fix it tonight—"" — Epictetus | Stoicism",21,2,2,https://youtube.com/shorts/44ndbnteVQ4
2026-08-26,2026-08-14T08:33:14Z,yIgmnlMn8Yo,"""Rule 5: Own nothing you didn't build"" — Musonius Rufus | Stoicism",121,5,2,https://youtube.com/shorts/yIgmnlMn8Yo
2026-08-26,2026-08-14T05:00:28Z,D0GX5G2EK2o,"""He counted his days like coins"" — Seneca | Stoicism",40,1,2,https://youtube.com/shorts/D0GX5G2EK2o
2026-08-26,2026-08-13T11:44:57Z,uCYwL47CEtI,"""Nothing terrible here"" — Zeno of Citium | Stoicism",58,3,2,https://youtube.com/shorts/uCYwL47CEtI
2026-08-26,2026-08-13T08:43:58Z,cGGfKXhcbtk,"""Answer to yourself"" — Marcus Aurelius | Stoicism",93,1,2,https://youtube.com/shorts/cGGfKXhcbtk
2026-08-26,2026-08-13T04:57:28Z,Xlbq2aBt5W8,"""If today felt thankless—"" — Epictetus | Stoicism",15,1,2,https://youtube.com/shorts/Xlbq2aBt5W8
2026-08-26,2026-08-12T11:51:40Z,SsipBXrnSjM,"""Rule 24: Carry his faults quietly"" — Musonius Rufus | Stoicism",45,1,2,https://youtube.com/shorts/SsipBXrnSjM
2026-08-26,2026-08-12T08:35:51Z,tGmooVvt-bQ,"""His enemy already held the throne"" — Seneca | Stoicism",41,1,2,https://youtube.com/shorts/tGmooVvt-bQ
2026-08-26,2026-08-12T04:53:15Z,nUgDtEcNS04,"""Nothing can force you"" — Zeno of Citium | Stoicism",360,12,2,https://youtube.com/shorts/nUgDtEcNS04
2026-08-26,2026-08-11T11:44:19Z,UAtmv79K-yg,"""Weigh what you chase"" — Marcus Aurelius | Stoicism",39,2,2,https://youtube.com/shorts/UAtmv79K-yg
2026-08-26,2026-08-11T08:28:21Z,7uSSDaHmxII,"""Still clenching your jaw"" — Epictetus | Stoicism",23,0,2,https://youtube.com/shorts/7uSSDaHmxII
2026-08-26,2026-08-11T04:23:22Z,z_vD6ymLa9I,"""Rule 19: Stop fighting what's already fixed"" — Musonius Rufus | Stoicism",31,1,2,https://youtube.com/shorts/z_vD6ymLa9I
2026-08-26,2026-08-10T09:03:05Z,IKub-zaJyVY,"""The advisor who owned half of Rome"" — Seneca | Stoicism",41,1,2,https://youtube.com/shorts/IKub-zaJyVY
2026-08-26,2026-08-10T04:30:27Z,vhJfUrDC8wk,"""Same ending. All of us"" — Zeno of Citium | Stoicism",139,2,2,https://youtube.com/shorts/vhJfUrDC8wk
2026-08-27,2026-08-26T11:33:15Z,71r-XlkpT3E,"""Serve without applause. Rule 28"" — Marcus Aurelius | Stoicism",55,1,2,https://youtube.com/shorts/71r-XlkpT3E
2026-08-27,2026-08-26T08:09:05Z,uQVkBsOMYQw,"""The terror is added"" — Epictetus | Stoicism",221,4,2,https://youtube.com/shorts/uQVkBsOMYQw
2026-08-27,2026-08-26T04:02:44Z,H-xFLcNuIwU,"""What broke you today"" — Musonius Rufus | Stoicism",22,0,2,https://youtube.com/shorts/H-xFLcNuIwU
2026-08-27,2026-08-25T11:26:32Z,Q5NRu0nzkPg,"""Give it a minute"" — Seneca | Stoicism",31,1,2,https://youtube.com/shorts/Q5NRu0nzkPg
2026-08-27,2026-08-25T08:01:35Z,kIjqfJvj3Ps,"""Stop forcing it"" — Zeno of Citium | Stoicism",78,4,2,https://youtube.com/shorts/kIjqfJvj3Ps
2026-08-27,2026-08-25T03:51:41Z,e7jx6OFXAD4,"""Still need to be right"" — Marcus Aurelius | Stoicism",51,1,2,https://youtube.com/shorts/e7jx6OFXAD4
2026-08-27,2026-08-24T11:28:58Z,1kvCgUmgtM0,"""Rule 4: Keep death in view"" — Epictetus | Stoicism",22,1,2,https://youtube.com/shorts/1kvCgUmgtM0
2026-08-27,2026-08-24T08:10:14Z,V3imKZ73nfM,"""Do it again"" — Musonius Rufus | Stoicism",15,0,2,https://youtube.com/shorts/V3imKZ73nfM
2026-08-27,2026-08-24T04:01:30Z,EWLZWPQ7Gwg,"""Who needed you today"" — Seneca | Stoicism",29,0,2,https://youtube.com/shorts/EWLZWPQ7Gwg
2026-08-27,2026-08-23T11:20:37Z,uJkRXHpJ4As,"""Half your fears are guesses"" — Zeno of Citium | Stoicism",33,1,2,https://youtube.com/shorts/uJkRXHpJ4As
2026-08-27,2026-08-23T07:54:18Z,2X1IIRY__ug,"""Color your mind"" — Marcus Aurelius | Stoicism",73,2,2,https://youtube.com/shorts/2X1IIRY__ug
2026-08-27,2026-08-23T03:53:35Z,przOgT-iIN4,"""Who did you snap at"" — Epictetus | Stoicism",15,0,2,https://youtube.com/shorts/przOgT-iIN4
2026-08-27,2026-08-22T11:24:24Z,fTg4HxBsA5M,"""Spend today like it's all you get"" — Musonius Rufus | Stoicism",41,2,2,https://youtube.com/shorts/fTg4HxBsA5M
2026-08-27,2026-08-22T07:45:08Z,kr6p2mAgA9g,"""Loosen the grip"" — Seneca | Stoicism",98,5,2,https://youtube.com/shorts/kr6p2mAgA9g
2026-08-27,2026-08-22T03:47:12Z,CyUzLkphjLc,"""What are you saving for later"" — Zeno of Citium | Stoicism",24,1,2,https://youtube.com/shorts/CyUzLkphjLc
2026-08-27,2026-08-21T23:39:09Z,wIRO1fQqtc8,"""Just this task"" — Marcus Aurelius | Stoicism",36,2,2,https://youtube.com/shorts/wIRO1fQqtc8
2026-08-27,2026-08-21T19:31:58Z,qQhblsJlFfQ,"""Show it"" — Epictetus | Stoicism",34,1,2,https://youtube.com/shorts/qQhblsJlFfQ
2026-08-27,2026-08-21T16:38:08Z,f5j0svA-SGw,"""Fear rules quietly"" — Musonius Rufus | Stoicism",70,5,2,https://youtube.com/shorts/f5j0svA-SGw
2026-08-27,2026-08-20T11:29:28Z,zEY2lx-HB5s,"""What burdens you feeds you"" — Seneca | Stoicism",23,1,2,https://youtube.com/shorts/zEY2lx-HB5s
2026-08-27,2026-08-20T07:56:46Z,RvWp3HWliig,"""One breath first"" — Zeno of Citium | Stoicism",71,0,2,https://youtube.com/shorts/RvWp3HWliig
2026-08-27,2026-08-20T03:54:06Z,hSUHVWbLrUQ,"""Take what comes. Rule 4"" — Marcus Aurelius | Stoicism",25,2,2,https://youtube.com/shorts/hSUHVWbLrUQ
2026-08-27,2026-08-19T11:21:24Z,zwz0ycTJLAA,"""Empty the cup"" — Epictetus | Stoicism",57,0,2,https://youtube.com/shorts/zwz0ycTJLAA
2026-08-27,2026-08-19T08:04:28Z,n17OlR2SgIg,"""Let it age you"" — Musonius Rufus | Stoicism",49,1,4,https://youtube.com/shorts/n17OlR2SgIg
2026-08-27,2026-08-19T03:45:18Z,vI-qVVXn2SU,"""Slow is fine"" — Seneca | Stoicism",650,16,2,https://youtube.com/shorts/vI-qVVXn2SU
2026-08-27,2026-08-18T11:27:17Z,5F2beQEt2UE,"""Rule 21: Be just where no one checks"" — Zeno of Citium | Stoicism",42,1,2,https://youtube.com/shorts/5F2beQEt2UE
2026-08-27,2026-08-18T07:53:48Z,bW1gubDlmAg,"""Nothing gets in"" — Marcus Aurelius | Stoicism",113,3,2,https://youtube.com/shorts/bW1gubDlmAg
2026-08-27,2026-08-18T03:51:24Z,QHjtbg9mEfs,"""This is the test"" — Epictetus | Stoicism",67,3,2,https://youtube.com/shorts/QHjtbg9mEfs
2026-08-27,2026-08-17T11:22:34Z,gQgITV9h1WI,"""The harder win"" — Musonius Rufus | Stoicism",334,8,2,https://youtube.com/shorts/gQgITV9h1WI
2026-08-27,2026-08-17T08:13:33Z,40uJE--rZhg,"""Stop dragging the world"" — Seneca | Stoicism",41,1,2,https://youtube.com/shorts/40uJE--rZhg
2026-08-27,2026-08-17T03:48:47Z,VRvQUEOBVSc,"""Drop the act"" — Zeno of Citium | Stoicism",267,6,2,https://youtube.com/shorts/VRvQUEOBVSc
2026-08-27,2026-08-16T11:22:27Z,UehZvwaZWSM,"""Start from zero"" — Marcus Aurelius | Stoicism",122,1,2,https://youtube.com/shorts/UehZvwaZWSM
2026-08-27,2026-08-16T07:48:11Z,9xJqvFBwaSQ,"""Rule 14: Let it ripen slowly"" — Epictetus | Stoicism",13,0,2,https://youtube.com/shorts/9xJqvFBwaSQ
2026-08-27,2026-08-16T03:55:30Z,ZZZAoiailGA,"""Justice starts closer than you think"" — Musonius Rufus | Stoicism",58,3,2,https://youtube.com/shorts/ZZZAoiailGA
2026-08-27,2026-08-15T11:17:35Z,QdN51yPIys8,"""Meet it early"" — Seneca | Stoicism",58,2,2,https://youtube.com/shorts/QdN51yPIys8
2026-08-27,2026-08-15T07:49:22Z,d8POTCrUSuk,"""Rule 31: Take the hit and stay standing"" — Zeno of Citium | Stoicism",99,1,2,https://youtube.com/shorts/d8POTCrUSuk
2026-08-27,2026-08-15T03:42:29Z,zDvyxWor3Aw,"""Don't become it"" — Marcus Aurelius | Stoicism",704,35,2,https://youtube.com/shorts/zDvyxWor3Aw
2026-08-27,2026-08-14T11:48:34Z,44ndbnteVQ4,"""If you can't fix it tonight—"" — Epictetus | Stoicism",21,2,2,https://youtube.com/shorts/44ndbnteVQ4
2026-08-27,2026-08-14T08:33:14Z,yIgmnlMn8Yo,"""Rule 5: Own nothing you didn't build"" — Musonius Rufus | Stoicism",121,5,2,https://youtube.com/shorts/yIgmnlMn8Yo
2026-08-27,2026-08-14T05:00:28Z,D0GX5G2EK2o,"""He counted his days like coins"" — Seneca | Stoicism",40,1,2,https://youtube.com/shorts/D0GX5G2EK2o
2026-08-27,2026-08-13T11:44:57Z,uCYwL47CEtI,"""Nothing terrible here"" — Zeno of Citium | Stoicism",58,3,2,https://youtube.com/shorts/uCYwL47CEtI
2026-08-27,2026-08-13T08:43:58Z,cGGfKXhcbtk,"""Answer to yourself"" — Marcus Aurelius | Stoicism",93,1,2,https://youtube.com/shorts/cGGfKXhcbtk
2026-08-27,2026-08-13T04:57:28Z,Xlbq2aBt5W8,"""If today felt thankless—"" — Epictetus | Stoicism",15,1,2,https://youtube.com/shorts/Xlbq2aBt5W8
2026-08-27,2026-08-12T11:51:40Z,SsipBXrnSjM,"""Rule 24: Carry his faults quietly"" — Musonius Rufus | Stoicism",45,1,2,https://youtube.com/shorts/SsipBXrnSjM
2026-08-27,2026-08-12T08:35:51Z,tGmooVvt-bQ,"""His enemy already held the throne"" — Seneca | Stoicism",41,1,2,https://youtube.com/shorts/tGmooVvt-bQ
2026-08-27,2026-08-12T04:53:15Z,nUgDtEcNS04,"""Nothing can force you"" — Zeno of Citium | Stoicism",360,11,2,https://youtube.com/shorts/nUgDtEcNS04
2026-08-27,2026-08-11T11:44:19Z,UAtmv79K-yg,"""Weigh what you chase"" — Marcus Aurelius | Stoicism",39,2,2,https://youtube.com/shorts/UAtmv79K-yg
2026-08-27,2026-08-11T08:28:21Z,7uSSDaHmxII,"""Still clenching your jaw"" — Epictetus | Stoicism",23,0,2,https://youtube.com/shorts/7uSSDaHmxII
2026-08-27,2026-08-11T04:23:22Z,z_vD6ymLa9I,"""Rule 19: Stop fighting what's already fixed"" — Musonius Rufus | Stoicism",31,1,2,https://youtube.com/shorts/z_vD6ymLa9I
2026-08-27,2026-08-10T09:03:05Z,IKub-zaJyVY,"""The advisor who owned half of Rome"" — Seneca | Stoicism",41,1,2,https://youtube.com/shorts/IKub-zaJyVY
2026-08-27,2026-08-10T04:30:27Z,vhJfUrDC8wk,"""Same ending. All of us"" — Zeno of Citium | Stoicism",139,2,2,https://youtube.com/shorts/vhJfUrDC8wk
2026-08-27,2026-08-27T04:37:44Z,v2LDh11ZkXw,"""Two thousand years ago a man wrote his friend a letter that just said: I'm not ill, and",5,0,2,https://youtube.com/shorts/v2LDh11ZkXw
2026-08-27,2026-08-26T11:33:15Z,71r-XlkpT3E,"""Serve without applause. Rule 28"" — Marcus Aurelius | Stoicism",56,1,2,https://youtube.com/shorts/71r-XlkpT3E
2026-08-27,2026-08-26T08:09:05Z,uQVkBsOMYQw,"""The terror is added"" — Epictetus | Stoicism",222,4,2,https://youtube.com/shorts/uQVkBsOMYQw
2026-08-27,2026-08-26T04:02:44Z,H-xFLcNuIwU,"""What broke you today"" — Musonius Rufus | Stoicism",22,0,2,https://youtube.com/shorts/H-xFLcNuIwU
2026-08-27,2026-08-25T11:26:32Z,Q5NRu0nzkPg,"""Give it a minute"" — Seneca | Stoicism",31,2,2,https://youtube.com/shorts/Q5NRu0nzkPg
2026-08-27,2026-08-25T08:01:35Z,kIjqfJvj3Ps,"""Stop forcing it"" — Zeno of Citium | Stoicism",79,4,2,https://youtube.com/shorts/kIjqfJvj3Ps
2026-08-27,2026-08-25T03:51:41Z,e7jx6OFXAD4,"""Still need to be right"" — Marcus Aurelius | Stoicism",51,1,2,https://youtube.com/shorts/e7jx6OFXAD4
2026-08-27,2026-08-24T11:28:58Z,1kvCgUmgtM0,"""Rule 4: Keep death in view"" — Epictetus | Stoicism",22,1,2,https://youtube.com/shorts/1kvCgUmgtM0
2026-08-27,2026-08-24T08:10:14Z,V3imKZ73nfM,"""Do it again"" — Musonius Rufus | Stoicism",15,0,2,https://youtube.com/shorts/V3imKZ73nfM
2026-08-27,2026-08-24T04:01:30Z,EWLZWPQ7Gwg,"""Who needed you today"" — Seneca | Stoicism",29,0,2,https://youtube.com/shorts/EWLZWPQ7Gwg
2026-08-27,2026-08-23T11:20:37Z,uJkRXHpJ4As,"""Half your fears are guesses"" — Zeno of Citium | Stoicism",33,1,2,https://youtube.com/shorts/uJkRXHpJ4As
2026-08-27,2026-08-23T07:54:18Z,2X1IIRY__ug,"""Color your mind"" — Marcus Aurelius | Stoicism",73,2,2,https://youtube.com/shorts/2X1IIRY__ug
2026-08-27,2026-08-23T03:53:35Z,przOgT-iIN4,"""Who did you snap at"" — Epictetus | Stoicism",15,0,2,https://youtube.com/shorts/przOgT-iIN4
2026-08-27,2026-08-22T11:24:24Z,fTg4HxBsA5M,"""Spend today like it's all you get"" — Musonius Rufus | Stoicism",41,2,2,https://youtube.com/shorts/fTg4HxBsA5M
2026-08-27,2026-08-22T07:45:08Z,kr6p2mAgA9g,"""Loosen the grip"" — Seneca | Stoicism",98,5,2,https://youtube.com/shorts/kr6p2mAgA9g
2026-08-27,2026-08-22T03:47:12Z,CyUzLkphjLc,"""What are you saving for later"" — Zeno of Citium | Stoicism",24,1,2,https://youtube.com/shorts/CyUzLkphjLc
2026-08-27,2026-08-21T23:39:09Z,wIRO1fQqtc8,"""Just this task"" — Marcus Aurelius | Stoicism",36,2,2,https://youtube.com/shorts/wIRO1fQqtc8
2026-08-27,2026-08-21T19:31:58Z,qQhblsJlFfQ,"""Show it"" — Epictetus | Stoicism",34,1,2,https://youtube.com/shorts/qQhblsJlFfQ
2026-08-27,2026-08-21T16:38:08Z,f5j0svA-SGw,"""Fear rules quietly"" — Musonius Rufus | Stoicism",70,5,2,https://youtube.com/shorts/f5j0svA-SGw
2026-08-27,2026-08-20T11:29:28Z,zEY2lx-HB5s,"""What burdens you feeds you"" — Seneca | Stoicism",23,1,2,https://youtube.com/shorts/zEY2lx-HB5s
2026-08-27,2026-08-20T07:56:46Z,RvWp3HWliig,"""One breath first"" — Zeno of Citium | Stoicism",71,0,2,https://youtube.com/shorts/RvWp3HWliig
2026-08-27,2026-08-20T03:54:06Z,hSUHVWbLrUQ,"""Take what comes. Rule 4"" — Marcus Aurelius | Stoicism",25,2,2,https://youtube.com/shorts/hSUHVWbLrUQ
2026-08-27,2026-08-19T11:21:24Z,zwz0ycTJLAA,"""Empty the cup"" — Epictetus | Stoicism",57,0,2,https://youtube.com/shorts/zwz0ycTJLAA
2026-08-27,2026-08-19T08:04:28Z,n17OlR2SgIg,"""Let it age you"" — Musonius Rufus | Stoicism",49,1,4,https://youtube.com/shorts/n17OlR2SgIg
2026-08-27,2026-08-19T03:45:18Z,vI-qVVXn2SU,"""Slow is fine"" — Seneca | Stoicism",650,16,2,https://youtube.com/shorts/vI-qVVXn2SU
2026-08-27,2026-08-18T11:27:17Z,5F2beQEt2UE,"""Rule 21: Be just where no one checks"" — Zeno of Citium | Stoicism",42,1,2,https://youtube.com/shorts/5F2beQEt2UE
2026-08-27,2026-08-18T07:53:48Z,bW1gubDlmAg,"""Nothing gets in"" — Marcus Aurelius | Stoicism",113,3,2,https://youtube.com/shorts/bW1gubDlmAg
2026-08-27,2026-08-18T03:51:24Z,QHjtbg9mEfs,"""This is the test"" — Epictetus | Stoicism",67,3,2,https://youtube.com/shorts/QHjtbg9mEfs
2026-08-27,2026-08-17T11:22:34Z,gQgITV9h1WI,"""The harder win"" — Musonius Rufus | Stoicism",334,8,2,https://youtube.com/shorts/gQgITV9h1WI
2026-08-27,2026-08-17T08:13:33Z,40uJE--rZhg,"""Stop dragging the world"" — Seneca | Stoicism",41,1,2,https://youtube.com/shorts/40uJE--rZhg
2026-08-27,2026-08-17T03:48:47Z,VRvQUEOBVSc,"""Drop the act"" — Zeno of Citium | Stoicism",267,6,2,https://youtube.com/shorts/VRvQUEOBVSc
2026-08-27,2026-08-16T11:22:27Z,UehZvwaZWSM,"""Start from zero"" — Marcus Aurelius | Stoicism",122,1,2,https://youtube.com/shorts/UehZvwaZWSM
2026-08-27,2026-08-16T07:48:11Z,9xJqvFBwaSQ,"""Rule 14: Let it ripen slowly"" — Epictetus | Stoicism",13,0,2,https://youtube.com/shorts/9xJqvFBwaSQ
2026-08-27,2026-08-16T03:55:30Z,ZZZAoiailGA,"""Justice starts closer than you think"" — Musonius Rufus | Stoicism",58,3,2,https://youtube.com/shorts/ZZZAoiailGA
2026-08-27,2026-08-15T11:17:35Z,QdN51yPIys8,"""Meet it early"" — Seneca | Stoicism",58,2,2,https://youtube.com/shorts/QdN51yPIys8
2026-08-27,2026-08-15T07:49:22Z,d8POTCrUSuk,"""Rule 31: Take the hit and stay standing"" — Zeno of Citium | Stoicism",99,1,2,https://youtube.com/shorts/d8POTCrUSuk
2026-08-27,2026-08-15T03:42:29Z,zDvyxWor3Aw,"""Don't become it"" — Marcus Aurelius | Stoicism",704,35,2,https://youtube.com/shorts/zDvyxWor3Aw
2026-08-27,2026-08-14T11:48:34Z,44ndbnteVQ4,"""If you can't fix it tonight—"" — Epictetus | Stoicism",21,2,2,https://youtube.com/shorts/44ndbnteVQ4
2026-08-27,2026-08-14T08:33:14Z,yIgmnlMn8Yo,"""Rule 5: Own nothing you didn't build"" — Musonius Rufus | Stoicism",121,5,2,https://youtube.com/shorts/yIgmnlMn8Yo
2026-08-27,2026-08-14T05:00:28Z,D0GX5G2EK2o,"""He counted his days like coins"" — Seneca | Stoicism",40,1,2,https://youtube.com/shorts/D0GX5G2EK2o
2026-08-27,2026-08-13T11:44:57Z,uCYwL47CEtI,"""Nothing terrible here"" — Zeno of Citium | Stoicism",58,3,2,https://youtube.com/shorts/uCYwL47CEtI
2026-08-27,2026-08-13T08:43:58Z,cGGfKXhcbtk,"""Answer to yourself"" — Marcus Aurelius | Stoicism",93,1,2,https://youtube.com/shorts/cGGfKXhcbtk
2026-08-27,2026-08-13T04:57:28Z,Xlbq2aBt5W8,"""If today felt thankless—"" — Epictetus | Stoicism",15,1,2,https://youtube.com/shorts/Xlbq2aBt5W8
2026-08-27,2026-08-12T11:51:40Z,SsipBXrnSjM,"""Rule 24: Carry his faults quietly"" — Musonius Rufus | Stoicism",45,1,2,https://youtube.com/shorts/SsipBXrnSjM
2026-08-27,2026-08-12T08:35:51Z,tGmooVvt-bQ,"""His enemy already held the throne"" — Seneca | Stoicism",41,1,2,https://youtube.com/shorts/tGmooVvt-bQ
2026-08-27,2026-08-12T04:53:15Z,nUgDtEcNS04,"""Nothing can force you"" — Zeno of Citium | Stoicism",360,11,2,https://youtube.com/shorts/nUgDtEcNS04
2026-08-27,2026-08-11T11:44:19Z,UAtmv79K-yg,"""Weigh what you chase"" — Marcus Aurelius | Stoicism",39,2,2,https://youtube.com/shorts/UAtmv79K-yg
2026-08-27,2026-08-11T08:28:21Z,7uSSDaHmxII,"""Still clenching your jaw"" — Epictetus | Stoicism",23,0,2,https://youtube.com/shorts/7uSSDaHmxII
2026-08-27,2026-08-11T04:23:22Z,z_vD6ymLa9I,"""Rule 19: Stop fighting what's already fixed"" — Musonius Rufus | Stoicism",31,1,2,https://youtube.com/shorts/z_vD6ymLa9I
2026-08-27,2026-08-10T09:03:05Z,IKub-zaJyVY,"""The advisor who owned half of Rome"" — Seneca | Stoicism",41,1,2,https://youtube.com/shorts/IKub-zaJyVY
2026-08-27,2026-08-27T04:37:44Z,v2LDh11ZkXw,"""Two thousand years ago a man wrote his friend a letter that just said: I'm not ill, and",7,0,2,https://youtube.com/shorts/v2LDh11ZkXw
2026-08-27,2026-08-26T11:33:15Z,71r-XlkpT3E,"""Serve without applause. Rule 28"" — Marcus Aurelius | Stoicism",58,1,2,https://youtube.com/shorts/71r-XlkpT3E
2026-08-27,2026-08-26T08:09:05Z,uQVkBsOMYQw,"""The terror is added"" — Epictetus | Stoicism",222,4,2,https://youtube.com/shorts/uQVkBsOMYQw
2026-08-27,2026-08-26T04:02:44Z,H-xFLcNuIwU,"""What broke you today"" — Musonius Rufus | Stoicism",22,0,2,https://youtube.com/shorts/H-xFLcNuIwU
2026-08-27,2026-08-25T11:26:32Z,Q5NRu0nzkPg,"""Give it a minute"" — Seneca | Stoicism",33,2,2,https://youtube.com/shorts/Q5NRu0nzkPg
2026-08-27,2026-08-25T08:01:35Z,kIjqfJvj3Ps,"""Stop forcing it"" — Zeno of Citium | Stoicism",79,4,2,https://youtube.com/shorts/kIjqfJvj3Ps
2026-08-27,2026-08-25T03:51:41Z,e7jx6OFXAD4,"""Still need to be right"" — Marcus Aurelius | Stoicism",51,1,2,https://youtube.com/shorts/e7jx6OFXAD4
2026-08-27,2026-08-24T11:28:58Z,1kvCgUmgtM0,"""Rule 4: Keep death in view"" — Epictetus | Stoicism",22,1,2,https://youtube.com/shorts/1kvCgUmgtM0
2026-08-27,2026-08-24T08:10:14Z,V3imKZ73nfM,"""Do it again"" — Musonius Rufus | Stoicism",15,0,2,https://youtube.com/shorts/V3imKZ73nfM
2026-08-27,2026-08-24T04:01:30Z,EWLZWPQ7Gwg,"""Who needed you today"" — Seneca | Stoicism",29,0,2,https://youtube.com/shorts/EWLZWPQ7Gwg
2026-08-27,2026-08-23T11:20:37Z,uJkRXHpJ4As,"""Half your fears are guesses"" — Zeno of Citium | Stoicism",33,1,2,https://youtube.com/shorts/uJkRXHpJ4As
2026-08-27,2026-08-23T07:54:18Z,2X1IIRY__ug,"""Color your mind"" — Marcus Aurelius | Stoicism",73,2,2,https://youtube.com/shorts/2X1IIRY__ug
2026-08-27,2026-08-23T03:53:35Z,przOgT-iIN4,"""Who did you snap at"" — Epictetus | Stoicism",15,0,2,https://youtube.com/shorts/przOgT-iIN4
2026-08-27,2026-08-22T11:24:24Z,fTg4HxBsA5M,"""Spend today like it's all you get"" — Musonius Rufus | Stoicism",41,2,2,https://youtube.com/shorts/fTg4HxBsA5M
2026-08-27,2026-08-22T07:45:08Z,kr6p2mAgA9g,"""Loosen the grip"" — Seneca | Stoicism",98,5,2,https://youtube.com/shorts/kr6p2mAgA9g
2026-08-27,2026-08-22T03:47:12Z,CyUzLkphjLc,"""What are you saving for later"" — Zeno of Citium | Stoicism",24,1,2,https://youtube.com/shorts/CyUzLkphjLc
2026-08-27,2026-08-21T23:39:09Z,wIRO1fQqtc8,"""Just this task"" — Marcus Aurelius | Stoicism",36,2,2,https://youtube.com/shorts/wIRO1fQqtc8
2026-08-27,2026-08-21T19:31:58Z,qQhblsJlFfQ,"""Show it"" — Epictetus | Stoicism",34,1,2,https://youtube.com/shorts/qQhblsJlFfQ
2026-08-27,2026-08-21T16:38:08Z,f5j0svA-SGw,"""Fear rules quietly"" — Musonius Rufus | Stoicism",70,5,2,https://youtube.com/shorts/f5j0svA-SGw
2026-08-27,2026-08-20T11:29:28Z,zEY2lx-HB5s,"""What burdens you feeds you"" — Seneca | Stoicism",23,1,2,https://youtube.com/shorts/zEY2lx-HB5s
2026-08-27,2026-08-20T07:56:46Z,RvWp3HWliig,"""One breath first"" — Zeno of Citium | Stoicism",71,0,2,https://youtube.com/shorts/RvWp3HWliig
2026-08-27,2026-08-20T03:54:06Z,hSUHVWbLrUQ,"""Take what comes. Rule 4"" — Marcus Aurelius | Stoicism",25,2,2,https://youtube.com/shorts/hSUHVWbLrUQ
2026-08-27,2026-08-19T11:21:24Z,zwz0ycTJLAA,"""Empty the cup"" — Epictetus | Stoicism",57,0,2,https://youtube.com/shorts/zwz0ycTJLAA
2026-08-27,2026-08-19T08:04:28Z,n17OlR2SgIg,"""Let it age you"" — Musonius Rufus | Stoicism",49,1,4,https://youtube.com/shorts/n17OlR2SgIg
2026-08-27,2026-08-19T03:45:18Z,vI-qVVXn2SU,"""Slow is fine"" — Seneca | Stoicism",650,16,2,https://youtube.com/shorts/vI-qVVXn2SU
2026-08-27,2026-08-18T11:27:17Z,5F2beQEt2UE,"""Rule 21: Be just where no one checks"" — Zeno of Citium | Stoicism",42,1,2,https://youtube.com/shorts/5F2beQEt2UE
2026-08-27,2026-08-18T07:53:48Z,bW1gubDlmAg,"""Nothing gets in"" — Marcus Aurelius | Stoicism",113,3,2,https://youtube.com/shorts/bW1gubDlmAg
2026-08-27,2026-08-18T03:51:24Z,QHjtbg9mEfs,"""This is the test"" — Epictetus | Stoicism",67,3,2,https://youtube.com/shorts/QHjtbg9mEfs
2026-08-27,2026-08-17T11:22:34Z,gQgITV9h1WI,"""The harder win"" — Musonius Rufus | Stoicism",334,8,2,https://youtube.com/shorts/gQgITV9h1WI
2026-08-27,2026-08-17T08:13:33Z,40uJE--rZhg,"""Stop dragging the world"" — Seneca | Stoicism",41,1,2,https://youtube.com/shorts/40uJE--rZhg
2026-08-27,2026-08-17T03:48:47Z,VRvQUEOBVSc,"""Drop the act"" — Zeno of Citium | Stoicism",267,6,2,https://youtube.com/shorts/VRvQUEOBVSc
2026-08-27,2026-08-16T11:22:27Z,UehZvwaZWSM,"""Start from zero"" — Marcus Aurelius | Stoicism",122,1,2,https://youtube.com/shorts/UehZvwaZWSM
2026-08-27,2026-08-16T07:48:11Z,9xJqvFBwaSQ,"""Rule 14: Let it ripen slowly"" — Epictetus | Stoicism",13,0,2,https://youtube.com/shorts/9xJqvFBwaSQ
2026-08-27,2026-08-16T03:55:30Z,ZZZAoiailGA,"""Justice starts closer than you think"" — Musonius Rufus | Stoicism",58,3,2,https://youtube.com/shorts/ZZZAoiailGA
2026-08-27,2026-08-15T11:17:35Z,QdN51yPIys8,"""Meet it early"" — Seneca | Stoicism",58,2,2,https://youtube.com/shorts/QdN51yPIys8
2026-08-27,2026-08-15T07:49:22Z,d8POTCrUSuk,"""Rule 31: Take the hit and stay standing"" — Zeno of Citium | Stoicism",99,1,2,https://youtube.com/shorts/d8POTCrUSuk
2026-08-27,2026-08-15T03:42:29Z,zDvyxWor3Aw,"""Don't become it"" — Marcus Aurelius | Stoicism",704,35,2,https://youtube.com/shorts/zDvyxWor3Aw
2026-08-27,2026-08-14T11:48:34Z,44ndbnteVQ4,"""If you can't fix it tonight—"" — Epictetus | Stoicism",21,2,2,https://youtube.com/shorts/44ndbnteVQ4
2026-08-27,2026-08-14T08:33:14Z,yIgmnlMn8Yo,"""Rule 5: Own nothing you didn't build"" — Musonius Rufus | Stoicism",121,5,2,https://youtube.com/shorts/yIgmnlMn8Yo
2026-08-27,2026-08-14T05:00:28Z,D0GX5G2EK2o,"""He counted his days like coins"" — Seneca | Stoicism",40,1,2,https://youtube.com/shorts/D0GX5G2EK2o
2026-08-27,2026-08-13T11:44:57Z,uCYwL47CEtI,"""Nothing terrible here"" — Zeno of Citium | Stoicism",58,3,2,https://youtube.com/shorts/uCYwL47CEtI
2026-08-27,2026-08-13T08:43:58Z,cGGfKXhcbtk,"""Answer to yourself"" — Marcus Aurelius | Stoicism",93,1,2,https://youtube.com/shorts/cGGfKXhcbtk
2026-08-27,2026-08-13T04:57:28Z,Xlbq2aBt5W8,"""If today felt thankless—"" — Epictetus | Stoicism",15,1,2,https://youtube.com/shorts/Xlbq2aBt5W8
2026-08-27,2026-08-12T11:51:40Z,SsipBXrnSjM,"""Rule 24: Carry his faults quietly"" — Musonius Rufus | Stoicism",45,1,2,https://youtube.com/shorts/SsipBXrnSjM
2026-08-27,2026-08-12T08:35:51Z,tGmooVvt-bQ,"""His enemy already held the throne"" — Seneca | Stoicism",41,1,2,https://youtube.com/shorts/tGmooVvt-bQ
2026-08-27,2026-08-12T04:53:15Z,nUgDtEcNS04,"""Nothing can force you"" — Zeno of Citium | Stoicism",360,11,2,https://youtube.com/shorts/nUgDtEcNS04
2026-08-27,2026-08-11T11:44:19Z,UAtmv79K-yg,"""Weigh what you chase"" — Marcus Aurelius | Stoicism",39,2,2,https://youtube.com/shorts/UAtmv79K-yg
2026-08-27,2026-08-11T08:28:21Z,7uSSDaHmxII,"""Still clenching your jaw"" — Epictetus | Stoicism",23,0,2,https://youtube.com/shorts/7uSSDaHmxII
2026-08-27,2026-08-11T04:23:22Z,z_vD6ymLa9I,"""Rule 19: Stop fighting what's already fixed"" — Musonius Rufus | Stoicism",31,1,2,https://youtube.com/shorts/z_vD6ymLa9I
2026-08-27,2026-08-10T09:03:05Z,IKub-zaJyVY,"""The advisor who owned half of Rome"" — Seneca | Stoicism",41,1,2,https://youtube.com/shorts/IKub-zaJyVY
2026-08-27,2026-08-27T04:37:44Z,v2LDh11ZkXw,"""Two thousand years ago a man wrote his friend a letter that just said: I'm not ill, and",6,0,2,https://youtube.com/shorts/v2LDh11ZkXw
2026-08-27,2026-08-26T11:33:15Z,71r-XlkpT3E,"""Serve without applause. Rule 28"" — Marcus Aurelius | Stoicism",58,1,2,https://youtube.com/shorts/71r-XlkpT3E
2026-08-27,2026-08-26T08:09:05Z,uQVkBsOMYQw,"""The terror is added"" — Epictetus | Stoicism",222,4,2,https://youtube.com/shorts/uQVkBsOMYQw
2026-08-27,2026-08-26T04:02:44Z,H-xFLcNuIwU,"""What broke you today"" — Musonius Rufus | Stoicism",22,0,2,https://youtube.com/shorts/H-xFLcNuIwU
2026-08-27,2026-08-25T11:26:32Z,Q5NRu0nzkPg,"""Give it a minute"" — Seneca | Stoicism",33,2,2,https://youtube.com/shorts/Q5NRu0nzkPg
2026-08-27,2026-08-25T08:01:35Z,kIjqfJvj3Ps,"""Stop forcing it"" — Zeno of Citium | Stoicism",78,4,2,https://youtube.com/shorts/kIjqfJvj3Ps
2026-08-27,2026-08-25T03:51:41Z,e7jx6OFXAD4,"""Still need to be right"" — Marcus Aurelius | Stoicism",51,1,2,https://youtube.com/shorts/e7jx6OFXAD4
2026-08-27,2026-08-24T11:28:58Z,1kvCgUmgtM0,"""Rule 4: Keep death in view"" — Epictetus | Stoicism",22,1,2,https://youtube.com/shorts/1kvCgUmgtM0
2026-08-27,2026-08-24T08:10:14Z,V3imKZ73nfM,"""Do it again"" — Musonius Rufus | Stoicism",15,0,2,https://youtube.com/shorts/V3imKZ73nfM
2026-08-27,2026-08-24T04:01:30Z,EWLZWPQ7Gwg,"""Who needed you today"" — Seneca | Stoicism",29,0,2,https://youtube.com/shorts/EWLZWPQ7Gwg
2026-08-27,2026-08-23T11:20:37Z,uJkRXHpJ4As,"""Half your fears are guesses"" — Zeno of Citium | Stoicism",33,1,2,https://youtube.com/shorts/uJkRXHpJ4As
2026-08-27,2026-08-23T07:54:18Z,2X1IIRY__ug,"""Color your mind"" — Marcus Aurelius | Stoicism",73,2,2,https://youtube.com/shorts/2X1IIRY__ug
2026-08-27,2026-08-23T03:53:35Z,przOgT-iIN4,"""Who did you snap at"" — Epictetus | Stoicism",15,0,2,https://youtube.com/shorts/przOgT-iIN4
2026-08-27,2026-08-22T11:24:24Z,fTg4HxBsA5M,"""Spend today like it's all you get"" — Musonius Rufus | Stoicism",41,2,2,https://youtube.com/shorts/fTg4HxBsA5M
2026-08-27,2026-08-22T07:45:08Z,kr6p2mAgA9g,"""Loosen the grip"" — Seneca | Stoicism",98,5,2,https://youtube.com/shorts/kr6p2mAgA9g
2026-08-27,2026-08-22T03:47:12Z,CyUzLkphjLc,"""What are you saving for later"" — Zeno of Citium | Stoicism",24,1,2,https://youtube.com/shorts/CyUzLkphjLc
2026-08-27,2026-08-21T23:39:09Z,wIRO1fQqtc8,"""Just this task"" — Marcus Aurelius | Stoicism",36,2,2,https://youtube.com/shorts/wIRO1fQqtc8
2026-08-27,2026-08-21T19:31:58Z,qQhblsJlFfQ,"""Show it"" — Epictetus | Stoicism",34,1,2,https://youtube.com/shorts/qQhblsJlFfQ
2026-08-27,2026-08-21T16:38:08Z,f5j0svA-SGw,"""Fear rules quietly"" — Musonius Rufus | Stoicism",70,5,2,https://youtube.com/shorts/f5j0svA-SGw
2026-08-27,2026-08-20T11:29:28Z,zEY2lx-HB5s,"""What burdens you feeds you"" — Seneca | Stoicism",23,1,2,https://youtube.com/shorts/zEY2lx-HB5s
2026-08-27,2026-08-20T07:56:46Z,RvWp3HWliig,"""One breath first"" — Zeno of Citium | Stoicism",71,0,2,https://youtube.com/shorts/RvWp3HWliig
2026-08-27,2026-08-20T03:54:06Z,hSUHVWbLrUQ,"""Take what comes. Rule 4"" — Marcus Aurelius | Stoicism",25,2,2,https://youtube.com/shorts/hSUHVWbLrUQ
2026-08-27,2026-08-19T11:21:24Z,zwz0ycTJLAA,"""Empty the cup"" — Epictetus | Stoicism",57,0,2,https://youtube.com/shorts/zwz0ycTJLAA
2026-08-27,2026-08-19T08:04:28Z,n17OlR2SgIg,"""Let it age you"" — Musonius Rufus | Stoicism",49,1,4,https://youtube.com/shorts/n17OlR2SgIg
2026-08-27,2026-08-19T03:45:18Z,vI-qVVXn2SU,"""Slow is fine"" — Seneca | Stoicism",650,16,2,https://youtube.com/shorts/vI-qVVXn2SU
2026-08-27,2026-08-18T11:27:17Z,5F2beQEt2UE,"""Rule 21: Be just where no one checks"" — Zeno of Citium | Stoicism",42,1,2,https://youtube.com/shorts/5F2beQEt2UE
2026-08-27,2026-08-18T07:53:48Z,bW1gubDlmAg,"""Nothing gets in"" — Marcus Aurelius | Stoicism",113,3,2,https://youtube.com/shorts/bW1gubDlmAg
2026-08-27,2026-08-18T03:51:24Z,QHjtbg9mEfs,"""This is the test"" — Epictetus | Stoicism",67,3,2,https://youtube.com/shorts/QHjtbg9mEfs
2026-08-27,2026-08-17T11:22:34Z,gQgITV9h1WI,"""The harder win"" — Musonius Rufus | Stoicism",334,8,2,https://youtube.com/shorts/gQgITV9h1WI
2026-08-27,2026-08-17T08:13:33Z,40uJE--rZhg,"""Stop dragging the world"" — Seneca | Stoicism",41,1,2,https://youtube.com/shorts/40uJE--rZhg
2026-08-27,2026-08-17T03:48:47Z,VRvQUEOBVSc,"""Drop the act"" — Zeno of Citium | Stoicism",267,6,2,https://youtube.com/shorts/VRvQUEOBVSc
2026-08-27,2026-08-16T11:22:27Z,UehZvwaZWSM,"""Start from zero"" — Marcus Aurelius | Stoicism",122,1,2,https://youtube.com/shorts/UehZvwaZWSM
2026-08-27,2026-08-16T07:48:11Z,9xJqvFBwaSQ,"""Rule 14: Let it ripen slowly"" — Epictetus | Stoicism",13,0,2,https://youtube.com/shorts/9xJqvFBwaSQ
2026-08-27,2026-08-16T03:55:30Z,ZZZAoiailGA,"""Justice starts closer than you think"" — Musonius Rufus | Stoicism",58,3,2,https://youtube.com/shorts/ZZZAoiailGA
2026-08-27,2026-08-15T11:17:35Z,QdN51yPIys8,"""Meet it early"" — Seneca | Stoicism",58,2,2,https://youtube.com/shorts/QdN51yPIys8
2026-08-27,2026-08-15T07:49:22Z,d8POTCrUSuk,"""Rule 31: Take the hit and stay standing"" — Zeno of Citium | Stoicism",99,1,2,https://youtube.com/shorts/d8POTCrUSuk
2026-08-27,2026-08-15T03:42:29Z,zDvyxWor3Aw,"""Don't become it"" — Marcus Aurelius | Stoicism",704,35,2,https://youtube.com/shorts/zDvyxWor3Aw
2026-08-27,2026-08-14T11:48:34Z,44ndbnteVQ4,"""If you can't fix it tonight—"" — Epictetus | Stoicism",21,2,2,https://youtube.com/shorts/44ndbnteVQ4
2026-08-27,2026-08-14T08:33:14Z,yIgmnlMn8Yo,"""Rule 5: Own nothing you didn't build"" — Musonius Rufus | Stoicism",121,5,2,https://youtube.com/shorts/yIgmnlMn8Yo
2026-08-27,2026-08-14T05:00:28Z,D0GX5G2EK2o,"""He counted his days like coins"" — Seneca | Stoicism",40,1,2,https://youtube.com/shorts/D0GX5G2EK2o
2026-08-27,2026-08-13T11:44:57Z,uCYwL47CEtI,"""Nothing terrible here"" — Zeno of Citium | Stoicism",58,3,2,https://youtube.com/shorts/uCYwL47CEtI
2026-08-27,2026-08-13T08:43:58Z,cGGfKXhcbtk,"""Answer to yourself"" — Marcus Aurelius | Stoicism",93,1,2,https://youtube.com/shorts/cGGfKXhcbtk
2026-08-27,2026-08-13T04:57:28Z,Xlbq2aBt5W8,"""If today felt thankless—"" — Epictetus | Stoicism",15,1,2,https://youtube.com/shorts/Xlbq2aBt5W8
2026-08-27,2026-08-12T11:51:40Z,SsipBXrnSjM,"""Rule 24: Carry his faults quietly"" — Musonius Rufus | Stoicism",45,1,2,https://youtube.com/shorts/SsipBXrnSjM
2026-08-27,2026-08-12T08:35:51Z,tGmooVvt-bQ,"""His enemy already held the throne"" — Seneca | Stoicism",41,1,2,https://youtube.com/shorts/tGmooVvt-bQ
2026-08-27,2026-08-12T04:53:15Z,nUgDtEcNS04,"""Nothing can force you"" — Zeno of Citium | Stoicism",360,11,2,https://youtube.com/shorts/nUgDtEcNS04
2026-08-27,2026-08-11T11:44:19Z,UAtmv79K-yg,"""Weigh what you chase"" — Marcus Aurelius | Stoicism",39,2,2,https://youtube.com/shorts/UAtmv79K-yg
2026-08-27,2026-08-11T08:28:21Z,7uSSDaHmxII,"""Still clenching your jaw"" — Epictetus | Stoicism",23,0,2,https://youtube.com/shorts/7uSSDaHmxII
2026-08-27,2026-08-11T04:23:22Z,z_vD6ymLa9I,"""Rule 19: Stop fighting what's already fixed"" — Musonius Rufus | Stoicism",31,1,2,https://youtube.com/shorts/z_vD6ymLa9I
2026-08-27,2026-08-10T09:03:05Z,IKub-zaJyVY,"""The advisor who owned half of Rome"" — Seneca | Stoicism",41,1,2,https://youtube.com/shorts/IKub-zaJyVY
2026-08-28,2026-08-28T00:27:48Z,O98DTZMTzpU,"""Marcus Aurelius broke down crying in public when his teacher died, and the palace staff",0,0,2,https://youtube.com/shorts/O98DTZMTzpU
2026-08-28,2026-08-27T04:37:44Z,v2LDh11ZkXw,"""Two thousand years ago a man wrote his friend a letter that just said: I'm not ill, and",6,0,2,https://youtube.com/shorts/v2LDh11ZkXw
2026-08-28,2026-08-26T11:33:15Z,71r-XlkpT3E,"""Serve without applause. Rule 28"" — Marcus Aurelius | Stoicism",59,1,2,https://youtube.com/shorts/71r-XlkpT3E
2026-08-28,2026-08-26T08:09:05Z,uQVkBsOMYQw,"""The terror is added"" — Epictetus | Stoicism",222,4,2,https://youtube.com/shorts/uQVkBsOMYQw
2026-08-28,2026-08-26T04:02:44Z,H-xFLcNuIwU,"""What broke you today"" — Musonius Rufus | Stoicism",22,0,2,https://youtube.com/shorts/H-xFLcNuIwU
2026-08-28,2026-08-25T11:26:32Z,Q5NRu0nzkPg,"""Give it a minute"" — Seneca | Stoicism",33,2,2,https://youtube.com/shorts/Q5NRu0nzkPg
2026-08-28,2026-08-25T08:01:35Z,kIjqfJvj3Ps,"""Stop forcing it"" — Zeno of Citium | Stoicism",78,4,2,https://youtube.com/shorts/kIjqfJvj3Ps
2026-08-28,2026-08-25T03:51:41Z,e7jx6OFXAD4,"""Still need to be right"" — Marcus Aurelius | Stoicism",51,1,2,https://youtube.com/shorts/e7jx6OFXAD4
2026-08-28,2026-08-24T11:28:58Z,1kvCgUmgtM0,"""Rule 4: Keep death in view"" — Epictetus | Stoicism",22,1,2,https://youtube.com/shorts/1kvCgUmgtM0
2026-08-28,2026-08-24T08:10:14Z,V3imKZ73nfM,"""Do it again"" — Musonius Rufus | Stoicism",15,0,2,https://youtube.com/shorts/V3imKZ73nfM
2026-08-28,2026-08-24T04:01:30Z,EWLZWPQ7Gwg,"""Who needed you today"" — Seneca | Stoicism",29,0,2,https://youtube.com/shorts/EWLZWPQ7Gwg
2026-08-28,2026-08-23T11:20:37Z,uJkRXHpJ4As,"""Half your fears are guesses"" — Zeno of Citium | Stoicism",33,1,2,https://youtube.com/shorts/uJkRXHpJ4As
2026-08-28,2026-08-23T07:54:18Z,2X1IIRY__ug,"""Color your mind"" — Marcus Aurelius | Stoicism",73,2,2,https://youtube.com/shorts/2X1IIRY__ug
2026-08-28,2026-08-23T03:53:35Z,przOgT-iIN4,"""Who did you snap at"" — Epictetus | Stoicism",15,0,2,https://youtube.com/shorts/przOgT-iIN4
2026-08-28,2026-08-22T11:24:24Z,fTg4HxBsA5M,"""Spend today like it's all you get"" — Musonius Rufus | Stoicism",41,2,2,https://youtube.com/shorts/fTg4HxBsA5M
2026-08-28,2026-08-22T07:45:08Z,kr6p2mAgA9g,"""Loosen the grip"" — Seneca | Stoicism",98,5,2,https://youtube.com/shorts/kr6p2mAgA9g
2026-08-28,2026-08-22T03:47:12Z,CyUzLkphjLc,"""What are you saving for later"" — Zeno of Citium | Stoicism",24,1,2,https://youtube.com/shorts/CyUzLkphjLc
2026-08-28,2026-08-21T23:39:09Z,wIRO1fQqtc8,"""Just this task"" — Marcus Aurelius | Stoicism",36,2,2,https://youtube.com/shorts/wIRO1fQqtc8
2026-08-28,2026-08-21T19:31:58Z,qQhblsJlFfQ,"""Show it"" — Epictetus | Stoicism",34,1,2,https://youtube.com/shorts/qQhblsJlFfQ
2026-08-28,2026-08-21T16:38:08Z,f5j0svA-SGw,"""Fear rules quietly"" — Musonius Rufus | Stoicism",70,5,2,https://youtube.com/shorts/f5j0svA-SGw
2026-08-28,2026-08-20T11:29:28Z,zEY2lx-HB5s,"""What burdens you feeds you"" — Seneca | Stoicism",23,1,2,https://youtube.com/shorts/zEY2lx-HB5s
2026-08-28,2026-08-20T07:56:46Z,RvWp3HWliig,"""One breath first"" — Zeno of Citium | Stoicism",71,0,2,https://youtube.com/shorts/RvWp3HWliig
2026-08-28,2026-08-20T03:54:06Z,hSUHVWbLrUQ,"""Take what comes. Rule 4"" — Marcus Aurelius | Stoicism",25,2,2,https://youtube.com/shorts/hSUHVWbLrUQ
2026-08-28,2026-08-19T11:21:24Z,zwz0ycTJLAA,"""Empty the cup"" — Epictetus | Stoicism",57,0,2,https://youtube.com/shorts/zwz0ycTJLAA
2026-08-28,2026-08-19T08:04:28Z,n17OlR2SgIg,"""Let it age you"" — Musonius Rufus | Stoicism",49,1,4,https://youtube.com/shorts/n17OlR2SgIg
2026-08-28,2026-08-19T03:45:18Z,vI-qVVXn2SU,"""Slow is fine"" — Seneca | Stoicism",650,16,2,https://youtube.com/shorts/vI-qVVXn2SU
2026-08-28,2026-08-18T11:27:17Z,5F2beQEt2UE,"""Rule 21: Be just where no one checks"" — Zeno of Citium | Stoicism",42,1,2,https://youtube.com/shorts/5F2beQEt2UE
2026-08-28,2026-08-18T07:53:48Z,bW1gubDlmAg,"""Nothing gets in"" — Marcus Aurelius | Stoicism",113,3,2,https://youtube.com/shorts/bW1gubDlmAg
2026-08-28,2026-08-18T03:51:24Z,QHjtbg9mEfs,"""This is the test"" — Epictetus | Stoicism",67,3,2,https://youtube.com/shorts/QHjtbg9mEfs
2026-08-28,2026-08-17T11:22:34Z,gQgITV9h1WI,"""The harder win"" — Musonius Rufus | Stoicism",334,8,2,https://youtube.com/shorts/gQgITV9h1WI
2026-08-28,2026-08-17T08:13:33Z,40uJE--rZhg,"""Stop dragging the world"" — Seneca | Stoicism",41,1,2,https://youtube.com/shorts/40uJE--rZhg
2026-08-28,2026-08-17T03:48:47Z,VRvQUEOBVSc,"""Drop the act"" — Zeno of Citium | Stoicism",267,6,2,https://youtube.com/shorts/VRvQUEOBVSc
2026-08-28,2026-08-16T11:22:27Z,UehZvwaZWSM,"""Start from zero"" — Marcus Aurelius | Stoicism",122,1,2,https://youtube.com/shorts/UehZvwaZWSM
2026-08-28,2026-08-16T07:48:11Z,9xJqvFBwaSQ,"""Rule 14: Let it ripen slowly"" — Epictetus | Stoicism",13,0,2,https://youtube.com/shorts/9xJqvFBwaSQ
2026-08-28,2026-08-16T03:55:30Z,ZZZAoiailGA,"""Justice starts closer than you think"" — Musonius Rufus | Stoicism",58,3,2,https://youtube.com/shorts/ZZZAoiailGA
2026-08-28,2026-08-15T11:17:35Z,QdN51yPIys8,"""Meet it early"" — Seneca | Stoicism",58,2,2,https://youtube.com/shorts/QdN51yPIys8
2026-08-28,2026-08-15T07:49:22Z,d8POTCrUSuk,"""Rule 31: Take the hit and stay standing"" — Zeno of Citium | Stoicism",99,1,2,https://youtube.com/shorts/d8POTCrUSuk
2026-08-28,2026-08-15T03:42:29Z,zDvyxWor3Aw,"""Don't become it"" — Marcus Aurelius | Stoicism",704,35,2,https://youtube.com/shorts/zDvyxWor3Aw
2026-08-28,2026-08-14T11:48:34Z,44ndbnteVQ4,"""If you can't fix it tonight—"" — Epictetus | Stoicism",21,2,2,https://youtube.com/shorts/44ndbnteVQ4
2026-08-28,2026-08-14T08:33:14Z,yIgmnlMn8Yo,"""Rule 5: Own nothing you didn't build"" — Musonius Rufus | Stoicism",121,5,2,https://youtube.com/shorts/yIgmnlMn8Yo
2026-08-28,2026-08-14T05:00:28Z,D0GX5G2EK2o,"""He counted his days like coins"" — Seneca | Stoicism",40,1,2,https://youtube.com/shorts/D0GX5G2EK2o
2026-08-28,2026-08-13T11:44:57Z,uCYwL47CEtI,"""Nothing terrible here"" — Zeno of Citium | Stoicism",58,3,2,https://youtube.com/shorts/uCYwL47CEtI
2026-08-28,2026-08-13T08:43:58Z,cGGfKXhcbtk,"""Answer to yourself"" — Marcus Aurelius | Stoicism",93,1,2,https://youtube.com/shorts/cGGfKXhcbtk
2026-08-28,2026-08-13T04:57:28Z,Xlbq2aBt5W8,"""If today felt thankless—"" — Epictetus | Stoicism",15,1,2,https://youtube.com/shorts/Xlbq2aBt5W8
2026-08-28,2026-08-12T11:51:40Z,SsipBXrnSjM,"""Rule 24: Carry his faults quietly"" — Musonius Rufus | Stoicism",45,1,2,https://youtube.com/shorts/SsipBXrnSjM
2026-08-28,2026-08-12T08:35:51Z,tGmooVvt-bQ,"""His enemy already held the throne"" — Seneca | Stoicism",41,1,2,https://youtube.com/shorts/tGmooVvt-bQ
2026-08-28,2026-08-12T04:53:15Z,nUgDtEcNS04,"""Nothing can force you"" — Zeno of Citium | Stoicism",360,11,2,https://youtube.com/shorts/nUgDtEcNS04
2026-08-28,2026-08-11T11:44:19Z,UAtmv79K-yg,"""Weigh what you chase"" — Marcus Aurelius | Stoicism",39,2,2,https://youtube.com/shorts/UAtmv79K-yg
2026-08-28,2026-08-11T08:28:21Z,7uSSDaHmxII,"""Still clenching your jaw"" — Epictetus | Stoicism",23,0,2,https://youtube.com/shorts/7uSSDaHmxII
2026-08-28,2026-08-11T04:23:22Z,z_vD6ymLa9I,"""Rule 19: Stop fighting what's already fixed"" — Musonius Rufus | Stoicism",31,1,2,https://youtube.com/shorts/z_vD6ymLa9I
2026-08-28,2026-08-28T00:29:02Z,O98DTZMTzpU,"""Marcus Aurelius broke down crying in public when his teacher died, and the palace staff",8,0,2,https://youtube.com/shorts/O98DTZMTzpU
2026-08-28,2026-08-27T04:37:44Z,v2LDh11ZkXw,"""Two thousand years ago a man wrote his friend a letter that just said: I'm not ill, and",6,0,2,https://youtube.com/shorts/v2LDh11ZkXw
2026-08-28,2026-08-26T11:33:15Z,71r-XlkpT3E,"""Serve without applause. Rule 28"" — Marcus Aurelius | Stoicism",59,1,2,https://youtube.com/shorts/71r-XlkpT3E
2026-08-28,2026-08-26T08:09:05Z,uQVkBsOMYQw,"""The terror is added"" — Epictetus | Stoicism",222,4,2,https://youtube.com/shorts/uQVkBsOMYQw
2026-08-28,2026-08-26T04:02:44Z,H-xFLcNuIwU,"""What broke you today"" — Musonius Rufus | Stoicism",23,0,2,https://youtube.com/shorts/H-xFLcNuIwU
2026-08-28,2026-08-25T11:26:32Z,Q5NRu0nzkPg,"""Give it a minute"" — Seneca | Stoicism",33,2,2,https://youtube.com/shorts/Q5NRu0nzkPg
2026-08-28,2026-08-25T08:01:35Z,kIjqfJvj3Ps,"""Stop forcing it"" — Zeno of Citium | Stoicism",78,4,2,https://youtube.com/shorts/kIjqfJvj3Ps
2026-08-28,2026-08-25T03:51:41Z,e7jx6OFXAD4,"""Still need to be right"" — Marcus Aurelius | Stoicism",51,1,2,https://youtube.com/shorts/e7jx6OFXAD4
2026-08-28,2026-08-24T11:28:58Z,1kvCgUmgtM0,"""Rule 4: Keep death in view"" — Epictetus | Stoicism",22,1,2,https://youtube.com/shorts/1kvCgUmgtM0
2026-08-28,2026-08-24T08:10:14Z,V3imKZ73nfM,"""Do it again"" — Musonius Rufus | Stoicism",15,0,2,https://youtube.com/shorts/V3imKZ73nfM
2026-08-28,2026-08-24T04:01:30Z,EWLZWPQ7Gwg,"""Who needed you today"" — Seneca | Stoicism",29,0,2,https://youtube.com/shorts/EWLZWPQ7Gwg
2026-08-28,2026-08-23T11:20:37Z,uJkRXHpJ4As,"""Half your fears are guesses"" — Zeno of Citium | Stoicism",33,1,2,https://youtube.com/shorts/uJkRXHpJ4As
2026-08-28,2026-08-23T07:54:18Z,2X1IIRY__ug,"""Color your mind"" — Marcus Aurelius | Stoicism",73,2,2,https://youtube.com/shorts/2X1IIRY__ug
2026-08-28,2026-08-23T03:53:35Z,przOgT-iIN4,"""Who did you snap at"" — Epictetus | Stoicism",15,0,2,https://youtube.com/shorts/przOgT-iIN4
2026-08-28,2026-08-22T11:24:24Z,fTg4HxBsA5M,"""Spend today like it's all you get"" — Musonius Rufus | Stoicism",41,2,2,https://youtube.com/shorts/fTg4HxBsA5M
2026-08-28,2026-08-22T07:45:08Z,kr6p2mAgA9g,"""Loosen the grip"" — Seneca | Stoicism",98,5,2,https://youtube.com/shorts/kr6p2mAgA9g
2026-08-28,2026-08-22T03:47:12Z,CyUzLkphjLc,"""What are you saving for later"" — Zeno of Citium | Stoicism",24,1,2,https://youtube.com/shorts/CyUzLkphjLc
2026-08-28,2026-08-21T23:39:09Z,wIRO1fQqtc8,"""Just this task"" — Marcus Aurelius | Stoicism",36,2,2,https://youtube.com/shorts/wIRO1fQqtc8
2026-08-28,2026-08-21T19:31:58Z,qQhblsJlFfQ,"""Show it"" — Epictetus | Stoicism",34,1,2,https://youtube.com/shorts/qQhblsJlFfQ
2026-08-28,2026-08-21T16:38:08Z,f5j0svA-SGw,"""Fear rules quietly"" — Musonius Rufus | Stoicism",70,5,2,https://youtube.com/shorts/f5j0svA-SGw
2026-08-28,2026-08-20T11:29:28Z,zEY2lx-HB5s,"""What burdens you feeds you"" — Seneca | Stoicism",23,1,2,https://youtube.com/shorts/zEY2lx-HB5s
2026-08-28,2026-08-20T07:56:46Z,RvWp3HWliig,"""One breath first"" — Zeno of Citium | Stoicism",71,0,2,https://youtube.com/shorts/RvWp3HWliig
2026-08-28,2026-08-20T03:54:06Z,hSUHVWbLrUQ,"""Take what comes. Rule 4"" — Marcus Aurelius | Stoicism",25,2,2,https://youtube.com/shorts/hSUHVWbLrUQ
2026-08-28,2026-08-19T11:21:24Z,zwz0ycTJLAA,"""Empty the cup"" — Epictetus | Stoicism",57,0,2,https://youtube.com/shorts/zwz0ycTJLAA
2026-08-28,2026-08-19T08:04:28Z,n17OlR2SgIg,"""Let it age you"" — Musonius Rufus | Stoicism",49,1,4,https://youtube.com/shorts/n17OlR2SgIg
2026-08-28,2026-08-19T03:45:18Z,vI-qVVXn2SU,"""Slow is fine"" — Seneca | Stoicism",650,16,2,https://youtube.com/shorts/vI-qVVXn2SU
2026-08-28,2026-08-18T11:27:17Z,5F2beQEt2UE,"""Rule 21: Be just where no one checks"" — Zeno of Citium | Stoicism",42,1,2,https://youtube.com/shorts/5F2beQEt2UE
2026-08-28,2026-08-18T07:53:48Z,bW1gubDlmAg,"""Nothing gets in"" — Marcus Aurelius | Stoicism",113,3,2,https://youtube.com/shorts/bW1gubDlmAg
2026-08-28,2026-08-18T03:51:24Z,QHjtbg9mEfs,"""This is the test"" — Epictetus | Stoicism",67,3,2,https://youtube.com/shorts/QHjtbg9mEfs
2026-08-28,2026-08-17T11:22:34Z,gQgITV9h1WI,"""The harder win"" — Musonius Rufus | Stoicism",334,8,2,https://youtube.com/shorts/gQgITV9h1WI
2026-08-28,2026-08-17T08:13:33Z,40uJE--rZhg,"""Stop dragging the world"" — Seneca | Stoicism",41,1,2,https://youtube.com/shorts/40uJE--rZhg
2026-08-28,2026-08-17T03:48:47Z,VRvQUEOBVSc,"""Drop the act"" — Zeno of Citium | Stoicism",267,6,2,https://youtube.com/shorts/VRvQUEOBVSc
2026-08-28,2026-08-16T11:22:27Z,UehZvwaZWSM,"""Start from zero"" — Marcus Aurelius | Stoicism",122,1,2,https://youtube.com/shorts/UehZvwaZWSM
2026-08-28,2026-08-16T07:48:11Z,9xJqvFBwaSQ,"""Rule 14: Let it ripen slowly"" — Epictetus | Stoicism",13,0,2,https://youtube.com/shorts/9xJqvFBwaSQ
2026-08-28,2026-08-16T03:55:30Z,ZZZAoiailGA,"""Justice starts closer than you think"" — Musonius Rufus | Stoicism",58,3,2,https://youtube.com/shorts/ZZZAoiailGA
2026-08-28,2026-08-15T11:17:35Z,QdN51yPIys8,"""Meet it early"" — Seneca | Stoicism",58,2,2,https://youtube.com/shorts/QdN51yPIys8
2026-08-28,2026-08-15T07:49:22Z,d8POTCrUSuk,"""Rule 31: Take the hit and stay standing"" — Zeno of Citium | Stoicism",99,1,2,https://youtube.com/shorts/d8POTCrUSuk
2026-08-28,2026-08-15T03:42:29Z,zDvyxWor3Aw,"""Don't become it"" — Marcus Aurelius | Stoicism",704,35,2,https://youtube.com/shorts/zDvyxWor3Aw
2026-08-28,2026-08-14T11:48:34Z,44ndbnteVQ4,"""If you can't fix it tonight—"" — Epictetus | Stoicism",21,2,2,https://youtube.com/shorts/44ndbnteVQ4
2026-08-28,2026-08-14T08:33:14Z,yIgmnlMn8Yo,"""Rule 5: Own nothing you didn't build"" — Musonius Rufus | Stoicism",121,5,2,https://youtube.com/shorts/yIgmnlMn8Yo
2026-08-28,2026-08-14T05:00:28Z,D0GX5G2EK2o,"""He counted his days like coins"" — Seneca | Stoicism",40,1,2,https://youtube.com/shorts/D0GX5G2EK2o
2026-08-28,2026-08-13T11:44:57Z,uCYwL47CEtI,"""Nothing terrible here"" — Zeno of Citium | Stoicism",58,3,2,https://youtube.com/shorts/uCYwL47CEtI
2026-08-28,2026-08-13T08:43:58Z,cGGfKXhcbtk,"""Answer to yourself"" — Marcus Aurelius | Stoicism",93,1,2,https://youtube.com/shorts/cGGfKXhcbtk
2026-08-28,2026-08-13T04:57:28Z,Xlbq2aBt5W8,"""If today felt thankless—"" — Epictetus | Stoicism",15,1,2,https://youtube.com/shorts/Xlbq2aBt5W8
2026-08-28,2026-08-12T11:51:40Z,SsipBXrnSjM,"""Rule 24: Carry his faults quietly"" — Musonius Rufus | Stoicism",45,1,2,https://youtube.com/shorts/SsipBXrnSjM
2026-08-28,2026-08-12T08:35:51Z,tGmooVvt-bQ,"""His enemy already held the throne"" — Seneca | Stoicism",41,1,2,https://youtube.com/shorts/tGmooVvt-bQ
2026-08-28,2026-08-12T04:53:15Z,nUgDtEcNS04,"""Nothing can force you"" — Zeno of Citium | Stoicism",360,11,2,https://youtube.com/shorts/nUgDtEcNS04
2026-08-28,2026-08-11T11:44:19Z,UAtmv79K-yg,"""Weigh what you chase"" — Marcus Aurelius | Stoicism",39,2,2,https://youtube.com/shorts/UAtmv79K-yg
2026-08-28,2026-08-11T08:28:21Z,7uSSDaHmxII,"""Still clenching your jaw"" — Epictetus | Stoicism",23,0,2,https://youtube.com/shorts/7uSSDaHmxII
2026-08-28,2026-08-11T04:23:22Z,z_vD6ymLa9I,"""Rule 19: Stop fighting what's already fixed"" — Musonius Rufus | Stoicism",31,1,2,https://youtube.com/shorts/z_vD6ymLa9I
2026-08-28,2026-08-28T00:29:02Z,O98DTZMTzpU,"""Marcus Aurelius broke down crying in public when his teacher died, and the palace staff",8,0,2,https://youtube.com/shorts/O98DTZMTzpU
2026-08-28,2026-08-27T04:37:44Z,v2LDh11ZkXw,"""Two thousand years ago a man wrote his friend a letter that just said: I'm not ill, and",6,0,2,https://youtube.com/shorts/v2LDh11ZkXw
2026-08-28,2026-08-26T11:33:15Z,71r-XlkpT3E,"""Serve without applause. Rule 28"" — Marcus Aurelius | Stoicism",59,1,2,https://youtube.com/shorts/71r-XlkpT3E
2026-08-28,2026-08-26T08:09:05Z,uQVkBsOMYQw,"""The terror is added"" — Epictetus | Stoicism",222,4,2,https://youtube.com/shorts/uQVkBsOMYQw
2026-08-28,2026-08-26T04:02:44Z,H-xFLcNuIwU,"""What broke you today"" — Musonius Rufus | Stoicism",23,0,2,https://youtube.com/shorts/H-xFLcNuIwU
2026-08-28,2026-08-25T11:26:32Z,Q5NRu0nzkPg,"""Give it a minute"" — Seneca | Stoicism",33,2,2,https://youtube.com/shorts/Q5NRu0nzkPg
2026-08-28,2026-08-25T08:01:35Z,kIjqfJvj3Ps,"""Stop forcing it"" — Zeno of Citium | Stoicism",78,4,2,https://youtube.com/shorts/kIjqfJvj3Ps
2026-08-28,2026-08-25T03:51:41Z,e7jx6OFXAD4,"""Still need to be right"" — Marcus Aurelius | Stoicism",51,1,2,https://youtube.com/shorts/e7jx6OFXAD4
2026-08-28,2026-08-24T11:28:58Z,1kvCgUmgtM0,"""Rule 4: Keep death in view"" — Epictetus | Stoicism",22,1,2,https://youtube.com/shorts/1kvCgUmgtM0
2026-08-28,2026-08-24T08:10:14Z,V3imKZ73nfM,"""Do it again"" — Musonius Rufus | Stoicism",15,0,2,https://youtube.com/shorts/V3imKZ73nfM
2026-08-28,2026-08-24T04:01:30Z,EWLZWPQ7Gwg,"""Who needed you today"" — Seneca | Stoicism",29,0,2,https://youtube.com/shorts/EWLZWPQ7Gwg
2026-08-28,2026-08-23T11:20:37Z,uJkRXHpJ4As,"""Half your fears are guesses"" — Zeno of Citium | Stoicism",33,1,2,https://youtube.com/shorts/uJkRXHpJ4As
2026-08-28,2026-08-23T07:54:18Z,2X1IIRY__ug,"""Color your mind"" — Marcus Aurelius | Stoicism",73,2,2,https://youtube.com/shorts/2X1IIRY__ug
2026-08-28,2026-08-23T03:53:35Z,przOgT-iIN4,"""Who did you snap at"" — Epictetus | Stoicism",15,0,2,https://youtube.com/shorts/przOgT-iIN4
2026-08-28,2026-08-22T11:24:24Z,fTg4HxBsA5M,"""Spend today like it's all you get"" — Musonius Rufus | Stoicism",41,2,2,https://youtube.com/shorts/fTg4HxBsA5M
2026-08-28,2026-08-22T07:45:08Z,kr6p2mAgA9g,"""Loosen the grip"" — Seneca | Stoicism",98,5,2,https://youtube.com/shorts/kr6p2mAgA9g
2026-08-28,2026-08-22T03:47:12Z,CyUzLkphjLc,"""What are you saving for later"" — Zeno of Citium | Stoicism",24,1,2,https://youtube.com/shorts/CyUzLkphjLc
2026-08-28,2026-08-21T23:39:09Z,wIRO1fQqtc8,"""Just this task"" — Marcus Aurelius | Stoicism",36,2,2,https://youtube.com/shorts/wIRO1fQqtc8
2026-08-28,2026-08-21T19:31:58Z,qQhblsJlFfQ,"""Show it"" — Epictetus | Stoicism",34,1,2,https://youtube.com/shorts/qQhblsJlFfQ
2026-08-28,2026-08-21T16:38:08Z,f5j0svA-SGw,"""Fear rules quietly"" — Musonius Rufus | Stoicism",70,5,2,https://youtube.com/shorts/f5j0svA-SGw
2026-08-28,2026-08-20T11:29:28Z,zEY2lx-HB5s,"""What burdens you feeds you"" — Seneca | Stoicism",23,1,2,https://youtube.com/shorts/zEY2lx-HB5s
2026-08-28,2026-08-20T07:56:46Z,RvWp3HWliig,"""One breath first"" — Zeno of Citium | Stoicism",71,0,2,https://youtube.com/shorts/RvWp3HWliig
2026-08-28,2026-08-20T03:54:06Z,hSUHVWbLrUQ,"""Take what comes. Rule 4"" — Marcus Aurelius | Stoicism",25,2,2,https://youtube.com/shorts/hSUHVWbLrUQ
2026-08-28,2026-08-19T11:21:24Z,zwz0ycTJLAA,"""Empty the cup"" — Epictetus | Stoicism",57,0,2,https://youtube.com/shorts/zwz0ycTJLAA
2026-08-28,2026-08-19T08:04:28Z,n17OlR2SgIg,"""Let it age you"" — Musonius Rufus | Stoicism",49,1,4,https://youtube.com/shorts/n17OlR2SgIg
2026-08-28,2026-08-19T03:45:18Z,vI-qVVXn2SU,"""Slow is fine"" — Seneca | Stoicism",650,16,2,https://youtube.com/shorts/vI-qVVXn2SU
2026-08-28,2026-08-18T11:27:17Z,5F2beQEt2UE,"""Rule 21: Be just where no one checks"" — Zeno of Citium | Stoicism",42,1,2,https://youtube.com/shorts/5F2beQEt2UE
2026-08-28,2026-08-18T07:53:48Z,bW1gubDlmAg,"""Nothing gets in"" — Marcus Aurelius | Stoicism",113,3,2,https://youtube.com/shorts/bW1gubDlmAg
2026-08-28,2026-08-18T03:51:24Z,QHjtbg9mEfs,"""This is the test"" — Epictetus | Stoicism",67,3,2,https://youtube.com/shorts/QHjtbg9mEfs
2026-08-28,2026-08-17T11:22:34Z,gQgITV9h1WI,"""The harder win"" — Musonius Rufus | Stoicism",334,8,2,https://youtube.com/shorts/gQgITV9h1WI
2026-08-28,2026-08-17T08:13:33Z,40uJE--rZhg,"""Stop dragging the world"" — Seneca | Stoicism",41,1,2,https://youtube.com/shorts/40uJE--rZhg
2026-08-28,2026-08-17T03:48:47Z,VRvQUEOBVSc,"""Drop the act"" — Zeno of Citium | Stoicism",267,6,2,https://youtube.com/shorts/VRvQUEOBVSc
2026-08-28,2026-08-16T11:22:27Z,UehZvwaZWSM,"""Start from zero"" — Marcus Aurelius | Stoicism",122,1,2,https://youtube.com/shorts/UehZvwaZWSM
2026-08-28,2026-08-16T07:48:11Z,9xJqvFBwaSQ,"""Rule 14: Let it ripen slowly"" — Epictetus | Stoicism",13,0,2,https://youtube.com/shorts/9xJqvFBwaSQ
2026-08-28,2026-08-16T03:55:30Z,ZZZAoiailGA,"""Justice starts closer than you think"" — Musonius Rufus | Stoicism",58,3,2,https://youtube.com/shorts/ZZZAoiailGA
2026-08-28,2026-08-15T11:17:35Z,QdN51yPIys8,"""Meet it early"" — Seneca | Stoicism",58,2,2,https://youtube.com/shorts/QdN51yPIys8
2026-08-28,2026-08-15T07:49:22Z,d8POTCrUSuk,"""Rule 31: Take the hit and stay standing"" — Zeno of Citium | Stoicism",99,1,2,https://youtube.com/shorts/d8POTCrUSuk
2026-08-28,2026-08-15T03:42:29Z,zDvyxWor3Aw,"""Don't become it"" — Marcus Aurelius | Stoicism",704,35,2,https://youtube.com/shorts/zDvyxWor3Aw
2026-08-28,2026-08-14T11:48:34Z,44ndbnteVQ4,"""If you can't fix it tonight—"" — Epictetus | Stoicism",21,2,2,https://youtube.com/shorts/44ndbnteVQ4
2026-08-28,2026-08-14T08:33:14Z,yIgmnlMn8Yo,"""Rule 5: Own nothing you didn't build"" — Musonius Rufus | Stoicism",121,5,2,https://youtube.com/shorts/yIgmnlMn8Yo
2026-08-28,2026-08-14T05:00:28Z,D0GX5G2EK2o,"""He counted his days like coins"" — Seneca | Stoicism",40,1,2,https://youtube.com/shorts/D0GX5G2EK2o
2026-08-28,2026-08-13T11:44:57Z,uCYwL47CEtI,"""Nothing terrible here"" — Zeno of Citium | Stoicism",58,3,2,https://youtube.com/shorts/uCYwL47CEtI
2026-08-28,2026-08-13T08:43:58Z,cGGfKXhcbtk,"""Answer to yourself"" — Marcus Aurelius | Stoicism",93,1,2,https://youtube.com/shorts/cGGfKXhcbtk
2026-08-28,2026-08-13T04:57:28Z,Xlbq2aBt5W8,"""If today felt thankless—"" — Epictetus | Stoicism",15,1,2,https://youtube.com/shorts/Xlbq2aBt5W8
2026-08-28,2026-08-12T11:51:40Z,SsipBXrnSjM,"""Rule 24: Carry his faults quietly"" — Musonius Rufus | Stoicism",45,1,2,https://youtube.com/shorts/SsipBXrnSjM
2026-08-28,2026-08-12T08:35:51Z,tGmooVvt-bQ,"""His enemy already held the throne"" — Seneca | Stoicism",41,1,2,https://youtube.com/shorts/tGmooVvt-bQ
2026-08-28,2026-08-12T04:53:15Z,nUgDtEcNS04,"""Nothing can force you"" — Zeno of Citium | Stoicism",360,11,2,https://youtube.com/shorts/nUgDtEcNS04
2026-08-28,2026-08-11T11:44:19Z,UAtmv79K-yg,"""Weigh what you chase"" — Marcus Aurelius | Stoicism",39,2,2,https://youtube.com/shorts/UAtmv79K-yg
2026-08-28,2026-08-11T08:28:21Z,7uSSDaHmxII,"""Still clenching your jaw"" — Epictetus | Stoicism",23,0,2,https://youtube.com/shorts/7uSSDaHmxII
2026-08-28,2026-08-11T04:23:22Z,z_vD6ymLa9I,"""Rule 19: Stop fighting what's already fixed"" — Musonius Rufus | Stoicism",31,1,2,https://youtube.com/shorts/z_vD6ymLa9I
2026-08-28,2026-08-28T00:29:02Z,O98DTZMTzpU,"""Marcus Aurelius broke down crying in public when his teacher died, and the palace staff",12,0,2,https://youtube.com/shorts/O98DTZMTzpU
2026-08-28,2026-08-27T04:37:44Z,v2LDh11ZkXw,"""Two thousand years ago a man wrote his friend a letter that just said: I'm not ill, and",6,0,2,https://youtube.com/shorts/v2LDh11ZkXw
2026-08-28,2026-08-26T11:33:15Z,71r-XlkpT3E,"""Serve without applause. Rule 28"" — Marcus Aurelius | Stoicism",59,1,2,https://youtube.com/shorts/71r-XlkpT3E
2026-08-28,2026-08-26T08:09:05Z,uQVkBsOMYQw,"""The terror is added"" — Epictetus | Stoicism",222,4,2,https://youtube.com/shorts/uQVkBsOMYQw
2026-08-28,2026-08-26T04:02:44Z,H-xFLcNuIwU,"""What broke you today"" — Musonius Rufus | Stoicism",24,0,2,https://youtube.com/shorts/H-xFLcNuIwU
2026-08-28,2026-08-25T11:26:32Z,Q5NRu0nzkPg,"""Give it a minute"" — Seneca | Stoicism",33,2,2,https://youtube.com/shorts/Q5NRu0nzkPg
2026-08-28,2026-08-25T08:01:35Z,kIjqfJvj3Ps,"""Stop forcing it"" — Zeno of Citium | Stoicism",78,4,2,https://youtube.com/shorts/kIjqfJvj3Ps
2026-08-28,2026-08-25T03:51:41Z,e7jx6OFXAD4,"""Still need to be right"" — Marcus Aurelius | Stoicism",51,1,2,https://youtube.com/shorts/e7jx6OFXAD4
2026-08-28,2026-08-24T11:28:58Z,1kvCgUmgtM0,"""Rule 4: Keep death in view"" — Epictetus | Stoicism",22,1,2,https://youtube.com/shorts/1kvCgUmgtM0
2026-08-28,2026-08-24T08:10:14Z,V3imKZ73nfM,"""Do it again"" — Musonius Rufus | Stoicism",15,0,2,https://youtube.com/shorts/V3imKZ73nfM
2026-08-28,2026-08-24T04:01:30Z,EWLZWPQ7Gwg,"""Who needed you today"" — Seneca | Stoicism",29,0,2,https://youtube.com/shorts/EWLZWPQ7Gwg
2026-08-28,2026-08-23T11:20:37Z,uJkRXHpJ4As,"""Half your fears are guesses"" — Zeno of Citium | Stoicism",33,1,2,https://youtube.com/shorts/uJkRXHpJ4As
2026-08-28,2026-08-23T07:54:18Z,2X1IIRY__ug,"""Color your mind"" — Marcus Aurelius | Stoicism",73,2,2,https://youtube.com/shorts/2X1IIRY__ug
2026-08-28,2026-08-23T03:53:35Z,przOgT-iIN4,"""Who did you snap at"" — Epictetus | Stoicism",15,0,2,https://youtube.com/shorts/przOgT-iIN4
2026-08-28,2026-08-22T11:24:24Z,fTg4HxBsA5M,"""Spend today like it's all you get"" — Musonius Rufus | Stoicism",41,2,2,https://youtube.com/shorts/fTg4HxBsA5M
2026-08-28,2026-08-22T07:45:08Z,kr6p2mAgA9g,"""Loosen the grip"" — Seneca | Stoicism",98,5,2,https://youtube.com/shorts/kr6p2mAgA9g
2026-08-28,2026-08-22T03:47:12Z,CyUzLkphjLc,"""What are you saving for later"" — Zeno of Citium | Stoicism",24,1,2,https://youtube.com/shorts/CyUzLkphjLc
2026-08-28,2026-08-21T23:39:09Z,wIRO1fQqtc8,"""Just this task"" — Marcus Aurelius | Stoicism",36,2,2,https://youtube.com/shorts/wIRO1fQqtc8
2026-08-28,2026-08-21T19:31:58Z,qQhblsJlFfQ,"""Show it"" — Epictetus | Stoicism",34,1,2,https://youtube.com/shorts/qQhblsJlFfQ
2026-08-28,2026-08-21T16:38:08Z,f5j0svA-SGw,"""Fear rules quietly"" — Musonius Rufus | Stoicism",70,5,2,https://youtube.com/shorts/f5j0svA-SGw
2026-08-28,2026-08-20T11:29:28Z,zEY2lx-HB5s,"""What burdens you feeds you"" — Seneca | Stoicism",23,1,2,https://youtube.com/shorts/zEY2lx-HB5s
2026-08-28,2026-08-20T07:56:46Z,RvWp3HWliig,"""One breath first"" — Zeno of Citium | Stoicism",71,0,2,https://youtube.com/shorts/RvWp3HWliig
2026-08-28,2026-08-20T03:54:06Z,hSUHVWbLrUQ,"""Take what comes. Rule 4"" — Marcus Aurelius | Stoicism",25,2,2,https://youtube.com/shorts/hSUHVWbLrUQ
2026-08-28,2026-08-19T11:21:24Z,zwz0ycTJLAA,"""Empty the cup"" — Epictetus | Stoicism",57,0,2,https://youtube.com/shorts/zwz0ycTJLAA
2026-08-28,2026-08-19T08:04:28Z,n17OlR2SgIg,"""Let it age you"" — Musonius Rufus | Stoicism",49,1,4,https://youtube.com/shorts/n17OlR2SgIg
2026-08-28,2026-08-19T03:45:18Z,vI-qVVXn2SU,"""Slow is fine"" — Seneca | Stoicism",650,16,2,https://youtube.com/shorts/vI-qVVXn2SU
2026-08-28,2026-08-18T11:27:17Z,5F2beQEt2UE,"""Rule 21: Be just where no one checks"" — Zeno of Citium | Stoicism",42,1,2,https://youtube.com/shorts/5F2beQEt2UE
2026-08-28,2026-08-18T07:53:48Z,bW1gubDlmAg,"""Nothing gets in"" — Marcus Aurelius | Stoicism",113,3,2,https://youtube.com/shorts/bW1gubDlmAg
2026-08-28,2026-08-18T03:51:24Z,QHjtbg9mEfs,"""This is the test"" — Epictetus | Stoicism",67,3,2,https://youtube.com/shorts/QHjtbg9mEfs
2026-08-28,2026-08-17T11:22:34Z,gQgITV9h1WI,"""The harder win"" — Musonius Rufus | Stoicism",334,8,2,https://youtube.com/shorts/gQgITV9h1WI
2026-08-28,2026-08-17T08:13:33Z,40uJE--rZhg,"""Stop dragging the world"" — Seneca | Stoicism",41,1,2,https://youtube.com/shorts/40uJE--rZhg
2026-08-28,2026-08-17T03:48:47Z,VRvQUEOBVSc,"""Drop the act"" — Zeno of Citium | Stoicism",267,6,2,https://youtube.com/shorts/VRvQUEOBVSc
2026-08-28,2026-08-16T11:22:27Z,UehZvwaZWSM,"""Start from zero"" — Marcus Aurelius | Stoicism",122,1,2,https://youtube.com/shorts/UehZvwaZWSM
2026-08-28,2026-08-16T07:48:11Z,9xJqvFBwaSQ,"""Rule 14: Let it ripen slowly"" — Epictetus | Stoicism",13,0,2,https://youtube.com/shorts/9xJqvFBwaSQ
2026-08-28,2026-08-16T03:55:30Z,ZZZAoiailGA,"""Justice starts closer than you think"" — Musonius Rufus | Stoicism",58,3,2,https://youtube.com/shorts/ZZZAoiailGA
2026-08-28,2026-08-15T11:17:35Z,QdN51yPIys8,"""Meet it early"" — Seneca | Stoicism",58,2,2,https://youtube.com/shorts/QdN51yPIys8
2026-08-28,2026-08-15T07:49:22Z,d8POTCrUSuk,"""Rule 31: Take the hit and stay standing"" — Zeno of Citium | Stoicism",99,1,2,https://youtube.com/shorts/d8POTCrUSuk
2026-08-28,2026-08-15T03:42:29Z,zDvyxWor3Aw,"""Don't become it"" — Marcus Aurelius | Stoicism",704,35,2,https://youtube.com/shorts/zDvyxWor3Aw
2026-08-28,2026-08-14T11:48:34Z,44ndbnteVQ4,"""If you can't fix it tonight—"" — Epictetus | Stoicism",21,2,2,https://youtube.com/shorts/44ndbnteVQ4
2026-08-28,2026-08-14T08:33:14Z,yIgmnlMn8Yo,"""Rule 5: Own nothing you didn't build"" — Musonius Rufus | Stoicism",121,5,2,https://youtube.com/shorts/yIgmnlMn8Yo
2026-08-28,2026-08-14T05:00:28Z,D0GX5G2EK2o,"""He counted his days like coins"" — Seneca | Stoicism",40,1,2,https://youtube.com/shorts/D0GX5G2EK2o
2026-08-28,2026-08-13T11:44:57Z,uCYwL47CEtI,"""Nothing terrible here"" — Zeno of Citium | Stoicism",58,3,2,https://youtube.com/shorts/uCYwL47CEtI
2026-08-28,2026-08-13T08:43:58Z,cGGfKXhcbtk,"""Answer to yourself"" — Marcus Aurelius | Stoicism",93,1,2,https://youtube.com/shorts/cGGfKXhcbtk
2026-08-28,2026-08-13T04:57:28Z,Xlbq2aBt5W8,"""If today felt thankless—"" — Epictetus | Stoicism",15,1,2,https://youtube.com/shorts/Xlbq2aBt5W8
2026-08-28,2026-08-12T11:51:40Z,SsipBXrnSjM,"""Rule 24: Carry his faults quietly"" — Musonius Rufus | Stoicism",45,1,2,https://youtube.com/shorts/SsipBXrnSjM
2026-08-28,2026-08-12T08:35:51Z,tGmooVvt-bQ,"""His enemy already held the throne"" — Seneca | Stoicism",41,1,2,https://youtube.com/shorts/tGmooVvt-bQ
2026-08-28,2026-08-12T04:53:15Z,nUgDtEcNS04,"""Nothing can force you"" — Zeno of Citium | Stoicism",360,11,2,https://youtube.com/shorts/nUgDtEcNS04
2026-08-28,2026-08-11T11:44:19Z,UAtmv79K-yg,"""Weigh what you chase"" — Marcus Aurelius | Stoicism",39,2,2,https://youtube.com/shorts/UAtmv79K-yg
2026-08-28,2026-08-11T08:28:21Z,7uSSDaHmxII,"""Still clenching your jaw"" — Epictetus | Stoicism",23,0,2,https://youtube.com/shorts/7uSSDaHmxII
2026-08-28,2026-08-11T04:23:22Z,z_vD6ymLa9I,"""Rule 19: Stop fighting what's already fixed"" — Musonius Rufus | Stoicism",31,1,2,https://youtube.com/shorts/z_vD6ymLa9I
2026-08-28,2026-08-28T00:29:02Z,O98DTZMTzpU,"""Marcus Aurelius broke down crying in public when his teacher died, and the palace staff",13,0,2,https://youtube.com/shorts/O98DTZMTzpU
2026-08-28,2026-08-27T04:37:44Z,v2LDh11ZkXw,"""Two thousand years ago a man wrote his friend a letter that just said: I'm not ill, and",6,0,2,https://youtube.com/shorts/v2LDh11ZkXw
2026-08-28,2026-08-26T11:33:15Z,71r-XlkpT3E,"""Serve without applause. Rule 28"" — Marcus Aurelius | Stoicism",59,1,2,https://youtube.com/shorts/71r-XlkpT3E
2026-08-28,2026-08-26T08:09:05Z,uQVkBsOMYQw,"""The terror is added"" — Epictetus | Stoicism",222,4,2,https://youtube.com/shorts/uQVkBsOMYQw
2026-08-28,2026-08-26T04:02:44Z,H-xFLcNuIwU,"""What broke you today"" — Musonius Rufus | Stoicism",24,0,2,https://youtube.com/shorts/H-xFLcNuIwU
2026-08-28,2026-08-25T11:26:32Z,Q5NRu0nzkPg,"""Give it a minute"" — Seneca | Stoicism",33,2,2,https://youtube.com/shorts/Q5NRu0nzkPg
2026-08-28,2026-08-25T08:01:35Z,kIjqfJvj3Ps,"""Stop forcing it"" — Zeno of Citium | Stoicism",78,4,2,https://youtube.com/shorts/kIjqfJvj3Ps
2026-08-28,2026-08-25T03:51:41Z,e7jx6OFXAD4,"""Still need to be right"" — Marcus Aurelius | Stoicism",51,1,2,https://youtube.com/shorts/e7jx6OFXAD4
2026-08-28,2026-08-24T11:28:58Z,1kvCgUmgtM0,"""Rule 4: Keep death in view"" — Epictetus | Stoicism",22,1,2,https://youtube.com/shorts/1kvCgUmgtM0
2026-08-28,2026-08-24T08:10:14Z,V3imKZ73nfM,"""Do it again"" — Musonius Rufus | Stoicism",15,0,2,https://youtube.com/shorts/V3imKZ73nfM
2026-08-28,2026-08-24T04:01:30Z,EWLZWPQ7Gwg,"""Who needed you today"" — Seneca | Stoicism",29,0,2,https://youtube.com/shorts/EWLZWPQ7Gwg
2026-08-28,2026-08-23T11:20:37Z,uJkRXHpJ4As,"""Half your fears are guesses"" — Zeno of Citium | Stoicism",33,1,2,https://youtube.com/shorts/uJkRXHpJ4As
2026-08-28,2026-08-23T07:54:18Z,2X1IIRY__ug,"""Color your mind"" — Marcus Aurelius | Stoicism",73,2,2,https://youtube.com/shorts/2X1IIRY__ug
2026-08-28,2026-08-23T03:53:35Z,przOgT-iIN4,"""Who did you snap at"" — Epictetus | Stoicism",15,0,2,https://youtube.com/shorts/przOgT-iIN4
2026-08-28,2026-08-22T11:24:24Z,fTg4HxBsA5M,"""Spend today like it's all you get"" — Musonius Rufus | Stoicism",41,2,2,https://youtube.com/shorts/fTg4HxBsA5M
2026-08-28,2026-08-22T07:45:08Z,kr6p2mAgA9g,"""Loosen the grip"" — Seneca | Stoicism",98,5,2,https://youtube.com/shorts/kr6p2mAgA9g
2026-08-28,2026-08-22T03:47:12Z,CyUzLkphjLc,"""What are you saving for later"" — Zeno of Citium | Stoicism",24,1,2,https://youtube.com/shorts/CyUzLkphjLc
2026-08-28,2026-08-21T23:39:09Z,wIRO1fQqtc8,"""Just this task"" — Marcus Aurelius | Stoicism",36,2,2,https://youtube.com/shorts/wIRO1fQqtc8
2026-08-28,2026-08-21T19:31:58Z,qQhblsJlFfQ,"""Show it"" — Epictetus | Stoicism",34,1,2,https://youtube.com/shorts/qQhblsJlFfQ
2026-08-28,2026-08-21T16:38:08Z,f5j0svA-SGw,"""Fear rules quietly"" — Musonius Rufus | Stoicism",70,5,2,https://youtube.com/shorts/f5j0svA-SGw
2026-08-28,2026-08-20T11:29:28Z,zEY2lx-HB5s,"""What burdens you feeds you"" — Seneca | Stoicism",23,1,2,https://youtube.com/shorts/zEY2lx-HB5s
2026-08-28,2026-08-20T07:56:46Z,RvWp3HWliig,"""One breath first"" — Zeno of Citium | Stoicism",71,0,2,https://youtube.com/shorts/RvWp3HWliig
2026-08-28,2026-08-20T03:54:06Z,hSUHVWbLrUQ,"""Take what comes. Rule 4"" — Marcus Aurelius | Stoicism",25,2,2,https://youtube.com/shorts/hSUHVWbLrUQ
2026-08-28,2026-08-19T11:21:24Z,zwz0ycTJLAA,"""Empty the cup"" — Epictetus | Stoicism",57,0,2,https://youtube.com/shorts/zwz0ycTJLAA
2026-08-28,2026-08-19T08:04:28Z,n17OlR2SgIg,"""Let it age you"" — Musonius Rufus | Stoicism",49,1,4,https://youtube.com/shorts/n17OlR2SgIg
2026-08-28,2026-08-19T03:45:18Z,vI-qVVXn2SU,"""Slow is fine"" — Seneca | Stoicism",650,16,2,https://youtube.com/shorts/vI-qVVXn2SU
2026-08-28,2026-08-18T11:27:17Z,5F2beQEt2UE,"""Rule 21: Be just where no one checks"" — Zeno of Citium | Stoicism",42,1,2,https://youtube.com/shorts/5F2beQEt2UE
2026-08-28,2026-08-18T07:53:48Z,bW1gubDlmAg,"""Nothing gets in"" — Marcus Aurelius | Stoicism",113,3,2,https://youtube.com/shorts/bW1gubDlmAg
2026-08-28,2026-08-18T03:51:24Z,QHjtbg9mEfs,"""This is the test"" — Epictetus | Stoicism",67,3,2,https://youtube.com/shorts/QHjtbg9mEfs
2026-08-28,2026-08-17T11:22:34Z,gQgITV9h1WI,"""The harder win"" — Musonius Rufus | Stoicism",334,8,2,https://youtube.com/shorts/gQgITV9h1WI
2026-08-28,2026-08-17T08:13:33Z,40uJE--rZhg,"""Stop dragging the world"" — Seneca | Stoicism",41,1,2,https://youtube.com/shorts/40uJE--rZhg
2026-08-28,2026-08-17T03:48:47Z,VRvQUEOBVSc,"""Drop the act"" — Zeno of Citium | Stoicism",267,6,2,https://youtube.com/shorts/VRvQUEOBVSc
2026-08-28,2026-08-16T11:22:27Z,UehZvwaZWSM,"""Start from zero"" — Marcus Aurelius | Stoicism",122,1,2,https://youtube.com/shorts/UehZvwaZWSM
2026-08-28,2026-08-16T07:48:11Z,9xJqvFBwaSQ,"""Rule 14: Let it ripen slowly"" — Epictetus | Stoicism",13,0,2,https://youtube.com/shorts/9xJqvFBwaSQ
2026-08-28,2026-08-16T03:55:30Z,ZZZAoiailGA,"""Justice starts closer than you think"" — Musonius Rufus | Stoicism",58,3,2,https://youtube.com/shorts/ZZZAoiailGA
2026-08-28,2026-08-15T11:17:35Z,QdN51yPIys8,"""Meet it early"" — Seneca | Stoicism",58,2,2,https://youtube.com/shorts/QdN51yPIys8
2026-08-28,2026-08-15T07:49:22Z,d8POTCrUSuk,"""Rule 31: Take the hit and stay standing"" — Zeno of Citium | Stoicism",99,1,2,https://youtube.com/shorts/d8POTCrUSuk
2026-08-28,2026-08-15T03:42:29Z,zDvyxWor3Aw,"""Don't become it"" — Marcus Aurelius | Stoicism",704,35,2,https://youtube.com/shorts/zDvyxWor3Aw
2026-08-28,2026-08-14T11:48:34Z,44ndbnteVQ4,"""If you can't fix it tonight—"" — Epictetus | Stoicism",21,2,2,https://youtube.com/shorts/44ndbnteVQ4
2026-08-28,2026-08-14T08:33:14Z,yIgmnlMn8Yo,"""Rule 5: Own nothing you didn't build"" — Musonius Rufus | Stoicism",121,5,2,https://youtube.com/shorts/yIgmnlMn8Yo
2026-08-28,2026-08-14T05:00:28Z,D0GX5G2EK2o,"""He counted his days like coins"" — Seneca | Stoicism",40,1,2,https://youtube.com/shorts/D0GX5G2EK2o
2026-08-28,2026-08-13T11:44:57Z,uCYwL47CEtI,"""Nothing terrible here"" — Zeno of Citium | Stoicism",58,3,2,https://youtube.com/shorts/uCYwL47CEtI
2026-08-28,2026-08-13T08:43:58Z,cGGfKXhcbtk,"""Answer to yourself"" — Marcus Aurelius | Stoicism",93,1,2,https://youtube.com/shorts/cGGfKXhcbtk
2026-08-28,2026-08-13T04:57:28Z,Xlbq2aBt5W8,"""If today felt thankless—"" — Epictetus | Stoicism",15,1,2,https://youtube.com/shorts/Xlbq2aBt5W8
2026-08-28,2026-08-12T11:51:40Z,SsipBXrnSjM,"""Rule 24: Carry his faults quietly"" — Musonius Rufus | Stoicism",45,1,2,https://youtube.com/shorts/SsipBXrnSjM
2026-08-28,2026-08-12T08:35:51Z,tGmooVvt-bQ,"""His enemy already held the throne"" — Seneca | Stoicism",41,1,2,https://youtube.com/shorts/tGmooVvt-bQ
2026-08-28,2026-08-12T04:53:15Z,nUgDtEcNS04,"""Nothing can force you"" — Zeno of Citium | Stoicism",360,11,2,https://youtube.com/shorts/nUgDtEcNS04
2026-08-28,2026-08-11T11:44:19Z,UAtmv79K-yg,"""Weigh what you chase"" — Marcus Aurelius | Stoicism",39,2,2,https://youtube.com/shorts/UAtmv79K-yg
2026-08-28,2026-08-11T08:28:21Z,7uSSDaHmxII,"""Still clenching your jaw"" — Epictetus | Stoicism",23,0,2,https://youtube.com/shorts/7uSSDaHmxII
2026-08-28,2026-08-11T04:23:22Z,z_vD6ymLa9I,"""Rule 19: Stop fighting what's already fixed"" — Musonius Rufus | Stoicism",31,1,2,https://youtube.com/shorts/z_vD6ymLa9I
