date,theme,author,quote,caption,video_url,video_id,voice_name,music_track,hook,experiment,format,bg_source
2026-06-05,time,Seneca,"It is not that we have a short time to live, but that we waste much of it.",We protect our wallets and bleed our calendars dry. The hours you scroll away are the same hours you'll wish you had back. Where is your time leaking right now? /  / #stoicism #seneca #discipline #mementomori #stoicphilosophy #timemanagement #selfmastery #mindsetshift #dailystoic #focus #intentionalliving,https://youtube.com/shorts/zUrV8WyfCYQ,zUrV8WyfCYQ
2026-06-05,time,Seneca,"It is not that we have a short time to live, but that we waste much of it.",We protect our wallets but hand out our hours for free. Where did your last three hours actually go today? /  / #stoicism #seneca #timemanagement #discipline #mindset #stoicwisdom #selfimprovement #memento­mori #philosophy #focus #dailystoic,https://youtube.com/shorts/RWQXRTOnyHU,RWQXRTOnyHU
2026-06-06,time,Seneca,"It is not that we have a short time to live, but that we waste much of it.",We protect our wallets but spend our hours like they're infinite. Where did your last free hour actually go today? /  / #stoicism #discipline #seneca #timemanagement #stoicwisdom #selfmastery #mindsetshift #focusedlife #dailystoic #intentionalliving #stopwasting,https://youtube.com/shorts/IacNDtMzEns,IacNDtMzEns
2026-06-07,time,Seneca,"It is not that we have a short time to live, but that we waste much of it.",Most people don't run out of time. They give it away in tiny pieces. Where is your time leaking right now? /  / #stoicism #seneca #timemanagement #discipline #mindset #stoicphilosophy #selfimprovement #memento #focus #dailystoic #intentionalliving,https://youtube.com/shorts/Vf1sBzz3bQ4,Vf1sBzz3bQ4
2026-06-08,ego,Epictetus,It is impossible for a man to learn what he thinks he already knows.,Pretending to know everything is the fastest way to learn nothing. Where in your life is ego blocking your growth right now? /  / #stoicism #epictetus #ego #discipline #stoicwisdom #selfimprovement #humility #mindsetshift #growthmindset #stoicquotes #personalgrowth,https://youtube.com/shorts/6C4AoNDU-2U,6C4AoNDU-2U
2026-06-08,ego,Epictetus,"If you want to improve, be content to be seen as clueless or foolish in some things.",Protecting your image is the fastest way to stay stuck. The people who learn fastest are the ones willing to look like beginners. Where is your ego costing you growth right now? /  / #stoicism #ego #epictetus #discipline #stoicmindset #selfimprovement #humility #growthmindset #mentaltoughness #philosophy #stoicwisdom,https://youtube.com/shorts/ajjwpsngSoc,ajjwpsngSoc
2026-06-09,discipline,Marcus Aurelius,"At dawn, when you struggle to rise, tell yourself: I am getting up to do the work of a human being.",The hardest discipline is the first move of the day — everything after gets easier. What's the one thing you keep hitting snooze on? /  / #stoicism #discipline #marcusaurelius #stoic #stoicmindset #selfdiscipline #morningroutine #dailystoic #mentaltoughness #stoicphilosophy #disciplineequalsfreedom,https://youtube.com/shorts/62_DzzBs1N0,62_DzzBs1N0
2026-06-09,discipline,Marcus Aurelius,"Whatever anyone does or says, I must be good. Like gold or emerald, keep saying: whatever happens, I stay what I am.",Real discipline doesn't flex based on who's watching or who's slacking around you. It stays constant. Where do you let other people's standards lower yours? /  / #stoicism #discipline #marcusaurelius #stoicmindset #selfdiscipline #mentaltoughness #dailystoic #stoicphilosophy #disciplineequalsfreedom #stoicwisdom #growthmindset,https://youtube.com/shorts/YBWrR2JXG5M,YBWrR2JXG5M
2026-06-10,mortality/memento mori,Seneca,You are living as if destined to live forever; your own frailty never enters your head.,"We treat our time like it's unlimited, then wonder where it went. What's one thing you keep postponing for a tomorrow that isn't guaranteed? /  / #stoicism #mementomori #seneca #discipline #stoicwisdom #stoicmindset #philosophy #dailystoic #selfmastery #liveintentionally #mortality",https://youtube.com/shorts/paiLb6IFvbk,paiLb6IFvbk
2026-06-10,control vs acceptance,Musonius Rufus,"Of things that exist, some are in our power, and some are not. We should not blame the things outside us, but ourselves.",Half of your frustration disappears the moment you stop demanding the world obey you. What's one thing today you need to release your grip on? /  / #stoicism #discipline #musoniusrufus #stoicwisdom #selfcontrol #acceptance #mindsetshift #innerpeace #stoicphilosophy #mentalstrength #letgo,https://youtube.com/shorts/v7_1bygaoI0,v7_1bygaoI0
2026-06-10,anger,Zeno of Citium,"We have two ears and one mouth, so we should listen more than we speak.",Most arguments aren't won by the angriest voice — they're lost by it. Try listening twice as long as you speak today. When did staying silent serve you better than reacting? /  / #stoicism #stoic #zenoofcitium #anger #selfcontrol #discipline #mindset #stoicwisdom #emotionalcontrol #philosophy #dailystoic,https://youtube.com/shorts/n8MItlfdgB8,n8MItlfdgB8
2026-06-10,desire,Cleanthes,"The fates guide the willing, but drag the unwilling.",Most of our frustration is just resisting reality and calling it ambition. What are you fighting that you could choose to walk with instead? /  / #stoicism #cleanthes #discipline #amorfati #stoicmindset #stoicphilosophy #selfmastery #innerpeace #mentalstrength #philosophy,https://youtube.com/shorts/lXFma-NtLa8,lXFma-NtLa8
2026-06-11,resilience,Chrysippus,Living virtuously is equal to living in accordance with experience of what happens by nature.,Most of our suffering comes from demanding reality be something it isn't. Where in your life are you fighting what already is? /  / #stoicism #chrysippus #resilience #discipline #stoicmindset #mentalstrength #stoicwisdom #philosophy #amorfati #selfmastery #innerstrength,https://youtube.com/shorts/xYkjvnUmb6s,xYkjvnUmb6s
2026-06-13,fear,Hierocles,"The living being, from the moment of birth, perceives itself and belongs to itself.",Day 14 of daily Stoic wisdom. /  / Fear isn't weakness; it's your oldest survival instinct still doing its job. What does yours protect that no longer needs protecting? /  / #stoicism #hierocles #fear #discipline #stoicphilosophy #oikeiosis #innerstrength #mindset #dailystoic #selfmastery #ancientwisdom,https://youtube.com/shorts/oCZC5RaCeDw,oCZC5RaCeDw
2026-06-13,friendship,Cato the Younger,"I would rather have a man ask why no statue of me has been set up, than why one has.","Day 15 of daily Stoic wisdom. /  / Real friendship isn't flattery, it's honesty that costs something. Who's the friend that keeps you grounded instead of inflated? /  / #stoicism #friendship #cato #stoicwisdom #stoicphilosophy #virtue #charactermatters #realfriends #dailystoic #selfimprovement #integrity",https://youtube.com/shorts/16EhiiMVOGs,16EhiiMVOGs
2026-06-13,duty/justice,Epictetus,"The duties we owe are generally measured by our relationships. He is your father: this means to care for him, yield in all things, bear with him.",Day 16 of daily Stoic wisdom. /  / Justice isn't abstract. It's the specific thing the person in front of you is owed. Who are you currently shortchanging? /  / #stoicism #epictetus #duty #justice #stoic #discipline #philosophy #stoicwisdom #dailystoic #selfimprovement #mindset,https://youtube.com/shorts/JDnyFxuDpdI,JDnyFxuDpdI
2026-06-13,adversity as training,Marcus Aurelius,"The art of living is more like wrestling than dancing; you must stand ready and unshaken against what comes, even the unexpected.",Day 17 of daily Stoic wisdom. /  / Most of us plan our lives like a dance and panic when reality wrestles back. Where are you still expecting things to go exactly as planned? /  / #stoicism #marcusaurelius #meditations #adversity #resilience #mentaltoughness #stoicphilosophy #dailystoic #mindset #selfdiscipline,https://youtube.com/shorts/1vW5QlYLtdY,1vW5QlYLtdY
2026-06-14,time,Seneca,"While we wait to live, life passes. Nothing belongs to us; only time is ours.",Day 18 of daily Stoic wisdom. /  / You guard your wallet but spend your hours carelessly. The one thing you can't earn back is the one you treat as endless. What are you waiting to finish before you let yourself live? /  / #stoicism #seneca #time #mortality #memento mori #stoicphilosophy #discipline #dailystoic #mindset #selfimprovement #philosophy,https://youtube.com/shorts/6gK4rVgWGeA,6gK4rVgWGeA
2026-06-16,discipline,Chrysippus,"If I followed the crowd, I would not be a philosopher.",Day 12 of daily Stoic wisdom. /  / Discipline often looks like standing alone while everyone else takes the easy road. Where do you cave to the crowd? Tell me below. /  / #stoicism #discipline #chrysippus #stoic #selfmastery #philosophy #mentaltoughness #selfdiscipline #stoicmindset #dailystoic /  / --- / 📖 I'm giving away The Stoic Reset journal for free — but only for June. 30 days to rebuild your mindset: / https://soicism.gumroad.com/l/cslosv,https://youtube.com/shorts/sKmNkVEAiiU,sKmNkVEAiiU
2026-06-17,mortality/memento mori,Zeno of Citium,"When asked how the death of a wise man differs from a fool's, Zeno said: by a long journey.",Day 13 of daily Stoic wisdom. /  / The destination is the same for everyone. The only thing that's yours is the journey there. What kind of road are you walking right now? /  / #stoicism #mementomori #zenoofcitium #mortality #stoic #philosophy #wisdom #dailystoic #livewell #stoicmindset #ancientwisdom /  / --- / 🪨 The Stoic Reset is free right now. A 30-day journal to put quotes like this into daily practice: / https://soicism.gumroad.com/l/cslosv,https://youtube.com/shorts/_MXQmYvQ39Y,_MXQmYvQ39Y
2026-06-18,ego,Musonius Rufus,"If you accomplish something good with hard work, the labor passes but the good remains; if you do something shameful with pleasure, the pleasure passes but the shame remains.","You chose the easy way. /  / Day 14 of daily Stoic wisdom. /  / The pleasure of the easy choice fades fast; the shame outlives it. When did you last take a comfortable shortcut to protect your ego? /  / #stoicism #ego #musoniusrufus #discipline #selfdiscipline #stoic #mindset #stoicphilosophy #hardwork #selfimprovement /  / --- / 📓 FREE this month only — The Stoic Reset, my 30-day Stoic journal. Grab it before the price goes up: / https://soicism.gumroad.com/l/cslosv",https://youtube.com/shorts/tgWhj1oONpA,tgWhj1oONpA,George,dark_ambient
2026-06-19,control vs acceptance,Epictetus,"Seek not for things to happen as you wish, but wish things to happen as they do, and you will go on well.","Stop fighting reality. /  / Day 15 of daily Stoic wisdom. /  / You can't control the traffic, the diagnosis, or someone's opinion of you — only what you demand of it. What's the situation you keep mentally arguing with instead of accepting? /  / #stoicism #epictetus #acceptance #control #stoic #mindset #discipline #letgo #philosophy #dailystoic #mentalstrength /  / --- / 📖 I'm giving away The Stoic Reset journal for free — but only for June. 30 days to rebuild your mindset: / https://soicism.gumroad.com/l/cslosv",https://youtube.com/shorts/bjBhTuiqWEE,bjBhTuiqWEE,Daniel,ancient_minimal
2026-06-20,anger,Marcus Aurelius,How much more grievous are the consequences of anger than the things which caused it in us.,You snapped again today. /  / Day 16 of daily Stoic wisdom. /  / The trigger is always smaller than the damage you do reacting to it. What set you off this week that wasn't worth it? /  / #stoicism #anger #discipline #selfcontrol #marcusaurelius #meditations #mindset #emotionalcontrol #stoicmindset #selfmastery /  / --- / 🪨 The Stoic Reset is free right now. A 30-day journal to put quotes like this into daily practice: / https://soicism.gumroad.com/l/cslosv,https://youtube.com/shorts/bmCs2StEuI4,bmCs2StEuI4,Brian,focus_underscore
2026-06-20,desire,Seneca,"It is not the man who has too little who is poor, but the one who craves more.",5 Rules to Kill Endless Craving. /  / Day 16 of daily Stoic wisdom. /  / The hunger for more is the only poverty that follows you everywhere. What's one thing you want right now that you don't actually need? /  / #stoicism #seneca #discipline #desire #mindset #selfmastery #stoicquotes #contentment #philosophy #minimalism /  / --- / 🪨 The Stoic Reset is free right now. A 30-day journal to put quotes like this into daily practice: / https://soicism.gumroad.com/l/cslosv,https://youtube.com/shorts/OsgdlKCFuLw,OsgdlKCFuLw,Christopher,focus_underscore
2026-06-20,resilience,Chrysippus,"The wise man is unhindered, since he is not impeded by external things.","You blame everything but yourself. /  / Day 16 of daily Stoic wisdom. /  / External things can delay you, but they can't decide for you. What are you blaming right now that's really just a choice you're avoiding? /  / #stoicism #resilience #discipline #chrysippus #mentaltoughness #stoicmindset #selfmastery #noexcuses #dailystoic #innerstrength /  / --- / 🪨 The Stoic Reset is free right now. A 30-day journal to put quotes like this into daily practice: / https://soicism.gumroad.com/l/cslosv",https://youtube.com/shorts/7sIA2AE_0Vc,7sIA2AE_0Vc,Adam,focus_underscore
2026-06-21,fear,Zeno of Citium,"Fear is an expectation of evil. Under it fall dread, terror, shame, consternation, and superstition.","You're scared of nothing. /  / Day 17 of daily Stoic wisdom. /  / Most of your fear is a forecast, not a fact. What disaster are you rehearsing that hasn't happened yet? /  / #stoicism #fear #discipline #zeno #stoicphilosophy #mindsetshift #mentaltoughness #selfmastery #dailystoic #courage /  / --- / 📓 FREE this month only — The Stoic Reset, my 30-day Stoic journal. Grab it before the price goes up: / https://soicism.gumroad.com/l/cslosv",https://youtube.com/shorts/xK-OAifO1HM,xK-OAifO1HM,Brian,dark_ambient
2026-06-21,friendship,Musonius Rufus,"We must wait for friendship to grow naturally, and not snatch at it before its time; for what comes too quickly is rarely lasting.","You force every connection. /  / Day 17 of daily Stoic wisdom. /  / The friendships you trust most are the ones time proved, not the ones you rushed. Who in your life passed the slow test? /  / #stoicism #friendship #musoniusrufus #discipline #loyalty #stoicphilosophy #selfimprovement #mindset #realfriends #patience /  / --- / 📓 FREE this month only — The Stoic Reset, my 30-day Stoic journal. Grab it before the price goes up: / https://soicism.gumroad.com/l/cslosv",https://youtube.com/shorts/Rphu9VeOCTA,Rphu9VeOCTA,Brian,dark_ambient
2026-06-21,duty/justice,Epictetus,"Do your duty in the place where you are stationed, like a soldier who does not desert his post.","5 Rules That Make You Reliable. /  / Day 17 of daily Stoic wisdom. /  / You don't get to choose your role, only how you play it. What post have you been abandoning lately? /  / #stoicism #discipline #epictetus #duty #dailystoic #stoicmindset #selfmastery #mentaltoughness #stoicphilosophy #integrity /  / --- / 📓 FREE this month only — The Stoic Reset, my 30-day Stoic journal. Grab it before the price goes up: / https://soicism.gumroad.com/l/cslosv",https://youtube.com/shorts/Q9Ljqj2smco,Q9Ljqj2smco,Brian,dark_ambient
2026-06-21,adversity as training,Marcus Aurelius,The fire that meets resistance turns whatever falls on it into flame and brightness.,"You wanted it easy. /  / Day 17 of daily Stoic wisdom. /  / The thing in your way isn't blocking the path. It is the path. What hardship are you currently trying to escape instead of using?  /  / #stoicism #discipline #marcusaurelius #mindset #resilience #mentaltoughness #stoicmindset #selfmastery #dailystoic #adversity /  / --- / 📓 FREE this month only — The Stoic Reset, my 30-day Stoic journal. Grab it before the price goes up: / https://soicism.gumroad.com/l/cslosv",https://youtube.com/shorts/JtNYzp7ezSI,JtNYzp7ezSI,Brian,dark_ambient
2026-06-22,time,Chrysippus,"The present alone belongs to us; the past has perished, and the future is uncertain and not yet ours.","You're living everywhere but now. /  / Day 18 of daily Stoic wisdom. /  / You spend today grieving the past and rehearsing the future, then wonder why life feels thin. What single thing are you avoiding in this present hour? /  / #stoicism #chrysippus #stoicwisdom #presentmoment #discipline #mindset #timemanagement #selfmastery #stoicquotes #philosophy /  / --- / 📖 I'm giving away The Stoic Reset journal for free — but only for June. 30 days to rebuild your mindset: / https://soicism.gumroad.com/l/cslosv",https://youtube.com/shorts/FSK7_LMHUOY,FSK7_LMHUOY,George,ancient_minimal
2026-06-22,discipline,Seneca,Most powerful is he who has himself in his own power.,You can't control yourself. /  / Day 18 of daily Stoic wisdom. /  / Discipline isn't controlling others — it's the gap between impulse and action where you stay free. What's the one habit that owns you right now? /  / #stoicism #discipline #seneca #selfcontrol #stoicmindset #mentaltoughness #selfmastery #dailystoic #stoicwisdom #disciplineequalsfreedom /  / --- / 📖 I'm giving away The Stoic Reset journal for free — but only for June. 30 days to rebuild your mindset: / https://soicism.gumroad.com/l/cslosv,https://youtube.com/shorts/_1daf3c0PmA,_1daf3c0PmA,George,ancient_minimal
2026-06-22,mortality/memento mori,Zeno of Citium,"Well-being is attained little by little, and nevertheless is no little thing itself.","5 Rules to Stop Wasting the Days You Have Left. /  / Day 18 of daily Stoic wisdom. /  / You treat your days like there's an endless supply. There isn't. What did you actually build today, not just plan? #stoicism /  / #stoicism #mementomori #discipline #zenoofcitium #stoicwisdom #mindset #selfmastery #dailystoic #philosophy #stoicmindset /  / --- / 📖 I'm giving away The Stoic Reset journal for free — but only for June. 30 days to rebuild your mindset: / https://soicism.gumroad.com/l/cslosv",https://youtube.com/shorts/Vw3Dd9pwjmg,Vw3Dd9pwjmg,George,ancient_minimal
2026-06-22,ego,Musonius Rufus,"Since every man dies, it is better to die with distinction than to live long in disgrace.",You're protecting the wrong thing. /  / Day 18 of daily Stoic wisdom. /  / Your ego will let you betray your own standards just to avoid looking weak for five minutes. What did you fake today to save face? /  / #stoicism #discipline #ego #musoniusrufus #stoicmindset #selfmastery #stoicphilosophy #mentalstrength #dailystoic #manhood /  / --- / 📖 I'm giving away The Stoic Reset journal for free — but only for June. 30 days to rebuild your mindset: / https://soicism.gumroad.com/l/cslosv,https://youtube.com/shorts/bEIwqNbS5tI,bEIwqNbS5tI,George,ancient_minimal
2026-06-23,control vs acceptance,Epictetus,"Sickness is a hindrance to the body, but not to the will, unless the will itself chooses. Lameness hinders the leg, not the mind.",You blame your circumstances. /  / Day 19 of daily Stoic wisdom. /  / The event hurt your body or your bank account. It never touched your choice. So what did you choose today? Name it. /  / #stoicism #epictetus #discipline #mindset #selfcontrol #stoicphilosophy #mentaltoughness #dailystoic #resilience #stoicquotes /  / --- / 🪨 The Stoic Reset is free right now. A 30-day journal to put quotes like this into daily practice: / https://soicism.gumroad.com/l/cslosv,https://youtube.com/shorts/Rsvwh1RWd90,Rsvwh1RWd90,Adam,focus_underscore
2026-06-23,anger,Chrysippus,Anger is a blindness; it does not let us see the things that are plain to see.,"You snapped again today. /  / Day 19 of daily Stoic wisdom. /  / Anger doesn't reveal the truth — it hides the obvious. Next time the heat rises, ask: what am I failing to see right now? /  / #stoicism #anger #selfcontrol #discipline #chrysippus #stoicquotes #mindset #emotionalcontrol #stoicphilosophy #mentalstrength /  / --- / 🪨 The Stoic Reset is free right now. A 30-day journal to put quotes like this into daily practice: / https://soicism.gumroad.com/l/cslosv",https://youtube.com/shorts/H5DKoI8ZYOE,H5DKoI8ZYOE,Adam,focus_underscore
2026-06-23,desire,Marcus Aurelius,"Stop wanting what you don't have, and use well what you already do.",5 Rules to Kill Endless Wanting. /  / Day 19 of daily Stoic wisdom. /  / You don't need more. You need to use what's already in your hands. What are you chasing that you'd be fine without? #stoicism /  / #stoicism #discipline #marcusaurelius #meditations #selfmastery #mindset #stoicquotes #desire #mentalstrength #stoicmindset #dailystoic /  / --- / 🪨 The Stoic Reset is free right now. A 30-day journal to put quotes like this into daily practice: / https://soicism.gumroad.com/l/cslosv,https://youtube.com/shorts/IyW_jQ-7OKU,IyW_jQ-7OKU,Adam,focus_underscore
2026-06-23,resilience,Seneca,No tree becomes deep-rooted and sturdy unless many a wind assails it; for by its very tossing it tightens its grip and plants its roots more securely.,You begged for an easy life. /  / Day 19 of daily Stoic wisdom. /  / The pressure you resent is the pressure building you. What storm are you currently trying to escape instead of using? /  / #stoicism #resilience #seneca #mentaltoughness #discipline #stoicquotes #selfmastery #growthmindset #hardtimes #innerstrength /  / --- / 🪨 The Stoic Reset is free right now. A 30-day journal to put quotes like this into daily practice: / https://soicism.gumroad.com/l/cslosv,https://youtube.com/shorts/Jcv8bTZ636Q,Jcv8bTZ636Q,Adam,focus_underscore
2026-06-24,fear,Zeno of Citium,The reason why we have two ears and only one mouth is that we may hear more and speak less.,"Your fear is loud. /  / Day 20 of daily Stoic wisdom. /  / Fear screams the loudest when it has the least to say. What's one fear you keep obeying without questioning it? /  / #stoicism #fear #discipline #zenoofcitium #stoicmindset #mentaltoughness #selfmastery #courage #philosophy #dailystoic /  / --- / 📓 FREE this month only — The Stoic Reset, my 30-day Stoic journal. Grab it before the price goes up: / https://soicism.gumroad.com/l/cslosv",https://youtube.com/shorts/ft9cooOMGLA,ft9cooOMGLA,Brian,dark_ambient
2026-06-24,friendship,Musonius Rufus,A friend should be one whose nature is so well attuned to ours that we share his joys and his pains as if they were our own.,"Your friends are convenient strangers. /  / Day 20 of daily Stoic wisdom. /  / Most of your friendships are just shared boredom. A real friend's pain becomes yours. Who in your life passes that test? /  / #stoicism #friendship #musoniusrufus #discipline #stoicwisdom #selfmastery #brotherhood #realfriends #stoicmindset #dailystoic /  / --- / 📓 FREE this month only — The Stoic Reset, my 30-day Stoic journal. Grab it before the price goes up: / https://soicism.gumroad.com/l/cslosv",https://youtube.com/shorts/IpvOGNTWX8g,IpvOGNTWX8g,Brian,dark_ambient
2026-06-24,duty/justice,Chrysippus,"Live justly, for the universe itself runs on law, not on your preference.","5 Rules That Make You Impossible to Corrupt. /  / Day 20 of daily Stoic wisdom. /  / Justice isn't a feeling, it's a debt you pay whether anyone is watching or not. Who are you shortchanging right now? /  / #stoicism #discipline #justice #duty #chrysippus #stoicmindset #selfmastery #integrity #stoicphilosophy #mentalstrength #virtue /  / --- / 📓 FREE this month only — The Stoic Reset, my 30-day Stoic journal. Grab it before the price goes up: / https://soicism.gumroad.com/l/cslosv",https://youtube.com/shorts/Ihqc_gul6bQ,Ihqc_gul6bQ,Brian,dark_ambient
2026-06-24,adversity as training,Epictetus,"It is difficulties that show what men are. When a difficulty falls on you, remember that God, like a trainer, has matched you with a rough young opponent.","You wanted it easy. /  / Day 20 of daily Stoic wisdom. /  / The obstacle in front of you isn't blocking the path, it is the path. What difficulty are you currently treating as punishment instead of practice? /  / #stoicism #epictetus #discipline #mentaltoughness #adversity #stoicmindset #selfmastery #resilience #stoicquotes #growthmindset /  / --- / 📓 FREE this month only — The Stoic Reset, my 30-day Stoic journal. Grab it before the price goes up: / https://soicism.gumroad.com/l/cslosv",https://youtube.com/shorts/Mk02sx_CuQo,Mk02sx_CuQo,Guy,dark_ambient
2026-06-30,time,Marcus Aurelius,You could leave life right now.,"You already know. /  / Day 26 of daily Stoic wisdom. /  / Marcus reminded himself daily that death was close, not to despair, but to act now. What are you delaying? /  / #stoicism #marcusaurelius #memento #mementomori #discipline #mindset #stoicwisdom #timeismoney #selfmastery #philosophy /  / --- / 📓 FREE this month only — The Stoic Reset, my 30-day Stoic journal. Grab it before the price goes up: / https://soicism.gumroad.com/l/cslosv",https://youtube.com/shorts/IjDfLmmTHKU,IjDfLmmTHKU,Guy,dark_ambient
2026-06-30,discipline,Seneca,We suffer more in imagination than in reality.,"Less than you fear. /  / Day 26 of daily Stoic wisdom. /  / The version in your mind is heavier than the moment itself. What are you rehearsing that hasn't even happened yet? /  / #stoicism #discipline #seneca #stoicwisdom #mindset #innerpeace #selfmastery #overthinking #calm #dailystoic /  / --- / 📓 FREE this month only — The Stoic Reset, my 30-day Stoic journal. Grab it before the price goes up: / https://soicism.gumroad.com/l/cslosv",https://youtube.com/shorts/-SbsUBKvGJQ,-SbsUBKvGJQ,Guy,dark_ambient
2026-06-30,mortality/memento mori,Zeno of Citium,The goal of life is living in agreement with nature.,"Live the way things are. /  / Day 26 of daily Stoic wisdom. /  / We exhaust ourselves resisting the order we're part of. What are you straining against today that was never yours to control? /  / #stoicism #mementomori #zeno #stoic #discipline #philosophy #stoicwisdom #mortality #innerpeace #dailystoic /  / --- / 📓 FREE this month only — The Stoic Reset, my 30-day Stoic journal. Grab it before the price goes up: / https://soicism.gumroad.com/l/cslosv",https://youtube.com/shorts/fxJSvmO3N-4,fxJSvmO3N-4,Guy,dark_ambient
2026-07-01,ego,Chrysippus,"The wise man is free from vanity, and needs no praise.",Need no applause. /  / Day 27 of daily Stoic wisdom. /  / The craving for praise quietly runs half our choices. Where in your day do you perform instead of simply act? /  / #stoicism #ego #chrysippus #humility #discipline #innerpeace #selfmastery #stoicwisdom #mindset #quietstrength /  / --- / 📖 I'm giving away The Stoic Reset journal for free — but only for June. 30 days to rebuild your mindset: / https://soicism.gumroad.com/l/cslosv,https://youtube.com/shorts/rmUowSlH_Ic,rmUowSlH_Ic,Ryan,ancient_minimal
2026-07-01,control vs acceptance,Musonius Rufus,"We must bear what nature demands, as we bear the seasons.","What arrives, arrives. /  / Day 27 of daily Stoic wisdom. /  / So much of our exhaustion comes from arguing with what has already happened. What are you refusing to accept right now? /  / #stoicism #musoniusrufus #acceptance #discipline #stoicphilosophy #innerpeace #dailystoic #selfmastery #mindset #letgo /  / --- / 📖 I'm giving away The Stoic Reset journal for free — but only for June. 30 days to rebuild your mindset: / https://soicism.gumroad.com/l/cslosv",https://youtube.com/shorts/hTD64Iop0uw,hTD64Iop0uw,Ryan,ancient_minimal
2026-07-01,anger,Epictetus,"It is not the insult, but your judgment of it, that wounds you.",Let it pass. /  / Day 27 of daily Stoic wisdom. /  / The insult is nothing until you decide it means something. What comment are you still carrying that you chose to be wounded by? /  / #stoicism #epictetus #anger #discipline #selfcontrol #stoicmindset #innerpeace #emotionalcontrol #dailystoic #mentalstrength /  / --- / 📖 I'm giving away The Stoic Reset journal for free — but only for June. 30 days to rebuild your mindset: / https://soicism.gumroad.com/l/cslosv,https://youtube.com/shorts/bR1tmylxpmw,bR1tmylxpmw,Ryan,ancient_minimal
2026-07-01,desire,Marcus Aurelius,How much time he gains who does not look to see what his neighbor does.,Look no further than here. /  / Day 27 of daily Stoic wisdom. /  / Comparison is a quiet thief of your hours. Whose progress pulled you away from your own today? /  / #stoicism #discipline #marcusaurelius #meditations #stoicmindset #comparison #selfmastery #innerpeace #dailystoic #focus /  / --- / 📖 I'm giving away The Stoic Reset journal for free — but only for June. 30 days to rebuild your mindset: / https://soicism.gumroad.com/l/cslosv,https://youtube.com/shorts/WJ3F4AY_Dr8,WJ3F4AY_Dr8,Ryan,ancient_minimal
2026-07-02,resilience,Seneca,A gem cannot be polished without friction.,Let it grind. /  / Day 28 of daily Stoic wisdom. /  / The obstacle isn't ruining you — it's finishing you. What setback are you resisting that might be refining you? /  / #stoicism #seneca #resilience #discipline #mentalstrength #stoicmindset #innerstrength #stoicwisdom #hardtimes #growthmindset /  / --- / 🪨 The Stoic Reset is free right now. A 30-day journal to put quotes like this into daily practice: / https://soicism.gumroad.com/l/cslosv,https://youtube.com/shorts/9GgqbD1ED3U,9GgqbD1ED3U,Christopher,focus_underscore
2026-07-02,fear,Chrysippus,"The wise man neither fears nor grieves, for such passions are unnatural.",Let the dread settle. /  / Day 28 of daily Stoic wisdom. /  / Most of our fear is rehearsal for a harm that never comes. What are you dreading today that hasn't actually happened yet? /  / #stoicism #fear #chrysippus #stoicphilosophy #innerpeace #mindset #calm #dailystoic #selfmastery #discipline /  / --- / 🪨 The Stoic Reset is free right now. A 30-day journal to put quotes like this into daily practice: / https://soicism.gumroad.com/l/cslosv,https://youtube.com/shorts/5Gz_ZaC1xdI,5Gz_ZaC1xdI,Christopher,focus_underscore
2026-07-02,friendship,Zeno of Citium,A friend is another self.,"Come closer. /  / Day 28 of daily Stoic wisdom. /  / The people closest to us are extensions of who we are. Who is your other self, and when did you last honor them? /  / #stoicism #friendship #zeno #stoicwisdom #stoicquotes #philosophy #brotherhood #loyalty #dailystoic #mindset /  / --- / 🪨 The Stoic Reset is free right now. A 30-day journal to put quotes like this into daily practice: / https://soicism.gumroad.com/l/cslosv",https://youtube.com/shorts/dBFwJ0HleQ0,dBFwJ0HleQ0,Christopher,focus_underscore
2026-07-03,duty/justice,Musonius Rufus,"A good king must save and protect his people, not destroy them.","Power is a debt. /  / Day 29 of daily Stoic wisdom. /  / Every bit of authority you hold is borrowed from the people who depend on you. Who are you responsible for right now? /  / #stoicism #duty #justice #musoniusrufus #leadership #discipline #stoicwisdom #responsibility #dailystoic #characterbuilding /  / --- / 📓 FREE this month only — The Stoic Reset, my 30-day Stoic journal. Grab it before the price goes up: / https://soicism.gumroad.com/l/cslosv",https://youtube.com/shorts/ei1LoetV9UI,ei1LoetV9UI,Guy,dark_ambient
2026-07-03,adversity as training,Epictetus,"The greater the difficulty, the more glory in surmounting it.","It's training. /  / Day 29 of daily Stoic wisdom. /  / Every obstacle is practice for the person you're becoming. What difficulty are you avoiding that's actually meant to shape you? /  / #stoicism #epictetus #discipline #mentaltoughness #adversity #stoicmindset #selfmastery #resilience #stoicquotes #innerstrength /  / --- / 📓 FREE this month only — The Stoic Reset, my 30-day Stoic journal. Grab it before the price goes up: / https://soicism.gumroad.com/l/cslosv",https://youtube.com/shorts/qzLbKJVZfbw,qzLbKJVZfbw,Guy,dark_ambient
2026-07-03,time,Marcus Aurelius,"Even if you lived three thousand years, you could lose only the present.","This moment is enough. /  / Day 29 of daily Stoic wisdom. /  / The past is gone and the future isn't yours yet — you only ever lose the present. What are you missing while waiting for later? /  / #stoicism #marcusaurelius #meditations #presentmoment #mindfulness #stoicwisdom #discipline #slowdown #philosophy #dailystoic #innerpeace /  / --- / 📓 FREE this month only — The Stoic Reset, my 30-day Stoic journal. Grab it before the price goes up: / https://soicism.gumroad.com/l/cslosv",https://youtube.com/shorts/Oe_Z5ctg2Nw,Oe_Z5ctg2Nw,Guy,dark_ambient
2026-07-03,discipline,Chrysippus,The wise man does nothing against his will.,"Choose it fully. /  / Day 29 of daily Stoic wisdom. /  / Discipline dies the moment it feels like a cage. Name one duty you could start choosing instead of resenting. /  / #stoicism #discipline #chrysippus #selfmastery #stoicmindset #dailystoic #innerpeace #willpower #philosophy #stoicwisdom /  / --- / 📓 FREE this month only — The Stoic Reset, my 30-day Stoic journal. Grab it before the price goes up: / https://soicism.gumroad.com/l/cslosv",https://youtube.com/shorts/MJ2d3nqRJf8,MJ2d3nqRJf8,Guy,dark_ambient
2026-07-04,mortality/memento mori,Seneca,No man enjoys the true taste of life but he who is willing to leave it.,Hold it loosely. /  / Day 30 of daily Stoic wisdom. /  / The things you're most afraid to lose are the ones you never fully taste. What would you enjoy more if you accepted you'll one day let it go? /  / #stoicism #seneca #mementomori #discipline #stoicwisdom #philosophy #dailystoic #mindsetshift #letgo #innerpeace /  / --- / 📖 I'm giving away The Stoic Reset journal for free — but only for June. 30 days to rebuild your mindset: / https://soicism.gumroad.com/l/cslosv,https://youtube.com/shorts/0ewAv9QeUtM,0ewAv9QeUtM,Ryan,ancient_minimal
2026-07-04,ego,Zeno of Citium,The wise man is never surprised by what happens.,"Stay open. /  / Day 30 of daily Stoic wisdom. /  / Ego lives in expectation. When you stop expecting the world to serve you, nothing can shock you. What surprised you most this week? /  / #stoicism #ego #zeno #discipline #stoicwisdom #mindset #innerpeace #selfmastery #philosophy #dailystoic /  / --- / 📖 I'm giving away The Stoic Reset journal for free — but only for June. 30 days to rebuild your mindset: / https://soicism.gumroad.com/l/cslosv",https://youtube.com/shorts/do0M8pa7F6k,do0M8pa7F6k,Ryan,ancient_minimal
2026-07-04,control vs acceptance,Musonius Rufus,We ought to accept our fate as we accept our nature.,Let it be what it is. /  / Day 30 of daily Stoic wisdom. /  / You don't get to choose what arrives — only how you carry it. What are you refusing to accept right now? /  / #stoicism #musoniusrufus #acceptance #discipline #stoicmindset #letgo #innerpeace #stoicwisdom #selfmastery #philosophy /  / --- / 📖 I'm giving away The Stoic Reset journal for free — but only for June. 30 days to rebuild your mindset: / https://soicism.gumroad.com/l/cslosv,https://youtube.com/shorts/XRyXUj4uTN4,XRyXUj4uTN4,Ryan,ancient_minimal
2026-07-04,anger,Epictetus,No one who is angry is doing what he wants.,"Let it settle. /  / Day 30 of daily Stoic wisdom. /  / Anger feels powerful, but it hands the wheel to whoever provoked you. What made you angry today that wasn't worth it? /  / #stoicism #epictetus #anger #selfcontrol #stoicwisdom #discipline #mindfulness #innerpeace #stoicquotes #calm /  / --- / 📖 I'm giving away The Stoic Reset journal for free — but only for June. 30 days to rebuild your mindset: / https://soicism.gumroad.com/l/cslosv",https://youtube.com/shorts/mk1zKYrH1T8,mk1zKYrH1T8,Ryan,ancient_minimal
2026-07-05,desire,Chrysippus,"The passions are excessive impulses, disobedient to reason.",Notice what pulls you. /  / Day 31 of daily Stoic wisdom. /  / Desire moves faster than thought. The space between the two is where freedom lives. What impulse ran ahead of you today? /  / #stoicism #discipline #desire #chrysippus #selfcontrol #stoicphilosophy #mindfulness #innerpeace #dailystoic #selfmastery /  / --- / 🪨 The Stoic Reset is free right now. A 30-day journal to put quotes like this into daily practice: / https://soicism.gumroad.com/l/cslosv,https://youtube.com/shorts/5G8PDKp7398,5G8PDKp7398,Christopher,focus_underscore
2026-07-05,resilience,Marcus Aurelius,What stands in the way becomes the way.,Face it. /  / Day 31 of daily Stoic wisdom. /  / The thing blocking you is often the exact thing shaping you. What obstacle are you resenting that might be building you? /  / #stoicism #resilience #marcusaurelius #discipline #innerstrength #stoicmindset #mentaltoughness #dailystoic #adversity #stoicwisdom /  / --- / 🪨 The Stoic Reset is free right now. A 30-day journal to put quotes like this into daily practice: / https://soicism.gumroad.com/l/cslosv,https://youtube.com/shorts/xShTeIO2wZE,xShTeIO2wZE,Christopher,focus_underscore
2026-07-05,fear,Seneca,He who fears death will never do anything worthy of a living man.,"Where fear lives, life waits. /  / Day 31 of daily Stoic wisdom. /  / Fear rarely arrives as catastrophe. It shows up as a hundred small hesitations. What have you been putting off out of quiet fear? /  / #stoicism #seneca #fear #discipline #stoicmindset #courage #dailystoic #innerpeace #selfmastery #stoicphilosophy /  / --- / 🪨 The Stoic Reset is free right now. A 30-day journal to put quotes like this into daily practice: / https://soicism.gumroad.com/l/cslosv",https://youtube.com/shorts/pyWoqCX8TC4,pyWoqCX8TC4,Christopher,focus_underscore
2026-07-05,friendship,Zeno of Citium,The wise man will feel affection for others.,"Let yourself care. /  / Day 31 of daily Stoic wisdom. /  / We armor ourselves against caring, then call it discipline. Who have you kept at arm's length lately? /  / #stoicism #zeno #friendship #discipline #stoicwisdom #innerpeace #mindset #philosophy #dailystoic #emotionalstrength /  / --- / 🪨 The Stoic Reset is free right now. A 30-day journal to put quotes like this into daily practice: / https://soicism.gumroad.com/l/cslosv",https://youtube.com/shorts/ZibclqOCkD8,ZibclqOCkD8,Christopher,focus_underscore
2026-07-06,duty/justice,Musonius Rufus,To do wrong is worse than to suffer it.,"Choose the harder honesty. /  / Day 32 of daily Stoic wisdom. /  / Retaliation feels like justice but leaves a stain the original wrong never did. When were you last tempted to even a score you should have let go? /  / #stoicism #musoniusrufus #justice #integrity #discipline #stoicmindset #selfcontrol #dailystoic #character #virtue /  / --- / 📓 FREE this month only — The Stoic Reset, my 30-day Stoic journal. Grab it before the price goes up: / https://soicism.gumroad.com/l/cslosv",https://youtube.com/shorts/z0zus6SySlQ,z0zus6SySlQ,Guy,dark_ambient
2026-07-06,adversity as training,Chrysippus,"The wise man is tested by hardship, not broken.","Stay standing. /  / Day 32 of daily Stoic wisdom. /  / Adversity isn't punishment — it's the test that shows your shape. What are you currently treating as an obstacle instead of a trial? /  / #stoicism #chrysippus #discipline #adversity #mentaltoughness #stoicmindset #resilience #innerstrength #philosophy #dailystoic /  / --- / 📓 FREE this month only — The Stoic Reset, my 30-day Stoic journal. Grab it before the price goes up: / https://soicism.gumroad.com/l/cslosv",https://youtube.com/shorts/TT--nDWIoYk,TT--nDWIoYk,Guy,dark_ambient
2026-07-06,time,Epictetus,No man knows whether he shall be alive tomorrow.,"This day is enough. /  / Day 32 of daily Stoic wisdom. /  / We treat tomorrow like it's guaranteed. Pick one thing you've been saving for 'later' and do it today. What is it? /  / #stoicism #epictetus #discipline #mortality #stoicwisdom #memento mori #dailystoic #mindset #philosophy #presentmoment /  / --- / 📓 FREE this month only — The Stoic Reset, my 30-day Stoic journal. Grab it before the price goes up: / https://soicism.gumroad.com/l/cslosv",https://youtube.com/shorts/kORGB4qlp_A,kORGB4qlp_A,Guy,dark_ambient
2026-07-06,discipline,Marcus Aurelius,Confine yourself to the present.,"Just this task. /  / Day 32 of daily Stoic wisdom. /  / Discipline isn't doing everything. It's giving this single moment your whole attention. What are you half-doing right now? /  / #stoicism #discipline #marcusaurelius #meditations #focus #presentmoment #selfmastery #stoicmindset #dailystoic #mentalclarity /  / --- / 📓 FREE this month only — The Stoic Reset, my 30-day Stoic journal. Grab it before the price goes up: / https://soicism.gumroad.com/l/cslosv",https://youtube.com/shorts/_St3SoNjNhU,_St3SoNjNhU,Guy,dark_ambient
2026-07-07,mortality/memento mori,Seneca,"We are dying every day, for every day takes away some part of life.",It is already happening. /  / Day 33 of daily Stoic wisdom. /  / You're not waiting to die someday — a little of your life leaves with each ordinary hour. What are you spending this one on? /  / #stoicism #seneca #mementomori #stoicwisdom #philosophy #discipline #mortality #dailystoic #stoicquotes #mindfulness /  / --- / 📖 I'm giving away The Stoic Reset journal for free — but only for June. 30 days to rebuild your mindset: / https://soicism.gumroad.com/l/cslosv,https://youtube.com/shorts/RqwweRXyY2Q,RqwweRXyY2Q,Ryan,ancient_minimal
2026-07-07,ego,Zeno of Citium,The good man is one who never thinks himself great.,"Set it down. /  / Day 33 of daily Stoic wisdom. /  / The loudest need to prove yourself is often the ego, not the truth. Where did you insist on being right this week? /  / #stoicism #ego #humility #zeno #stoicwisdom #selfmastery #discipline #innerpeace #philosophy #stoicmindset /  / --- / 📖 I'm giving away The Stoic Reset journal for free — but only for June. 30 days to rebuild your mindset: / https://soicism.gumroad.com/l/cslosv",https://youtube.com/shorts/t_d6ZOJuN0o,t_d6ZOJuN0o,Ryan,ancient_minimal,Set it down.
2026-07-07,control vs acceptance,Musonius Rufus,We must endure the hardships we cannot change without complaint.,Meet what comes. /  / Day 33 of daily Stoic wisdom. /  / Half our suffering is arguing with what's already here. Where are you still complaining about something you can't control? /  / #stoicism #musoniusrufus #acceptance #stoicwisdom #discipline #innerpeace #selfmastery #mindset #stoicquotes #philosophy /  / --- / 📖 I'm giving away The Stoic Reset journal for free — but only for June. 30 days to rebuild your mindset: / https://soicism.gumroad.com/l/cslosv,https://youtube.com/shorts/C_qPyUXrRHQ,C_qPyUXrRHQ,Ryan,ancient_minimal,Meet what comes
2026-07-07,anger,Epictetus,"What upsets people is not things, but their judgments about things.",It isn't the thing. /  / Day 33 of daily Stoic wisdom. /  / Anger doesn't arrive with events—we supply it through judgment. What ordinary thing did you turn into an insult today? /  / #stoicism #epictetus #anger #discipline #selfmastery #stoicwisdom #innerpeace #mindfulness #stoicmindset #emotionalcontrol /  / --- / 📖 I'm giving away The Stoic Reset journal for free — but only for June. 30 days to rebuild your mindset: / https://soicism.gumroad.com/l/cslosv,https://youtube.com/shorts/J3Z8Mi4k-Hg,J3Z8Mi4k-Hg,Ryan,ancient_minimal,It isn't the thing.
2026-07-08,desire,Marcus Aurelius,How much trouble he avoids who does not look to see what his neighbor says or does.,Look at your own hands. /  / Day 34 of daily Stoic wisdom. /  / Most of our wanting is borrowed from watching other people. What did you desire today only because someone else had it? /  / #stoicism #marcusaurelius #meditations #desire #contentment #stoicwisdom #discipline #mindfulness #innerpeace #comparison /  / --- / 🪨 The Stoic Reset is free right now. A 30-day journal to put quotes like this into daily practice: / https://soicism.gumroad.com/l/cslosv,https://youtube.com/shorts/4kA8Elm9T-k,4kA8Elm9T-k,Eric,focus_underscore,Look at your own hands,swell+obsidian
2026-07-08,resilience,Seneca,The bravest sight is a man wrestling with adversity.,Stand your ground. /  / Day 34 of daily Stoic wisdom. /  / Adversity isn't the enemy of your growth — it's the arena for it. What hard thing are you dodging today? /  / #stoicism #seneca #resilience #discipline #mentaltoughness #stoicwisdom #innerstrength #adversity #selfmastery #dailystoic /  / --- / 🪨 The Stoic Reset is free right now. A 30-day journal to put quotes like this into daily practice: / https://soicism.gumroad.com/l/cslosv,https://youtube.com/shorts/YZU5N6HGOm4,YZU5N6HGOm4,Eric,focus_underscore,Stand your ground.,cold_open+warm_gold
2026-07-08,fear,Zeno of Citium,Dread is a fear of some overpowering thing before it comes.,Nothing has happened yet. /  / Day 34 of daily Stoic wisdom. /  / Most of our fear is a rehearsal for something that never comes. Name the thing you keep bracing for before it arrives. /  / #stoicism #zeno #fear #anxietyrelief #stoicmindset #innerpeace #discipline #philosophy #calm #dailystoic /  / --- / 🪨 The Stoic Reset is free right now. A 30-day journal to put quotes like this into daily practice: / https://soicism.gumroad.com/l/cslosv,https://youtube.com/shorts/4sXyeHDEifE,4sXyeHDEifE,Eric,focus_underscore,Nothing has happened yet,cold_open+obsidian
2026-07-08,friendship,Musonius Rufus,To injure a friend is to injure yourself.,The one who stayed. /  / Day 34 of posting Stoic wisdom until discipline becomes cool again. Subscribe to follow the streak. /  / The people closest to us feel the sharpest edges of our worst moments. Who did you last take for granted? /  / #stoicism #musoniusrufus #friendship #loyalty #stoicwisdom #dailystoic #innerpeace #stoicmindset #philosophy #selfmastery /  / --- / 🪨 The Stoic Reset is free right now. A 30-day journal to put quotes like this into daily practice: / https://soicism.gumroad.com/l/cslosv,https://youtube.com/shorts/wCJl2VW4WRk,wCJl2VW4WRk,Eric,focus_underscore,The one who stayed,punch+warm_gold,quote
2026-07-09,duty/justice,Epictetus,Every situation has two handles; grasp it by the right one.,"Choose the handle. /  / Day 35 of posting Stoic wisdom until discipline becomes cool again. Subscribe to follow the streak. /  / There are two ways to hold every offense. Which handle did you reach for today? /  / #stoicism #epictetus #duty #justice #stoicwisdom #innerpeace #selfmastery #philosophy #dailystoic #mindset /  / --- / 📓 FREE this month only — The Stoic Reset, my 30-day Stoic journal. Grab it before the price goes up: / https://soicism.gumroad.com/l/cslosv",https://youtube.com/shorts/J_ZjG4Hp_nc,J_ZjG4Hp_nc,Christopher,dark_ambient,Choose the handle.,punch+obsidian,minimal
2026-07-09,discipline,Marcus Aurelius,Do every deed as if it were the last of your life.,"He ruled Rome from a war tent. /  / Day 35 of posting Stoic wisdom until discipline becomes cool again. Subscribe to follow the streak. /  / The most powerful man alive still had to discipline himself daily. What would you finish today if it were your last? Name it. /  / #stoicism #discipline #marcusaurelius #meditations #stoic #selfdiscipline #mindset #stoicphilosophy #dailystoic #focus /  / --- / 📓 FREE this month only — The Stoic Reset, my 30-day Stoic journal. Grab it before the price goes up: / https://soicism.gumroad.com/l/cslosv",https://youtube.com/shorts/6y0_ZCKvEWQ,6y0_ZCKvEWQ,Christopher,dark_ambient,He ruled Rome from a war tent,swell+warm_gold,story
2026-07-09,mortality/memento mori,Seneca,No man is so ignorant as not to know he must die.,"You already know. /  / Day 35 of posting Stoic wisdom until discipline becomes cool again. Subscribe to follow the streak. /  / You schedule your future like it's owed to you. What are you delaying that deserves today? #memento_mori /  / #stoicism #seneca #mementomori #mortality #stoicwisdom #philosophy #discipline #dailystoic #stoicmindset #lifelessons /  / --- / 📓 FREE this month only — The Stoic Reset, my 30-day Stoic journal. Grab it before the price goes up: / https://soicism.gumroad.com/l/cslosv",https://youtube.com/shorts/f3IALbfKwxE,f3IALbfKwxE,Christopher,dark_ambient,You already know.,swell+obsidian,minimal
2026-07-09,ego,Zeno of Citium,Better to trip with the feet than with the tongue.,"Say less than you know. /  / Day 35 of posting Stoic wisdom until discipline becomes cool again. Subscribe to follow the streak. /  / Ego speaks fastest through the mouth. What's one thing you almost said today but didn't need to? /  / #stoicism #zeno #ego #discipline #selfcontrol #stoicphilosophy #speakless #humility #innerpeace #mindset /  / --- / 📓 FREE this month only — The Stoic Reset, my 30-day Stoic journal. Grab it before the price goes up: / https://soicism.gumroad.com/l/cslosv",https://youtube.com/shorts/Cv8FJo0yWVw,Cv8FJo0yWVw,Christopher,dark_ambient,Say less than you know,cold_open+warm_gold,quote
2026-07-10,control vs acceptance,Musonius Rufus,One will bear illness best who best endures hardship in health.,Prepare quietly. /  / Day 36 of posting Stoic wisdom until discipline becomes cool again. Subscribe to follow the streak. /  / The way you handle minor friction trains you for the day everything breaks. What small hardship did you refuse to sit with today? /  / #stoicism #musoniusrufus #selfcontrol #discipline #stoicwisdom #acceptance #mentalstrength #innerpeace #stoicmindset #resilience /  / --- / 📖 I'm giving away The Stoic Reset journal for free — but only for June. 30 days to rebuild your mindset: / https://soicism.gumroad.com/l/cslosv,https://youtube.com/shorts/eEEaWs3-XZg,eEEaWs3-XZg,Ryan,ancient_minimal,Prepare quietly.,cold_open+obsidian,minimal
2026-07-10,anger,Epictetus,"If you would not be quick-tempered, do not feed the habit.","A slave, lamed by his master. /  / Day 36 of posting Stoic wisdom until discipline becomes cool again. Subscribe to follow the streak. /  / Anger isn't a lightning strike — it's a habit you practice daily. Which small moment today quietly trained you to erupt? /  / #stoicism #epictetus #anger #selfcontrol #discipline #stoicphilosophy #mindset #emotionalcontrol #innerpeace #stoicwisdom /  / --- / 📖 I'm giving away The Stoic Reset journal for free — but only for June. 30 days to rebuild your mindset: / https://soicism.gumroad.com/l/cslosv",https://youtube.com/shorts/PBbrjgR-wnw,PBbrjgR-wnw,Ryan,ancient_minimal,"A slave, lamed by his master.",punch+warm_gold,story
2026-07-10,desire,Marcus Aurelius,Very little is needed to make a happy life.,Enough already. /  / Day 36 of posting Stoic wisdom until discipline becomes cool again. Subscribe to follow the streak. /  / The wanting never ends because it was never about the thing. What are you chasing right now that you already have enough of? /  / #stoicism #marcusaurelius #desire #minimalism #contentment #stoicwisdom #meditations #discipline #innerpeace #mindfulness /  / --- / 📖 I'm giving away The Stoic Reset journal for free — but only for June. 30 days to rebuild your mindset: / https://soicism.gumroad.com/l/cslosv,https://youtube.com/shorts/qP2V502RJCk,qP2V502RJCk,Ryan,ancient_minimal,Enough already,punch+obsidian,minimal
2026-07-10,resilience,Seneca,A gladiator counts it a disgrace to be matched with a weaker man.,The size of the test. /  / Day 36 of posting Stoic wisdom until discipline becomes cool again. Subscribe to follow the streak. /  / The struggles we resent are often a quiet vote of confidence. What difficulty right now might be shaping you rather than breaking you? /  / #stoicism #seneca #resilience #mentaltoughness #stoicphilosophy #discipline #innerstrength #adversity #stoicmindset #philosophy /  / --- / 📖 I'm giving away The Stoic Reset journal for free — but only for June. 30 days to rebuild your mindset: / https://soicism.gumroad.com/l/cslosv,https://youtube.com/shorts/2mBCXmqbXqg,2mBCXmqbXqg,Ryan,ancient_minimal,The size of the test,swell+warm_gold,quote
2026-07-11,fear,Zeno of Citium,Superstition is a fear of the divine powers.,"Name the fear. /  / Day 37 of posting Stoic wisdom until discipline becomes cool again. Subscribe to follow the streak. /  / Unnamed fear rules quietly. Name it, and it shrinks. What are you afraid of that you've never said out loud? /  / #stoicism #fear #zeno #stoicwisdom #mindset #innerpeace #dailystoic #philosophy #calm #selfmastery /  / --- / 🪨 The Stoic Reset is free right now. A 30-day journal to put quotes like this into daily practice: / https://soicism.gumroad.com/l/cslosv",https://youtube.com/shorts/mzUZHHFQ8_Y,mzUZHHFQ8_Y,Eric,focus_underscore,Name the fear.,swell+obsidian,minimal
2026-07-11,friendship,Musonius Rufus,The friend who helps you toward virtue is the truest of all.,"Banished twice to a barren rock. /  / Day 37 of posting Stoic wisdom until discipline becomes cool again. Subscribe to follow the streak. /  / Musonius kept his real friends even in exile — the ones who pushed him toward virtue. Who in your life actually makes you better, not just comfortable? /  / #stoicism #musoniusrufus #friendship #stoic #discipline #virtue #stoicphilosophy #selfimprovement #wisdom #mindset /  / --- / 🪨 The Stoic Reset is free right now. A 30-day journal to put quotes like this into daily practice: / https://soicism.gumroad.com/l/cslosv",https://youtube.com/shorts/DwJ38dEWVxk,DwJ38dEWVxk,Eric,focus_underscore,Banished twice to a barren rock,cold_open+warm_gold,story
2026-07-11,duty/justice,Epictetus,Every station in life has its duty; fulfill yours.,Do your part. /  / Day 37 of posting Stoic wisdom until discipline becomes cool again. Subscribe to follow the streak. /  / The role you're in already tells you what to do. What are you waiting to be thanked for before doing? /  / #stoicism #epictetus #duty #discipline #stoicwisdom #selfmastery #dailystoic #justice #characterbuilding #innerwork /  / --- / 🪨 The Stoic Reset is free right now. A 30-day journal to put quotes like this into daily practice: / https://soicism.gumroad.com/l/cslosv,https://youtube.com/shorts/xOkE3-uahz4,xOkE3-uahz4,Eric,focus_underscore,Do your part.,cold_open+obsidian,minimal
2026-07-11,discipline,Marcus Aurelius,No longer talk about what a good man is. Be one.,Stop rehearsing. Begin. /  / Day 37 of posting Stoic wisdom until discipline becomes cool again. Subscribe to follow the streak. /  / Discipline isn't the perfect plan — it's the plain act you take before you feel ready. What's the one thing you keep describing instead of doing? /  / #stoicism #discipline #marcusaurelius #meditations #selfmastery #stoicmindset #dailystoic #innerstrength #mensmindset #philosophy /  / --- / 🪨 The Stoic Reset is free right now. A 30-day journal to put quotes like this into daily practice: / https://soicism.gumroad.com/l/cslosv,https://youtube.com/shorts/2IC642X4kX0,2IC642X4kX0,Eric,focus_underscore,Stop rehearsing. Begin.,punch+warm_gold,quote
2026-07-12,mortality/memento mori,Seneca,No man is so foolish as to postpone living to tomorrow.,"Not tomorrow. /  / Day 38 of posting Stoic wisdom until discipline becomes cool again. Subscribe to follow the streak. /  / The life you keep deferring to a calmer future is the only one you're living. What are you saving for a tomorrow that isn't promised? /  / #stoicism #seneca #mementomori #stoic #philosophy #discipline #mindfulness #stoicwisdom #presentmoment #dailystoic /  / --- / 📓 FREE this month only — The Stoic Reset, my 30-day Stoic journal. Grab it before the price goes up: / https://soicism.gumroad.com/l/cslosv",https://youtube.com/shorts/0siQWWd7Ynw,0siQWWd7Ynw,Christopher,dark_ambient,Not tomorrow.,punch+obsidian,minimal
2026-07-12,ego,Zeno of Citium,Nothing is more unbecoming than to think oneself great.,"He walked away from a fortune. /  / Day 38 of posting Stoic wisdom until discipline becomes cool again. Subscribe to follow the streak. /  / Zeno lost everything and found himself only after he let his ego sink with the ship. What are you still clinging to out of pride? /  / #stoicism #zeno #ego #humility #stoicwisdom #discipline #selfmastery #philosophy #stoicmindset #ancientwisdom /  / --- / 📓 FREE this month only — The Stoic Reset, my 30-day Stoic journal. Grab it before the price goes up: / https://soicism.gumroad.com/l/cslosv",https://youtube.com/shorts/ew5iWfLr8YI,ew5iWfLr8YI,Christopher,dark_ambient,He walked away from a fortune,swell+warm_gold,story
2026-07-12,time,Seneca,"While we wait to live, life passes. Nothing is ours, Lucilius, except time alone.",You protect your wallet but give your hours away for free. What are you waiting for permission to finally start? Tell me below. /  / #stoicism #seneca #time #stoicwisdom #philosophy #mindset #discipline #memento mori #selfimprovement #stoicquotes,https://youtube.com/shorts/HAKUq9F2KwU,HAKUq9F2KwU,,,,,
2026-07-13,control vs acceptance,Musonius Rufus,We do not need luck to be good; virtue asks nothing of fortune.,Fortune owes you nothing. /  / Day 39 of posting Stoic wisdom until discipline becomes cool again. Subscribe to follow the streak. /  / You control your effort and your character. The result was never yours to hold. What are you still blaming on luck? /  / #stoicism #musoniusrufus #acceptance #discipline #stoicwisdom #selfcontrol #innerpeace #virtue #mindsetshift #stoicquotes /  / --- / 📖 I'm giving away The Stoic Reset journal for free — but only for June. 30 days to rebuild your mindset: / https://soicism.gumroad.com/l/cslosv,https://youtube.com/shorts/lRC70RVPGBo,lRC70RVPGBo,Ryan,ancient_minimal,Fortune owes you nothing,cold_open+warm_gold,quote
2026-07-13,anger,Epictetus,Reckon the days you were not angry.,Count them. /  / Day 39 of posting Stoic wisdom until discipline becomes cool again. Subscribe to follow the streak. /  / We remember the big blowups but never notice the peaceful days between them. When did you last go a full day without anger? /  / #stoicism #epictetus #anger #selfcontrol #discipline #stoicquotes #innerpeace #mindset #calm #emotionalcontrol /  / --- / 📖 I'm giving away The Stoic Reset journal for free — but only for June. 30 days to rebuild your mindset: / https://soicism.gumroad.com/l/cslosv,https://youtube.com/shorts/AHjrJ456WwM,AHjrJ456WwM,Ryan,ancient_minimal,Count them.,cold_open+obsidian,minimal
2026-07-13,desire,Marcus Aurelius,"How ridiculous, not to flee one's own vices, which is possible, while fleeing others'.","He ruled Rome and wanted less. /  / Day 39 of posting Stoic wisdom until discipline becomes cool again. Subscribe to follow the streak. /  / The most powerful man alive spent his private nights taming his own wants, not others'. What desire are you outsourcing blame for instead of facing? /  / #stoicism #marcusaurelius #meditations #desire #selfdiscipline #stoicmindset #innerpeace #philosophy #selfmastery #dailystoic /  / --- / 📖 I'm giving away The Stoic Reset journal for free — but only for June. 30 days to rebuild your mindset: / https://soicism.gumroad.com/l/cslosv",https://youtube.com/shorts/RLrmFHIcpik,RLrmFHIcpik,Ryan,ancient_minimal,He ruled Rome and wanted less,punch+warm_gold,story
2026-07-13,resilience,Zeno of Citium,Steel your judgment; nothing external can break it.,Stay unmoved. /  / Day 39 of posting Stoic wisdom until discipline becomes cool again. Subscribe to follow the streak. /  / Events don't wound you — your verdict on them does. What ruling did you hand yourself today that you could overturn? /  / #stoicism #zeno #resilience #stoic #mentalstrength #discipline #selfmastery #innerstrength #philosophy #dailystoic /  / --- / 📖 I'm giving away The Stoic Reset journal for free — but only for June. 30 days to rebuild your mindset: / https://soicism.gumroad.com/l/cslosv,https://youtube.com/shorts/VqIpZoIBJMY,VqIpZoIBJMY,Ryan,ancient_minimal,Stay unmoved.,punch+obsidian,minimal
2026-07-14,fear,Seneca,The mind that is anxious about the future is miserable before its time.,The threat that never came. /  / Day 40 of posting Stoic wisdom until discipline becomes cool again. Subscribe to follow the streak. /  / Half the fear you carry is a bill for something that never arrives. What are you dreading right now that hasn't happened yet? /  / #stoicism #seneca #discipline #anxiety #innerpeace #stoicmindset #mentalstrength #calm #selfmastery #philosophy /  / --- / 🪨 The Stoic Reset is free right now. A 30-day journal to put quotes like this into daily practice: / https://soicism.gumroad.com/l/cslosv,https://youtube.com/shorts/eWgxH4SzSaU,eWgxH4SzSaU,Eric,focus_underscore,The threat that never came,swell+warm_gold,quote
2026-07-14,friendship,Musonius Rufus,"We keep friends not by receiving favors, but by giving them.","Give first. /  / Day 40 of posting Stoic wisdom until discipline becomes cool again. Subscribe to follow the streak. /  / Friendship isn't a ledger. It survives on what you give, not what you're owed. Who have you been waiting to text back? /  / #stoicism #friendship #musoniusrufus #stoicwisdom #selfimprovement #discipline #brotherhood #stoicmindset #innerstrength #philosophy /  / --- / 🪨 The Stoic Reset is free right now. A 30-day journal to put quotes like this into daily practice: / https://soicism.gumroad.com/l/cslosv",https://youtube.com/shorts/nv_n83Id4Jo,nv_n83Id4Jo,Eric,focus_underscore,Give first.,swell+obsidian,minimal
2026-07-14,duty/justice,Epictetus,You are an actor in a play; act well the part given to you.,"Born a slave. He shaped emperors. /  / Day 40 of posting Stoic wisdom until discipline becomes cool again. Subscribe to follow the streak. /  / You don't get to pick your circumstances, only how you meet them. What role are you refusing to play well right now? /  / #stoicism #epictetus #discipline #selfmastery #duty #stoicmindset #mentaltoughness #dailystoic #philosophy #selfimprovement /  / --- / 🪨 The Stoic Reset is free right now. A 30-day journal to put quotes like this into daily practice: / https://soicism.gumroad.com/l/cslosv",https://youtube.com/shorts/yG9eXSRluro,yG9eXSRluro,Eric,focus_underscore,Born a slave. He shaped emperors.,cold_open+warm_gold,story
2026-07-14,discipline,Marcus Aurelius,The impediment to action advances action. What stands in the way becomes the way.,Do the work now. /  / Day 40 of posting Stoic wisdom until discipline becomes cool again. Subscribe to follow the streak. /  / The resistance you feel isn't a wall — it's the reps. What one task have you avoided three times this week? /  / #stoicism #discipline #marcusaurelius #meditations #selfmastery #mindset #stoicmindset #dailydiscipline #focus #stoicwisdom /  / --- / 🪨 The Stoic Reset is free right now. A 30-day journal to put quotes like this into daily practice: / https://soicism.gumroad.com/l/cslosv,https://youtube.com/shorts/L4fASbEONtg,L4fASbEONtg,Eric,focus_underscore,Do the work now.,cold_open+obsidian,minimal
2026-07-15,mortality/memento mori,Zeno of Citium,"The wise man is like a good actor who plays his part well, long or short.","Your part ends someday. /  / Day 41 of posting Stoic wisdom until discipline becomes cool again. Subscribe to follow the streak. /  / You don't control how long you're on stage — only how you play it. What scene are you sleepwalking through right now? /  / #stoicism #mementomori #zeno #discipline #stoicquotes #selfimprovement #innerstrength #mindset #philosophy #dailystoic /  / --- / 📓 FREE this month only — The Stoic Reset, my 30-day Stoic journal. Grab it before the price goes up: / https://soicism.gumroad.com/l/cslosv",https://youtube.com/shorts/EsgvRkZsB-o,EsgvRkZsB-o,Christopher,dark_ambient,Your part ends someday,swell+warm_gold,quote
2026-07-15,ego,Seneca,No man is great who thinks himself great.,"Set it down. /  / Day 41 of posting Stoic wisdom until discipline becomes cool again. Subscribe to follow the streak. /  / The ego wants to be seen as great; the man just does the work. What did you do today only for applause? /  / #stoicism #seneca #ego #discipline #selfmastery #stoicmindset #humility #mensmentalhealth #growthmindset #innerstrength /  / --- / 📓 FREE this month only — The Stoic Reset, my 30-day Stoic journal. Grab it before the price goes up: / https://soicism.gumroad.com/l/cslosv",https://youtube.com/shorts/UWhKhyad4w8,UWhKhyad4w8,Andrew,dark_ambient,Set it down.,swell+obsidian,minimal
2026-07-15,control vs acceptance,Musonius Rufus,Only what is in our power is truly good or bad.,"Let it be. /  / Day 41 of posting Stoic wisdom until discipline becomes cool again. Subscribe to follow the streak. /  / You keep gripping the parts of life that were never in your hands. What are you trying to control right now that isn't yours? /  / #stoicism #discipline #musoniusrufus #stoicmindset #selfcontrol #innerpeace #mentaldiscipline #stoicwisdom #letitgo #dailystoic /  / --- / 📓 FREE this month only — The Stoic Reset, my 30-day Stoic journal. Grab it before the price goes up: / https://soicism.gumroad.com/l/cslosv",https://youtube.com/shorts/Jpa-8IhmsgE,Jpa-8IhmsgE,Christopher,dark_ambient,Let it be.,cold_open+warm_gold,minimal
2026-07-15,anger,Epictetus,"When you are offended, know that your own opinion has offended you.","Nobody made you angry. /  / Day 41 of posting Stoic wisdom until discipline becomes cool again. Subscribe to follow the streak. /  / The insult, the traffic, the ignored text — none of it touches you until your judgment does. What made you angry today, really? Was it the event, or your ruling on it? /  / #stoicism #epictetus #anger #discipline #selfmastery #mindset #stoicquotes #innerpeace #emotionalcontrol #philosophy /  / --- / 📓 FREE this month only — The Stoic Reset, my 30-day Stoic journal. Grab it before the price goes up: / https://soicism.gumroad.com/l/cslosv",https://youtube.com/shorts/D3V1bO2Bnns,D3V1bO2Bnns,Christopher,dark_ambient,Nobody made you angry,cold_open+obsidian,quote
2026-07-15,desire,Marcus Aurelius,You will find rest from vain fancies if you do every act as though it were your last.,"He ruled Rome from a war tent. /  / Day 41 of posting Stoic wisdom until discipline becomes cool again. Subscribe to follow the streak. /  / The man who owned an empire spent his nights fighting his own desires. What are you chasing that would leave you just as restless once you had it? /  / #stoicism #marcusaurelius #discipline #desire #selfmastery #meditations #stoicmindset #mentalstrength #philosophy #innerpeace /  / --- / 📓 FREE this month only — The Stoic Reset, my 30-day Stoic journal. Grab it before the price goes up: / https://soicism.gumroad.com/l/cslosv",https://youtube.com/shorts/CmixQ4F7Tx4,CmixQ4F7Tx4,Christopher,amb_embers,He ruled Rome from a war tent.,swell+warm_gold,story
2026-07-15,resilience,Zeno of Citium,"Contentment is nature's wealth, which is bounded by fitting limits.","POV: You just got passed over again. /  / Day 41 of posting Stoic wisdom until discipline becomes cool again. Subscribe to follow the streak. /  / The promotion, the number, the milestone someone else hit first — none of it was ever the fix. What are you chasing that isn't actually yours to need? /  / #stoicism #discipline #resilience #stoicmindset #selfmastery #zeno #mentalstrength #dailystoic #innerpeace #stoicquotes /  / --- / 📓 FREE this month only — The Stoic Reset, my 30-day Stoic journal. Grab it before the price goes up: / https://soicism.gumroad.com/l/cslosv",https://youtube.com/shorts/whTirDiit2E,whTirDiit2E,Christopher,amb_rain_night,POV: You just got passed over again.,swell+obsidian,pov
2026-07-16,fear,Seneca,He who has learned to die has unlearned to be a slave.,Rule 9: Name the fear. /  / Day 42 of posting Stoic wisdom until discipline becomes cool again. Subscribe to follow the streak. /  / The fear you won't name is the one that governs you. What are you avoiding right now because you're afraid to look at it? /  / #stoicism #discipline #fear #seneca #mindset #selfmastery #stoicquotes #mentalstrength #philosophy #courage /  / --- / 📖 I'm giving away The Stoic Reset journal for free — but only for June. 30 days to rebuild your mindset: / https://soicism.gumroad.com/l/cslosv,https://youtube.com/shorts/16byegZ-7ug,16byegZ-7ug,Brian,amb_embers,Rule 9: Name the fear.,cold_open+warm_gold,rule
2026-07-16,friendship,Musonius Rufus,"The good man does not hesitate to receive correction, but welcomes it from a friend.",The 24-hour honesty test. /  / Day 42 of posting Stoic wisdom until discipline becomes cool again. Subscribe to follow the streak. /  / Real friends can hear the truth from you — and give it back. Who's the friend you owe an honest word to? /  / #stoicism #discipline #musoniusrufus #friendship #selfimprovement #mindset #stoicquotes #brotherhood #mentalstrength #dailystoic /  / --- / 📖 I'm giving away The Stoic Reset journal for free — but only for June. 30 days to rebuild your mindset: / https://soicism.gumroad.com/l/cslosv,https://youtube.com/shorts/UJvuUh_-8p8,UJvuUh_-8p8,BrianEdge,amb_wind_dawn,The 24-hour honesty test,cold_open+obsidian,challenge
2026-07-16,duty/justice,Epictetus,First say to yourself what you would be; then do what you must.,"Decide, then act. /  / Day 42 of posting Stoic wisdom until discipline becomes cool again. Subscribe to follow the streak. /  / You've described your future self a hundred times but never once acted like him. Which of his habits will you actually do today? /  / #stoicism #discipline #epictetus #selfmastery #mindset #stoicmindset #selfimprovement #dailystoic #growthmindset #innerstrength /  / --- / 📖 I'm giving away The Stoic Reset journal for free — but only for June. 30 days to rebuild your mindset: / https://soicism.gumroad.com/l/cslosv",https://youtube.com/shorts/aQqDXNi1oMo,aQqDXNi1oMo,BrianEdge,ancient_minimal,"Decide, then act.",swell+warm_gold,minimal
2026-07-16,discipline,Marcus Aurelius,Be like the rock the waves keep crashing over; it stands unmoved.,Let it break on you. /  / Day 42 of posting Stoic wisdom until discipline becomes cool again. Subscribe to follow the streak. /  / Most things that shake you don't deserve to. What waves are you letting move a rock this week? /  / #stoicism #discipline #marcusaurelius #meditations #stoic #selfmastery #mentalstrength #innerpeace #dailystoic #mindset /  / --- / 📖 I'm giving away The Stoic Reset journal for free — but only for June. 30 days to rebuild your mindset: / https://soicism.gumroad.com/l/cslosv,https://youtube.com/shorts/CDwr2M1YUqg,CDwr2M1YUqg,BrianEdge,ancient_minimal,Let it break on you,swell+obsidian,quote
2026-07-16,mortality/memento mori,Zeno of Citium,It is a long journey.,Founder of Stoicism. His last day. /  / Day 42 of posting Stoic wisdom until discipline becomes cool again. Subscribe to follow the streak. /  / Zeno met death without flinching because he'd already made peace with leaving. What are you still gripping that you'd have to let go?  /  / #stoicism #zeno #mementomori #discipline #stoic #philosophy #mindset #selfmastery #stoicwisdom #innerstrength /  / --- / 📖 I'm giving away The Stoic Reset journal for free — but only for June. 30 days to rebuild your mindset: / https://soicism.gumroad.com/l/cslosv,https://youtube.com/shorts/z3XKngtU2lI,z3XKngtU2lI,BrianEdge,amb_embers,Founder of Stoicism. His last day.,cold_open+warm_gold,story
2026-07-16,ego,Seneca,A great fortune is a great slavery.,POV: You just refreshed your own post. /  / Day 42 of posting Stoic wisdom until discipline becomes cool again. Subscribe to follow the streak. /  / The applause you chase quietly becomes your owner. What number have you let decide your mood this week? /  / #stoicism #seneca #discipline #ego #selfmastery #stoicmindset #mentalstrength #dopaminedetox #stoicphilosophy #growthmindset /  / --- / 📖 I'm giving away The Stoic Reset journal for free — but only for June. 30 days to rebuild your mindset: / https://soicism.gumroad.com/l/cslosv,https://youtube.com/shorts/LXdnsXkSqrY,LXdnsXkSqrY,BrianEdge,amb_rain_night,POV: You just refreshed your own post.,cold_open+obsidian,pov
2026-07-17,control vs acceptance,Musonius Rufus,The man who is not driven by pleasure nor deterred by pain is free.,"Rule 9: Want nothing you can't command. /  / Day 43 of posting Stoic wisdom until discipline becomes cool again. Subscribe to follow the streak. /  / You can't command the reply, the outcome, or the crowd — only your response. What are you still trying to control that isn't yours?  /  / #stoicism #discipline #musoniusrufus #selfcontrol #mindset #stoicquotes #mentalstrength #dichotomyofcontrol #stoicwisdom #selfmastery /  / --- / 🪨 The Stoic Reset is free right now. A 30-day journal to put quotes like this into daily practice: / https://soicism.gumroad.com/l/cslosv",https://youtube.com/shorts/izZTG7wjApc,izZTG7wjApc,Brian,amb_embers,Rule 9: Want nothing you can't command.,swell+warm_gold,rule
2026-07-17,anger,Epictetus,"When you are angry, remember that the beginning is small; check it at the start.",The 24-hour no-flare test. /  / Day 43 of posting Stoic wisdom until discipline becomes cool again. Subscribe to follow the streak. /  / Anger never arrives all at once; it grows from a spark you could have snuffed. What lit yours today? /  / #stoicism #discipline #epictetus #angermanagement #selfmastery #mensmindset #stoicmindset #emotionalcontrol #dailystoic #innerstrength /  / --- / 🪨 The Stoic Reset is free right now. A 30-day journal to put quotes like this into daily practice: / https://soicism.gumroad.com/l/cslosv,https://youtube.com/shorts/bSY_1nAqkCQ,bSY_1nAqkCQ,Christopher,amb_wind_dawn,The 24-hour no-flare test,swell+obsidian,challenge
2026-07-17,desire,Marcus Aurelius,Nowhere can a man find a quieter retreat than in his own soul.,"Look inward. /  / Day 43 of posting Stoic wisdom until discipline becomes cool again. Subscribe to follow the streak. /  / The thing you want most is quieter than you think, and closer than the next purchase. What are you still chasing that you don't actually need? /  / #stoicism #marcusaurelius #discipline #meditations #innerpeace #selfmastery #mindset #stoicwisdom #desire #calm /  / --- / 🪨 The Stoic Reset is free right now. A 30-day journal to put quotes like this into daily practice: / https://soicism.gumroad.com/l/cslosv",https://youtube.com/shorts/utFtZdNMqvk,utFtZdNMqvk,Christopher,focus_underscore,Look inward.,cold_open+warm_gold,minimal
2026-07-17,resilience,Zeno of Citium,The wise man is not harmed by what befalls him from without.,"Nothing outside can reach it. /  / Day 43 of posting Stoic wisdom until discipline becomes cool again. Subscribe to follow the streak. /  / Loss touches your circumstances, never the part of you that decides what to do next. What outside event have you been letting define you? /  / #stoicism #resilience #discipline #zenoofcitium #mentalstrength #stoicmindset #selfimprovement #innerstrength #dailystoic #mindsetshift /  / --- / 🪨 The Stoic Reset is free right now. A 30-day journal to put quotes like this into daily practice: / https://soicism.gumroad.com/l/cslosv",https://youtube.com/shorts/fST-2ee7zOI,fST-2ee7zOI,Christopher,focus_underscore,Nothing outside can reach it,cold_open+obsidian,quote
2026-07-17,fear,Seneca,He suffers more than necessary who suffers before it is necessary.,Nero handed him a death sentence. /  / Day 43 of posting Stoic wisdom until discipline becomes cool again. Subscribe to follow the streak. /  / Most of your suffering is a rehearsal for pain that never comes. What are you dreading today that hasn't happened yet? /  / #stoicism #seneca #discipline #fear #mindset #selfimprovement #stoicquotes #mentalstrength #philosophy #dailystoic /  / --- / 🪨 The Stoic Reset is free right now. A 30-day journal to put quotes like this into daily practice: / https://soicism.gumroad.com/l/cslosv,https://youtube.com/shorts/oRrUNukpLRM,oRrUNukpLRM,Christopher,amb_embers,Nero handed him a death sentence.,swell+warm_gold,story
2026-07-17,friendship,Musonius Rufus,It is far better to help many by good example than to please one by flattery.,POV: You almost lied to keep him. /  / Day 43 of posting Stoic wisdom until discipline becomes cool again. Subscribe to follow the streak. /  / Real friendship isn't agreeing with him. It's being the one man who won't lie to him. Who in your life needs the truth this week? /  / #stoicism #discipline #musoniusrufus #friendship #stoicquotes #selfimprovement #mindset #brotherhood #stoicmindset #dailystoic /  / --- / 🪨 The Stoic Reset is free right now. A 30-day journal to put quotes like this into daily practice: / https://soicism.gumroad.com/l/cslosv,https://youtube.com/shorts/66Mi-VGpBzg,66Mi-VGpBzg,Christopher,amb_rain_night,POV: You almost lied to keep him.,swell+obsidian,pov
2026-07-18,duty/justice,Epictetus,"What is the fruit of these teachings? To keep faith, and honor, and good order in the soul.","Rule 9: Keep your word like it's law. /  / Day 44 of posting Stoic wisdom until discipline becomes cool again. Subscribe to follow the streak. /  / Every broken promise to yourself trains your mind to distrust you. Which promise will you actually keep today? /  / #stoicism #discipline #epictetus #selfcontrol #integrity #stoicmindset #mentalstrength #dailystoic #selfimprovement #keepyourword /  / --- / 📓 FREE this month only — The Stoic Reset, my 30-day Stoic journal. Grab it before the price goes up: / https://soicism.gumroad.com/l/cslosv",https://youtube.com/shorts/lZtc5TJ9Hcg,lZtc5TJ9Hcg,Brian,amb_embers,Rule 9: Keep your word like it's law,cold_open+warm_gold,rule
2026-07-18,discipline,Marcus Aurelius,Waste no more time arguing what a good man should be. Be one.,"Stop rehearsing. Start living. /  / Day 44 of posting Stoic wisdom until discipline becomes cool again. Subscribe to follow the streak. /  / Discipline isn't a future self you're building. It's a choice available this second. What are you still only planning? /  / #stoicism #discipline #marcusaurelius #selfdiscipline #stoic #mindsetmatters #meditations #dailystoic #selfimprovement #mentaltoughness /  / --- / 📓 FREE this month only — The Stoic Reset, my 30-day Stoic journal. Grab it before the price goes up: / https://soicism.gumroad.com/l/cslosv",https://youtube.com/shorts/BtNogrVRUlw,BtNogrVRUlw,Christopher,dark_ambient,Stop rehearsing. Start living.,cold_open+obsidian,quote
2026-07-18,mortality/memento mori,Zeno of Citium,The road up and the road down are one and the same.,"One road. /  / Day 44 of posting Stoic wisdom until discipline becomes cool again. Subscribe to follow the streak. /  / Everything you build is built on the same ground you'll return to. What are you climbing for right now? /  / #stoicism #mementomori #discipline #zeno #stoicwisdom #mindset #selfmastery #mortality #innerstrength #philosophy /  / --- / 📓 FREE this month only — The Stoic Reset, my 30-day Stoic journal. Grab it before the price goes up: / https://soicism.gumroad.com/l/cslosv",https://youtube.com/shorts/MwljWYP8nXk,MwljWYP8nXk,Christopher,dark_ambient,One road.,swell+warm_gold,minimal
2026-07-18,ego,Seneca,No man was ever wise by chance.,"Nero sent him one final order. /  / Day 44 of posting Stoic wisdom until discipline becomes cool again. Subscribe to follow the streak. /  / Seneca had power, wealth, and the ear of an emperor — and knew none of it made him wise. What are you proud of that you didn't build yourself? /  / #stoicism #seneca #ego #discipline #stoic #selfimprovement #stoicphilosophy #mindset #humility #innerstrength #dailystoic /  / --- / 📓 FREE this month only — The Stoic Reset, my 30-day Stoic journal. Grab it before the price goes up: / https://soicism.gumroad.com/l/cslosv",https://youtube.com/shorts/rVB5RYm10gU,rVB5RYm10gU,Christopher,amb_embers,Nero sent him one final order.,swell+obsidian,story
2026-07-19,control vs acceptance,Musonius Rufus,It is not enough to know what is good; one must practice it.,"Rule 9: Train it, don't just know it. /  / Day 45 of posting Stoic wisdom until discipline becomes cool again. Subscribe to follow the streak. /  / Knowing isn't doing. The gap between them is your whole life. What's one thing you know but never practice? /  / #stoicism #discipline #selfimprovement #musoniusrufus #stoic #mindset #selfmastery #dailyhabits #mentalstrength #stoicphilosophy /  / --- / 📖 I'm giving away The Stoic Reset journal for free — but only for June. 30 days to rebuild your mindset: / https://soicism.gumroad.com/l/cslosv",https://youtube.com/shorts/hOqmlHpWstA,hOqmlHpWstA,Brian,amb_embers,"Rule 9: Train it, don't just know it.",cold_open+warm_gold,rule
2026-07-19,anger,Epictetus,Whoever provokes you is master of your mind.,"Notice who holds the leash. /  / Day 45 of posting Stoic wisdom until discipline becomes cool again. Subscribe to follow the streak. /  / Anger feels like strength, but it's a leash someone else is holding. Who got to decide your mood today? /  / #stoicism #discipline #epictetus #angermanagement #selfmastery #mentaltoughness #stoicmindset #innerpeace #selfimprovement #mindset /  / --- / 📖 I'm giving away The Stoic Reset journal for free — but only for June. 30 days to rebuild your mindset: / https://soicism.gumroad.com/l/cslosv",https://youtube.com/shorts/_lo62w8PF4Q,_lo62w8PF4Q,Christopher,ancient_minimal,Notice who holds the leash.,cold_open+obsidian,quote
2026-07-19,desire,Marcus Aurelius,The universe is change; our life is what our thoughts make it.,Want less. /  / Day 45 of posting Stoic wisdom until discipline becomes cool again. Subscribe to follow the streak. /  / Every desire quietly rewrites who you're becoming. What are you letting shape you today? /  / #stoicism #discipline #marcusaurelius #meditations #selfcontrol #mindset #stoicmindset #dopaminedetox #selfmastery #innerpeace /  / --- / 📖 I'm giving away The Stoic Reset journal for free — but only for June. 30 days to rebuild your mindset: / https://soicism.gumroad.com/l/cslosv,https://youtube.com/shorts/DT7c3C1_OYY,DT7c3C1_OYY,Christopher,ancient_minimal,Want less.,swell+warm_gold,minimal
2026-07-19,resilience,Zeno of Citium,"Now that I am shipwrecked, I have a prosperous voyage.",He lost his entire fortune at sea. /  / Day 45 of posting Stoic wisdom until discipline becomes cool again. Subscribe to follow the streak. /  / Zeno lost his fortune in a shipwreck and called it the best thing that ever happened to him. What did your worst year actually teach you? /  / #stoicism #resilience #zeno #stoic #mindset #discipline #selfimprovement #stoicphilosophy #mentalstrength #rockbottom /  / --- / 📖 I'm giving away The Stoic Reset journal for free — but only for June. 30 days to rebuild your mindset: / https://soicism.gumroad.com/l/cslosv,https://youtube.com/shorts/iWl_7JmSmwE,iWl_7JmSmwE,Christopher,amb_embers,He lost his entire fortune at sea.,swell+obsidian,story
2026-07-20,fear,Seneca,"The fool is tormented by memory of the past, fear of the future, and neglect of the present.",Rule 7: Fear only what is present. /  / Day 46 of posting Stoic wisdom until discipline becomes cool again. Subscribe to follow the streak. /  / Most of your fear is rent paid on a house you'll never live in. What future moment are you suffering for tonight before it's even arrived? /  / #stoicism #discipline #seneca #fear #mindset #selfmastery #stoicquotes #mentalstrength #dailystoic #innerpeace /  / --- / 🪨 The Stoic Reset is free right now. A 30-day journal to put quotes like this into daily practice: / https://soicism.gumroad.com/l/cslosv,https://youtube.com/shorts/agIaFTXh7Sc,agIaFTXh7Sc,Brian,amb_embers,Rule 7: Fear only what is present.,cold_open+warm_gold,rule
2026-07-20,friendship,Musonius Rufus,The man who has friends has no need of luck.,Count them honestly. /  / Day 46 of posting Stoic wisdom until discipline becomes cool again. Subscribe to follow the streak. /  / A crowded phone isn't a full life. Who are the two people you'd call when everything breaks? /  / #stoicism #discipline #friendship #musoniusrufus #brotherhood #stoicmindset #selfimprovement #mensmentalhealth #innerstrength #dailystoic /  / --- / 🪨 The Stoic Reset is free right now. A 30-day journal to put quotes like this into daily practice: / https://soicism.gumroad.com/l/cslosv,https://youtube.com/shorts/O7KgnV1ZDYk,O7KgnV1ZDYk,Christopher,focus_underscore,Count them honestly.,cold_open+obsidian,quote
2026-07-20,duty/justice,Epictetus,Do the thing well that is set before you.,Just this. /  / Day 46 of posting Stoic wisdom until discipline becomes cool again. Subscribe to follow the streak. /  / Justice starts small: doing your actual work well before chasing anyone else's. What's the one task you've been avoiding today? /  / #stoicism #epictetus #discipline #duty #selfimprovement #stoicmindset #focus #mensmindset #dailystoic #innerwork /  / --- / 🪨 The Stoic Reset is free right now. A 30-day journal to put quotes like this into daily practice: / https://soicism.gumroad.com/l/cslosv,https://youtube.com/shorts/4DI30_vMW4c,4DI30_vMW4c,Christopher,focus_underscore,Just this.,swell+warm_gold,minimal
2026-07-20,discipline,Marcus Aurelius,"Dig within. The good lies there, and will forever bubble up if you dig.","He ruled Rome from a war tent. /  / Day 46 of posting Stoic wisdom until discipline becomes cool again. Subscribe to follow the streak. /  / Marcus ran an empire through plague and war, and still governed himself first. When your world falls apart, do you dig inward or wait for rescue? Which one is it, honestly? /  / #stoicism #discipline #marcusaurelius #meditations #selfmastery #mentaltoughness #innerstrength #dailystoic #stoicmindset #disciplineequalsfreedom /  / --- / 🪨 The Stoic Reset is free right now. A 30-day journal to put quotes like this into daily practice: / https://soicism.gumroad.com/l/cslosv",https://youtube.com/shorts/KRx0Ilyp4yw,KRx0Ilyp4yw,Christopher,amb_embers,He ruled Rome from a war tent,swell+obsidian,story
2026-07-21,mortality/memento mori,Zeno of Citium,Nothing is truly ours but the passing moment.,"This one breath. /  / Day 47 of posting Stoic wisdom until discipline becomes cool again. Subscribe to follow the streak. /  / You keep waiting for the moment worth being present for. It's this one. What are you doing right now that you'll wish you'd noticed? /  / #stoicism #mementomori #discipline #zeno #stoicwisdom #presentmoment #selfmastery #mindset #stoicphilosophy #dailystoic /  / --- / 📓 FREE this month only — The Stoic Reset, my 30-day Stoic journal. Grab it before the price goes up: / https://soicism.gumroad.com/l/cslosv",https://youtube.com/shorts/Re7UwpZLpQY,Re7UwpZLpQY,Brian,dark_ambient,This one breath.,cold_open+warm_gold,minimal
2026-07-22,ego,Seneca,"A great mind, one true to itself, is careless of outward show.",Rome's richest advisor lost it all. /  / Day 48 of posting Stoic wisdom until discipline becomes cool again. Subscribe to follow the streak. /  / Your ego lives in the applause. Seneca lost the applause and found himself. What are you performing that nobody actually asked you to? /  / #stoicism #seneca #ego #discipline #selfmastery #stoicmindset #mentalstrength #philosophy #stoicquotes #innerpeace /  / --- / 📖 I'm giving away The Stoic Reset journal for free — but only for June. 30 days to rebuild your mindset: / https://soicism.gumroad.com/l/cslosv,https://youtube.com/shorts/BYUgo23sGmo,BYUgo23sGmo,Brian,amb_embers,Rome's richest advisor lost it all,cold_open+obsidian,story
2026-07-23,control vs acceptance,Musonius Rufus,"We put up with hardships we choose, but rage at those we do not.",Rule 7: Choose the hard thing first. /  / Day 49 of posting Stoic wisdom until discipline becomes cool again. Subscribe to follow the streak. /  / You endure the pain you sign up for and resent the pain life hands you — but it's the same pain. Which forced hardship stole your calm this week? /  / #stoicism #discipline #musoniusrufus #selfcontrol #mentaltoughness #stoicmindset #dailystoic #acceptance #innerstrength #selfimprovement /  / --- / 🪨 The Stoic Reset is free right now. A 30-day journal to put quotes like this into daily practice: / https://soicism.gumroad.com/l/cslosv,https://youtube.com/shorts/ETHWgu_bQSk,ETHWgu_bQSk,Brian,amb_embers,Rule 7: Choose the hard thing first.,swell+warm_gold,rule
2026-07-24,anger,Epictetus,"If you are told someone speaks ill of you, do not defend yourself, but answer: he did not know my other faults, or he would have mentioned them too.","If someone got under your skin today—. /  / Day 50 of posting Stoic wisdom until discipline becomes cool again. Subscribe to follow the streak. /  / Anger is just someone else's opinion living rent-free in your chest. What's the one remark you're still defending against in your head? /  / #stoicism #discipline #epictetus #anger #selfmastery #mindset #stoicquotes #innerpeace #emotionalcontrol #dailystoic /  / --- / 📓 FREE this month only — The Stoic Reset, my 30-day Stoic journal. Grab it before the price goes up: / https://soicism.gumroad.com/l/cslosv",https://youtube.com/shorts/900MwzqdebU,900MwzqdebU,Brian,cinematic_score,If someone got under your skin today—,swell+obsidian,letter
2026-07-25,desire,Marcus Aurelius,How much more you often suffer from your anger and grief than from the things themselves.,"The wanting hurts more. /  / Day 51 of posting Stoic wisdom until discipline becomes cool again. Subscribe to follow the streak. /  / Most of the pain of wanting comes from the wanting, not the thing. What are you chasing that's quietly costing you peace tonight? /  / #stoicism #discipline #marcusaurelius #meditations #selfmastery #mindset #stoicwisdom #innerpeace #detachment #mensmentalhealth /  / --- / 📖 I'm giving away The Stoic Reset journal for free — but only for June. 30 days to rebuild your mindset: / https://soicism.gumroad.com/l/cslosv",https://youtube.com/shorts/ivoG9I1OMPU,ivoG9I1OMPU,Brian,cinematic_score,The wanting hurts more.,cold_open+warm_gold,quote
2026-07-27,resilience,Zeno of Citium,"Well-being is realized by small steps, but is truly no small thing.","One step is enough. /  / Day 53 of posting Stoic wisdom until discipline becomes cool again. Subscribe to follow the streak. /  / Resilience isn't a leap. It's the same small step, taken again after you fail. What's your next step? /  / #stoicism #discipline #resilience #stoic #selfimprovement #mindset #zenoofcitium #mentalstrength #dailystoic #consistency /  / --- / 📓 FREE this month only — The Stoic Reset, my 30-day Stoic journal. Grab it before the price goes up: / https://soicism.gumroad.com/l/cslosv",https://youtube.com/shorts/q1aEaq6nyvg,q1aEaq6nyvg,Brian,cinematic_score,One step is enough.,cold_open+obsidian,minimal
2026-07-27,fear,Seneca,There are more things to alarm us than to harm us; we suffer more often in apprehension than reality.,"His last letters, written while marked for death. /  / Day 53 of posting Stoic wisdom until discipline becomes cool again. Subscribe to follow the streak. /  / Most of what you fear tonight will never touch you — you'll just live it early, for free. What are you rehearsing that hasn't happened yet? /  / #stoicism #seneca #fear #discipline #mindset #stoicwisdom #anxietyrelief #selfmastery #philosophy #mentalstrength /  / --- / 📓 FREE this month only — The Stoic Reset, my 30-day Stoic journal. Grab it before the price goes up: / https://soicism.gumroad.com/l/cslosv",https://youtube.com/shorts/xSm0tAGdyOk,xSm0tAGdyOk,Christopher,cinematic_score,"His last letters, written while marked for death",swell+warm_gold,story
2026-07-27,friendship,Musonius Rufus,The man who does wrong is more to be pitied than the one who suffers it.,"Rule 7: Never keep a friend who makes you smaller. /  / Day 53 of posting Stoic wisdom until discipline becomes cool again. Subscribe to follow the streak. /  / The people around you are either sharpening you or softening you — there is no neutral. Who in your circle is making you smaller than you want to be? /  / #stoicism #discipline #musoniusrufus #selfimprovement #mindset #stoic #brotherhood #friendship #mensmentalhealth #stoicphilosophy #growthmindset /  / --- / 📓 FREE this month only — The Stoic Reset, my 30-day Stoic journal. Grab it before the price goes up: / https://soicism.gumroad.com/l/cslosv",https://youtube.com/shorts/KJJ308qm1cM,KJJ308qm1cM,Christopher,cinematic_score,Rule 7: Never keep a friend who makes you smaller.,swell+obsidian,rule
2026-07-28,duty/justice,Epictetus,"Each man's life is a kind of warfare, long and varied; you must watch like a soldier.",If today asked too much of you—. /  / Day 54 of posting Stoic wisdom until discipline becomes cool again. Subscribe to follow the streak. /  / Doing the right thing when no one's watching is the hardest post to hold. What duty did you keep today that went unnoticed? /  / #stoicism #discipline #epictetus #duty #stoic #selfimprovement #mindset #innerstrength #dailystoic #mensmentalhealth #stoicphilosophy /  / --- / 📖 I'm giving away The Stoic Reset journal for free — but only for June. 30 days to rebuild your mindset: / https://soicism.gumroad.com/l/cslosv,https://youtube.com/shorts/8681Jg8vE7I,8681Jg8vE7I,Brian,cinematic_score,If today asked too much of you—,cold_open+warm_gold,letter
2026-07-28,discipline,Marcus Aurelius,"No random actions, none not based on underlying principles.",Move with a reason. /  / Day 54 of posting Stoic wisdom until discipline becomes cool again. Subscribe to follow the streak. /  / Most of your day runs on autopilot. Discipline is just doing things on purpose. What's the one habit you do without ever deciding to? /  / #stoicism #discipline #marcusaurelius #meditations #selfmastery #mindset #stoicmindset #selfimprovement #dailystoic #intentionalliving /  / --- / 📖 I'm giving away The Stoic Reset journal for free — but only for June. 30 days to rebuild your mindset: / https://soicism.gumroad.com/l/cslosv,https://youtube.com/shorts/Me2dhbMRuRw,Me2dhbMRuRw,Christopher,cinematic_score,Move with a reason.,cold_open+obsidian,quote
2026-07-28,mortality/memento mori,Zeno of Citium,The wise man is like actor who exits at the right time.,Right on time. /  / Day 54 of posting Stoic wisdom until discipline becomes cool again. Subscribe to follow the streak. /  / You're not behind. You're mid-scene. Play your part well while you have it. What would you do differently if you knew your exit was near? /  / #stoicism #mementomori #zeno #discipline #stoicwisdom #mindset #selfimprovement #innerpeace #philosophy #dailystoic /  / --- / 📖 I'm giving away The Stoic Reset journal for free — but only for June. 30 days to rebuild your mindset: / https://soicism.gumroad.com/l/cslosv,https://youtube.com/shorts/92VZI46v6WA,92VZI46v6WA,Christopher,cinematic_score,Right on time.,swell+warm_gold,minimal
2026-07-29,ego,Seneca,A great man can come from a hovel; so can a beautiful soul from a plain body.,"Nero's tutor watched the throne rot. /  / Day 55 of posting Stoic wisdom until discipline becomes cool again. Subscribe to follow the streak. /  / Your status is borrowed. What's underneath it is the only thing that's actually yours. If the titles vanished, what would people find in you? /  / #stoicism #seneca #ego #discipline #selfimprovement #stoicquotes #mindset #innerstrength #humility #dailystoic /  / --- / 🪨 The Stoic Reset is free right now. A 30-day journal to put quotes like this into daily practice: / https://soicism.gumroad.com/l/cslosv",https://youtube.com/shorts/DIw5wKW7aAs,DIw5wKW7aAs,Brian,cinematic_score,Nero's tutor watched the throne rot.,swell+obsidian,story
2026-07-29,control vs acceptance,Musonius Rufus,"We must accustom ourselves to want only what we can attain, and to be able to attain what we want.",Rule 7: Only chase what's yours. /  / Day 55 of posting Stoic wisdom until discipline becomes cool again. Subscribe to follow the streak. /  / Half your exhaustion comes from wanting things outside your reach. Cut that list down and watch how much lighter you move. What's one thing you can finally stop chasing? /  / #stoicism #discipline #musoniusrufus #selfmastery #letgo #mentaltoughness #stoicmindset #innerpeace #dailystoic #control /  / --- / 🪨 The Stoic Reset is free right now. A 30-day journal to put quotes like this into daily practice: / https://soicism.gumroad.com/l/cslosv,https://youtube.com/shorts/_3IeP6lK9bk,_3IeP6lK9bk,Christopher,cinematic_score,Rule 7: Only chase what's yours,cold_open+warm_gold,rule
2026-07-29,anger,Epictetus,"It is not he who reviles you who insults you, but your opinion that these things are insulting.",If someone got under your skin today—. /  / Day 55 of posting Stoic wisdom until discipline becomes cool again. Subscribe to follow the streak. /  / The insult only lands if you agree it's an insult. What's the last thing someone said that you couldn't let go of? /  / #stoicism #epictetus #anger #selfcontrol #discipline #mindset #innerpeace #stoicwisdom #mentalstrength #emotionalcontrol /  / --- / 🪨 The Stoic Reset is free right now. A 30-day journal to put quotes like this into daily practice: / https://soicism.gumroad.com/l/cslosv,https://youtube.com/shorts/MO_JaKvZGtA,MO_JaKvZGtA,Christopher,cinematic_score,If someone got under your skin today—,cold_open+obsidian,letter
2026-07-30,desire,Marcus Aurelius,How much more is often lost by wanting more than we already have.,"You already have enough. /  / Day 56 of posting Stoic wisdom until discipline becomes cool again. Subscribe to follow the streak. /  / The chase quietly costs you the life you already have. What are you missing right now because your mind is somewhere better? /  / #stoicism #marcusaurelius #discipline #desire #mindset #stoicquotes #selfmastery #contentment #innerpeace #meditations /  / --- / 📓 FREE this month only — The Stoic Reset, my 30-day Stoic journal. Grab it before the price goes up: / https://soicism.gumroad.com/l/cslosv",https://youtube.com/shorts/JE6GK_vhvqc,JE6GK_vhvqc,Brian,cinematic_score,You already have enough,swell+warm_gold,quote
2026-07-30,resilience,Zeno of Citium,"The wise man wants for nothing, yet needs many things.","You have enough. /  / Day 56 of posting Stoic wisdom until discipline becomes cool again. Subscribe to follow the streak. /  / Resilience isn't gathering more — it's needing less to stay standing. What are you chasing that you already have enough of? /  / #stoicism #resilience #discipline #zeno #innerstrength #stoicmindset #selfmastery #mentalstrength #dailystoic #contentment /  / --- / 📓 FREE this month only — The Stoic Reset, my 30-day Stoic journal. Grab it before the price goes up: / https://soicism.gumroad.com/l/cslosv",https://youtube.com/shorts/LU4ayc3HtQU,LU4ayc3HtQU,Christopher,cinematic_score,You have enough.,swell+obsidian,minimal
2026-07-30,fear,Seneca,The man who has anticipated the coming of troubles takes away their power when they arrive.,"Nero handed him a death sentence. /  / Day 56 of posting Stoic wisdom until discipline becomes cool again. Subscribe to follow the streak. /  / The disaster you rehearse in the dark rarely arrives the way you fear. Facing it in daylight strips its power. What are you dreading right now that hasn't happened yet? /  / #stoicism #seneca #fear #anxiety #discipline #stoicphilosophy #mentalstrength #selfmastery #dailystoic #innerpeace #mindset /  / --- / 📓 FREE this month only — The Stoic Reset, my 30-day Stoic journal. Grab it before the price goes up: / https://soicism.gumroad.com/l/cslosv",https://youtube.com/shorts/KtSrIKtVWg8,KtSrIKtVWg8,Christopher,cinematic_score,Nero handed him a death sentence,cold_open+warm_gold,story
2026-07-31,friendship,Musonius Rufus,"For those who share the same roof, the greatest of blessings is a good companion.",Rule 7: Guard who you let close. /  / Day 57 of posting Stoic wisdom until discipline becomes cool again. Subscribe to follow the streak. /  / The people around you are pulling you up or quietly down — there's no neutral. Who's the companion that makes you better? /  / #stoicism #discipline #musoniusrufus #selfimprovement #friendship #stoicwisdom #mindset #brotherhood #growthmindset #innerstrength /  / --- / 📖 I'm giving away The Stoic Reset journal for free — but only for June. 30 days to rebuild your mindset: / https://soicism.gumroad.com/l/cslosv,https://youtube.com/shorts/awMI7G8645M,awMI7G8645M,Brian,cinematic_score,Rule 7: Guard who you let close.,cold_open+obsidian,rule
2026-07-31,duty/justice,Epictetus,"For every thing there are two handles, one by which it may be borne, the other not.","If today asked too much—. /  / Day 57 of posting Stoic wisdom until discipline becomes cool again. Subscribe to follow the streak. /  / Doing your duty rarely comes with applause. Which handle are you carrying today by — what it took from you, or who it made you? /  / #stoicism #epictetus #discipline #duty #selfimprovement #stoicmindset #innerstrength #mensmentalhealth #dailystoic #quietgrind /  / --- / 📖 I'm giving away The Stoic Reset journal for free — but only for June. 30 days to rebuild your mindset: / https://soicism.gumroad.com/l/cslosv",https://youtube.com/shorts/EzgcSgsE5hE,EzgcSgsE5hE,Christopher,cinematic_score,If today asked too much—,swell+warm_gold,letter
2026-07-31,discipline,Marcus Aurelius,Do what is in front of you with strict and simple dignity.,"One task is enough. /  / Day 57 of posting Stoic wisdom until discipline becomes cool again. Subscribe to follow the streak. /  / Discipline isn't doing everything at once — it's doing the one thing in front of you, fully. What's the single task you'd do next if you stopped overthinking? /  / #stoicism #discipline #marcusaurelius #meditations #selfimprovement #focus #dailyhabits #mindset #stoicmindset #deepwork /  / --- / 📖 I'm giving away The Stoic Reset journal for free — but only for June. 30 days to rebuild your mindset: / https://soicism.gumroad.com/l/cslosv",https://youtube.com/shorts/LAF0IgG-hnI,LAF0IgG-hnI,Christopher,cinematic_score,One task is enough.,swell+obsidian,quote
2026-08-01,mortality/memento mori,Zeno of Citium,The exit is always open; walk through it unafraid.,"The door is open. /  / Day 58 of posting Stoic wisdom until discipline becomes cool again. Subscribe to follow the streak. /  / Knowing you could leave any time makes staying a choice, not a sentence. What would you stop fearing if the door were always open? /  / #stoicism #mementomori #zeno #discipline #stoicphilosophy #innerstrength #mortality #dailystoic #mindset #stoicmindset /  / --- / 🪨 The Stoic Reset is free right now. A 30-day journal to put quotes like this into daily practice: / https://soicism.gumroad.com/l/cslosv",https://youtube.com/shorts/-NDMY1q2EnY,-NDMY1q2EnY,Brian,cinematic_score,The door is open.,cold_open+warm_gold,minimal
2026-08-01,ego,Seneca,No slavery is more disgraceful than one which is self-imposed.,Rome's richest advisor learned this the hard way. /  / Day 58 of posting Stoic wisdom until discipline becomes cool again. Subscribe to follow the streak. /  / Half the weight you carry is just protecting an image nobody's grading. What are you defending that you'd be lighter without? /  / #stoicism #seneca #ego #discipline #selfmastery #stoicmindset #innerstrength #mensmentalhealth #philosophy #letgo /  / --- / 🪨 The Stoic Reset is free right now. A 30-day journal to put quotes like this into daily practice: / https://soicism.gumroad.com/l/cslosv,https://youtube.com/shorts/Mue8NTxs_dk,Mue8NTxs_dk,Christopher,cinematic_score,Rome's richest advisor learned this the hard way,cold_open+obsidian,story
2026-08-01,control vs acceptance,Musonius Rufus,"We must not resist necessity, nor be angry at what we cannot change.",Rule 7: Fight only what you can move. /  / Day 58 of posting Stoic wisdom until discipline becomes cool again. Subscribe to follow the streak. /  / Half your exhaustion comes from wrestling things that were never yours to move. What are you still fighting that already happened? /  / #stoicism #discipline #musoniusrufus #selfmastery #control #acceptance #mindset #stoicwisdom #innerpeace #dichotomyofcontrol /  / --- / 🪨 The Stoic Reset is free right now. A 30-day journal to put quotes like this into daily practice: / https://soicism.gumroad.com/l/cslosv,https://youtube.com/shorts/jKqGbBDMJ1M,jKqGbBDMJ1M,Christopher,cinematic_score,Rule 7: Fight only what you can move.,swell+warm_gold,rule
2026-08-02,anger,Epictetus,Bear and forbear.,"Still replaying what they said. /  / Day 59 of posting Stoic wisdom until discipline becomes cool again. Subscribe to follow the streak. /  / The anger feels like armor, but it only keeps you up. Bear it, forbear, and wake lighter. What conversation are you still replaying tonight? /  / #stoicism #epictetus #anger #discipline #selfmastery #stoicquotes #innerpeace #mindset #calm #stoicwisdom /  / --- / 📓 FREE this month only — The Stoic Reset, my 30-day Stoic journal. Grab it before the price goes up: / https://soicism.gumroad.com/l/cslosv",https://youtube.com/shorts/XwKlbO2NDF0,XwKlbO2NDF0,Brian,cinematic_score,Still replaying what they said?,swell+obsidian,letter
2026-08-02,desire,Marcus Aurelius,"Enough of this miserable life, and grumbling, and aping.","You keep wanting more. /  / Day 59 of posting Stoic wisdom until discipline becomes cool again. Subscribe to follow the streak. /  / The wanting doesn't stop when you get the thing — it just relocates. What are you chasing that you'd be free without?  /  / #stoicism #marcusaurelius #meditations #discipline #selfimprovement #mindset #contentment #stoicwisdom #detachment #mensmentalhealth /  / --- / 📓 FREE this month only — The Stoic Reset, my 30-day Stoic journal. Grab it before the price goes up: / https://soicism.gumroad.com/l/cslosv",https://youtube.com/shorts/752yaoky0Kg,752yaoky0Kg,Christopher,cinematic_score,You keep wanting more,cold_open+warm_gold,quote
2026-08-02,resilience,Zeno of Citium,The wise man is unmoved by the blows of fortune.,"Stand unshaken. /  / Day 59 of posting Stoic wisdom until discipline becomes cool again. Subscribe to follow the streak. /  / Fortune will keep swinging. Your footing is the one thing you own. What blow are you still bracing against right now? /  / #stoicism #resilience #discipline #zeno #stoic #mentalstrength #selfimprovement #innerpeace #mindset #stoicphilosophy /  / --- / 📓 FREE this month only — The Stoic Reset, my 30-day Stoic journal. Grab it before the price goes up: / https://soicism.gumroad.com/l/cslosv",https://youtube.com/shorts/9arMWeXLsdU,9arMWeXLsdU,Christopher,cinematic_score,Stand unshaken.,cold_open+obsidian,minimal
2026-08-03,fear,Seneca,"As long as you live, keep learning how to live.",Nero sent him one final order. /  / Day 60 of posting Stoic wisdom until discipline becomes cool again. Subscribe to follow the streak. /  / Seneca rehearsed his hardest moment for years so fear couldn't ambush him. What are you refusing to look at directly? What would change if you did? /  / #stoicism #seneca #fear #discipline #mindset #stoicphilosophy #innerstrength #selfmastery #dailystoic #mentalstrength /  / --- / 📖 I'm giving away The Stoic Reset journal for free — but only for June. 30 days to rebuild your mindset: / https://soicism.gumroad.com/l/cslosv,https://youtube.com/shorts/D56LXXdfYgA,D56LXXdfYgA,Brian,cinematic_score,Nero sent him one final order.,swell+warm_gold,story
2026-08-03,friendship,Musonius Rufus,We ought to esteem being loved more than being feared.,"Rule 7: Be loved, not feared. /  / Day 60 of posting Stoic wisdom until discipline becomes cool again. Subscribe to follow the streak. /  / Fear buys obedience for a while. Love outlasts your worst season. Who stayed when you had nothing to offer? /  / #stoicism #friendship #musoniusrufus #selfimprovement #discipline #brotherhood #stoicmindset #loyalty #innerstrength #dailystoic /  / --- / 📖 I'm giving away The Stoic Reset journal for free — but only for June. 30 days to rebuild your mindset: / https://soicism.gumroad.com/l/cslosv",https://youtube.com/shorts/QNa1HVZUxvA,QNa1HVZUxvA,Christopher,cinematic_score,"Rule 7: Be loved, not feared.",swell+obsidian,rule
2026-08-03,duty/justice,Epictetus,"You bear God about with you, and know it not.",If no one saw today—. /  / Day 60 of posting Stoic wisdom until discipline becomes cool again. Subscribe to follow the streak. /  / Doing right when there's no reward or witness is the whole test — and you passed it today. When was the last time you did the right thing with no one watching? /  / #stoicism #epictetus #discipline #integrity #selfmastery #stoicmindset #dailystoic #innerstrength #mensmentalhealth #doingtheright #characterbuilding /  / --- / 📖 I'm giving away The Stoic Reset journal for free — but only for June. 30 days to rebuild your mindset: / https://soicism.gumroad.com/l/cslosv,https://youtube.com/shorts/E4W1O_-CD8s,E4W1O_-CD8s,Christopher,cinematic_score,If no one saw today—,cold_open+warm_gold,letter
2026-08-04,discipline,Marcus Aurelius,Be tolerant with others and strict with yourself.,Hold your own line. /  / Day 61 of posting Stoic wisdom until discipline becomes cool again. Subscribe to follow the streak. /  / You extend grace to everyone but hold your own line without mercy. Where are you being soft on yourself and calling it kindness? /  / #stoicism #discipline #marcusaurelius #selfdiscipline #meditations #stoic #mindset #selfmastery #dailystoic #innerstrength /  / --- / 🪨 The Stoic Reset is free right now. A 30-day journal to put quotes like this into daily practice: / https://soicism.gumroad.com/l/cslosv,https://youtube.com/shorts/Soqjc5yHmUo,Soqjc5yHmUo,Brian,cinematic_score,Hold your own line.,cold_open+obsidian,quote
2026-08-04,mortality/memento mori,Zeno of Citium,Nature gave us life; she will also give us a good end.,"It's already given. /  / Day 61 of posting Stoic wisdom until discipline becomes cool again. Subscribe to follow the streak. /  / You don't have to master death, only stop wasting the days between now and it. What would you actually do differently if you truly believed the end was already accounted for? /  / #stoicism #mementomori #zeno #discipline #stoicwisdom #mortality #selfimprovement #innerpeace #philosophy #dailystoic /  / --- / 🪨 The Stoic Reset is free right now. A 30-day journal to put quotes like this into daily practice: / https://soicism.gumroad.com/l/cslosv",https://youtube.com/shorts/uwv4rzTGnsI,uwv4rzTGnsI,Christopher,cinematic_score,It's already given.,swell+warm_gold,minimal
2026-08-04,ego,Seneca,A man is as wretched as he has convinced himself he is.,Nero's tutor watched his student turn. /  / Day 61 of posting Stoic wisdom until discipline becomes cool again. Subscribe to follow the streak. /  / Half of what crushes us is a story our pride keeps telling. Notice it. What's one thing you've convinced yourself is worse than it really is? /  / #stoicism #seneca #ego #discipline #selfmastery #stoicphilosophy #mindset #innerstrength #stoicquotes #dailystoic /  / --- / 🪨 The Stoic Reset is free right now. A 30-day journal to put quotes like this into daily practice: / https://soicism.gumroad.com/l/cslosv,https://youtube.com/shorts/_5w1THAHfuU,_5w1THAHfuU,Christopher,cinematic_score,Nero's tutor watched his student turn.,swell+obsidian,story
2026-08-05,control vs acceptance,Musonius Rufus,It is characteristic of a virtuous man to bear hardship easily.,"Rule 7: Practice hardship on purpose. /  / Day 62 of posting Stoic wisdom until discipline becomes cool again. Subscribe to follow the streak. /  / Practice small hardships by choice, so the ones you don't choose can't break you. What's one comfort you could drop this week? /  / #stoicism #discipline #musoniusrufus #selfmastery #mentaltoughness #stoic #dailystoic #selfimprovement #innerstrength #mindset /  / --- / 📓 FREE this month only — The Stoic Reset, my 30-day Stoic journal. Grab it before the price goes up: / https://soicism.gumroad.com/l/cslosv",https://youtube.com/shorts/Pt6KqatWetg,Pt6KqatWetg,Brian,cinematic_score,Rule 7: Practice hardship on purpose.,cold_open+warm_gold,rule
2026-08-05,anger,Epictetus,"If you wish not to be prone to anger, do not feed the habit; give it nothing to increase it.","If you snapped again tonight—. /  / Day 62 of posting Stoic wisdom until discipline becomes cool again. Subscribe to follow the streak. /  / Anger doesn't stay unless you keep feeding it — usually by replaying the moment. What's the smallest thing that set you off this week? /  / #stoicism #anger #epictetus #selfcontrol #discipline #stoic #mindset #innerpeace #emotionalcontrol #selfimprovement /  / --- / 📓 FREE this month only — The Stoic Reset, my 30-day Stoic journal. Grab it before the price goes up: / https://soicism.gumroad.com/l/cslosv",https://youtube.com/shorts/UEUm4P6PWBE,UEUm4P6PWBE,Christopher,cinematic_score,If you snapped again tonight—,cold_open+obsidian,letter
2026-08-05,desire,Marcus Aurelius,How much more you can gain by wanting nothing you do not have.,"You already have enough. /  / Day 62 of posting Stoic wisdom until discipline becomes cool again. Subscribe to follow the streak. /  / The desire for more is the fastest way to feel poor. What's one thing you already have that you stopped appreciating? /  / #stoicism #marcusaurelius #desire #contentment #discipline #stoicmindset #meditations #selfmastery #mindsetshift #innerpeace /  / --- / 📓 FREE this month only — The Stoic Reset, my 30-day Stoic journal. Grab it before the price goes up: / https://soicism.gumroad.com/l/cslosv",https://youtube.com/shorts/XKx6CkWoP-M,XKx6CkWoP-M,Christopher,cinematic_score,You already have enough,swell+warm_gold,quote
2026-08-06,resilience,Zeno of Citium,The wise man is proof against every wound.,Nothing lands. /  / Day 63 of posting Stoic wisdom until discipline becomes cool again. Subscribe to follow the streak. /  / The insult doesn't wound you — your return to it does. What are you still letting reach you? /  / #stoicism #resilience #zeno #mentalstrength #discipline #stoicmindset #selfmastery #innerpeace #philosophy #mindsetshift /  / --- / 📖 I'm giving away The Stoic Reset journal for free — but only for June. 30 days to rebuild your mindset: / https://soicism.gumroad.com/l/cslosv,https://youtube.com/shorts/Ee2V0qV1Lbk,Ee2V0qV1Lbk,Brian,cinematic_score,Nothing lands.,swell+obsidian,minimal
2026-08-06,fear,Seneca,The mind that is turned toward fear will never stand firm anywhere.,"Nero handed him a death sentence. /  / Day 63 of posting Stoic wisdom until discipline becomes cool again. Subscribe to follow the streak. /  / Fear doesn't just scare you — it steers you, quietly, away from the life you want. What decision have you avoided because you were afraid? #stoicism /  / #stoicism #seneca #fear #discipline #mindset #stoicquotes #selfimprovement #innerstrength #philosophy #mentaltoughness /  / --- / 📖 I'm giving away The Stoic Reset journal for free — but only for June. 30 days to rebuild your mindset: / https://soicism.gumroad.com/l/cslosv",https://youtube.com/shorts/LBuY6oAgdTc,LBuY6oAgdTc,Christopher,cinematic_score,Nero handed him a death sentence.,cold_open+warm_gold,story
2026-08-06,friendship,Musonius Rufus,"The good man is fitted by nature to live with others, not alone.",Rule 7: Choose who you build with. /  / Day 63 of posting Stoic wisdom until discipline becomes cool again. Subscribe to follow the streak. /  / You become the average of the men you spend your time around. Who are you building with right now? /  / #stoicism #discipline #selfimprovement #musoniusrufus #brotherhood #mindset #stoicquotes #growthmindset #innerstrength #dailystoic /  / --- / 📖 I'm giving away The Stoic Reset journal for free — but only for June. 30 days to rebuild your mindset: / https://soicism.gumroad.com/l/cslosv,https://youtube.com/shorts/FZFK5J219UM,FZFK5J219UM,Christopher,cinematic_score,Rule 7: Choose who you build with.,cold_open+obsidian,rule
2026-08-07,duty/justice,Epictetus,Remember that you are an actor in a play; the choosing of the part is another's.,If the day handed you the wrong role—. /  / Day 64 of posting Stoic wisdom until discipline becomes cool again. Subscribe to follow the streak. /  / You rarely pick the part you're given — only how well you play it. What role did life hand you that you never asked for? /  / #stoicism #epictetus #discipline #duty #selfimprovement #mensmentalhealth #stoicmindset #innerstrength #quietgrind #dailystoic /  / --- / 🪨 The Stoic Reset is free right now. A 30-day journal to put quotes like this into daily practice: / https://soicism.gumroad.com/l/cslosv,https://youtube.com/shorts/BYsOd1MrUuc,BYsOd1MrUuc,Brian,cinematic_score_g,If the day handed you the wrong role—,swell+warm_gold,letter
2026-08-07,discipline,Marcus Aurelius,Never let the future disturb you. You will meet it with the same weapons of reason which today arm you against the present.,The tools are already yours. /  / Day 64 of posting Stoic wisdom until discipline becomes cool again. Subscribe to follow the streak. /  / You already have everything you need to meet tomorrow — you just keep spending it early. What are you dreading before it's even arrived? /  / #stoicism #discipline #marcusaurelius #meditations #stoic #mindset #selfmastery #innerpeace #dailystoic #mentalstrength /  / --- / 🪨 The Stoic Reset is free right now. A 30-day journal to put quotes like this into daily practice: / https://soicism.gumroad.com/l/cslosv,https://youtube.com/shorts/t9uf2y6z2v4,t9uf2y6z2v4,Christopher,cinematic_score_c,The tools are already yours.,swell+obsidian,quote
2026-08-07,mortality/memento mori,Zeno of Citium,Well-timed silence is wiser than any speech.,Nothing left to prove. /  / Day 64 of posting Stoic wisdom until discipline becomes cool again. Subscribe to follow the streak. /  / Mortality isn't meant to scare you — it's meant to free you from the noise. What would you stop chasing if you knew your days were already enough? /  / #stoicism #mementomori #zeno #stoic #discipline #mindset #innerpeace #selfmastery #philosophy #calm /  / --- / 🪨 The Stoic Reset is free right now. A 30-day journal to put quotes like this into daily practice: / https://soicism.gumroad.com/l/cslosv,https://youtube.com/shorts/J60qfqLTQdU,J60qfqLTQdU,ChatterboxLocal,cinematic_score_f,Nothing left to prove.,cold_open+warm_gold,minimal
2026-08-07,ego,Seneca,A man's as wretched as he thinks himself; a slave who thinks himself free is free.,Rome's most powerful mind bowed to no one. /  / Day 64 of posting Stoic wisdom until discipline becomes cool again. Subscribe to follow the streak. /  / Your worth isn't a leaderboard. Strip away the ranking and the applause — who's left? What would you do differently if no one was keeping score? /  / #stoicism #seneca #ego #discipline #selfmastery #stoicmindset #innerstrength #mentaltoughness #philosophy #quietconfidence /  / --- / 🪨 The Stoic Reset is free right now. A 30-day journal to put quotes like this into daily practice: / https://soicism.gumroad.com/l/cslosv,https://youtube.com/shorts/5UbOicTNAn0,5UbOicTNAn0,ChatterboxLocal,cinematic_score_g,Rome's most powerful mind bowed to no one,cold_open+obsidian,story
2026-08-08,control vs acceptance,Musonius Rufus,"We should train both soul and body, if we mean to be good and useful men.","Rule 12: Train what you can hold. /  / Day 65 of posting Stoic wisdom until discipline becomes cool again. Subscribe to follow the streak. /  / Effort spent on what you can't move leaves you empty. Train what actually answers to you. What did you waste effort on this week that was never yours to fix? /  / #stoicism #discipline #musoniusrufus #selfmastery #stoicmindset #dailystoic #mentalstrength #innerpeace #selfimprovement #stoicwisdom /  / --- / 📓 FREE this month only — The Stoic Reset, my 30-day Stoic journal. Grab it before the price goes up: / https://soicism.gumroad.com/l/cslosv",https://youtube.com/shorts/S7ekx1F0avE,S7ekx1F0avE,ChatterboxLocal,cinematic_score,Rule 12: Train what you can hold.,swell+warm_gold,rule
2026-08-08,anger,Epictetus,"If you would not be angry, do not add fuel to your own quickness of temper.","Still shaking a little. /  / Day 65 of posting Stoic wisdom until discipline becomes cool again. Subscribe to follow the streak. /  / Anger isn't a fire someone lights in you — it's one you keep feeding. What's the thing you keep replaying tonight? /  / #stoicism #anger #epictetus #selfmastery #discipline #innerpeace #mindset #stoicwisdom #calm #emotionalcontrol #dailystoic /  / --- / 📓 FREE this month only — The Stoic Reset, my 30-day Stoic journal. Grab it before the price goes up: / https://soicism.gumroad.com/l/cslosv",https://youtube.com/shorts/jpkuxMdr2CM,jpkuxMdr2CM,ChatterboxLocal,cinematic_score_d,Still shaking a little?,swell+obsidian,letter
2026-08-08,desire,Marcus Aurelius,How much more is wasted chasing what you cannot keep.,"Chase less tonight. /  / Day 65 of posting Stoic wisdom until discipline becomes cool again. Subscribe to follow the streak. /  / The wanting doesn't stop when you get it — it just relocates. What's one thing you're chasing right now that you already suspect won't be enough? /  / #stoicism #marcusaurelius #meditations #discipline #selfmastery #desire #mindset #stoicquotes #innerpeace #growthmindset /  / --- / 📓 FREE this month only — The Stoic Reset, my 30-day Stoic journal. Grab it before the price goes up: / https://soicism.gumroad.com/l/cslosv",https://youtube.com/shorts/l-WrB3A_qXc,l-WrB3A_qXc,ChatterboxLocal,cinematic_score_f,Chase less tonight.,cold_open+warm_gold,quote
2026-08-08,resilience,Zeno of Citium,"The wise man is not crushed, though bent by hardship.","Bend, don't break. /  / Day 65 of posting Stoic wisdom until discipline becomes cool again. Subscribe to follow the streak. /  / Hardship can bend you without breaking you — the two are not the same thing. What are you quietly carrying this week? /  / #stoicism #resilience #zeno #mentaltoughness #stoic #discipline #innerstrength #selfimprovement #stoicmindset #keepgoing /  / --- / 📓 FREE this month only — The Stoic Reset, my 30-day Stoic journal. Grab it before the price goes up: / https://soicism.gumroad.com/l/cslosv",https://youtube.com/shorts/7E1R1quwj9Q,7E1R1quwj9Q,ChatterboxLocal,cinematic_score,"Bend, don't break.",cold_open+obsidian,minimal
2026-08-09,fear,Seneca,"The man who fears everything, let him remember he must sometime dare.","One order from Nero changed his whole life. /  / Day 66 of posting Stoic wisdom until discipline becomes cool again. Subscribe to follow the streak. /  / Fear doesn't ask permission, but it does bluff. Name the one thing you're avoiding purely out of dread — what is it? /  / #stoicism #seneca #fear #courage #selfdiscipline #mindset #stoicphilosophy #dailystoic #innerstrength #discipline /  / --- / 📖 I'm giving away The Stoic Reset journal for free — but only for June. 30 days to rebuild your mindset: / https://soicism.gumroad.com/l/cslosv",https://youtube.com/shorts/lvLtxkeFLEM,lvLtxkeFLEM,Christopher,cinematic_score_c,One order from Nero changed his whole life,swell+warm_gold,story
2026-08-09,friendship,Musonius Rufus,The beginning of friendship is the wish to do good to another.,Rule 3: Give before you're asked. /  / Day 66 of posting Stoic wisdom until discipline becomes cool again. Subscribe to follow the streak. /  / Friendship isn't a ledger you balance — it's something you build by giving first. Who did you stop reaching out to because you were tired of always being the one who tries? /  / #stoicism #friendship #musoniusrufus #discipline #selfimprovement #stoicmindset #brotherhood #dailystoic #mensmentalhealth #innerstrength /  / --- / 📖 I'm giving away The Stoic Reset journal for free — but only for June. 30 days to rebuild your mindset: / https://soicism.gumroad.com/l/cslosv,https://youtube.com/shorts/3JOBY99exNk,3JOBY99exNk,Steffan,cinematic_score_f,Rule 3: Give before you're asked.,swell+obsidian,rule
2026-08-09,duty/justice,Epictetus,"Ask not that events happen as you wish, but wish them to happen as they do—no, do your part.",Nobody thanked you today—. /  / Day 66 of posting Stoic wisdom until discipline becomes cool again. Subscribe to follow the streak. /  / The good you do isn't diminished by no one seeing it. What did you do right this week that went unnoticed? /  / #stoicism #epictetus #discipline #selfmastery #duty #stoicmindset #innerstrength #quietgrind #dailystoic #mentaltoughness /  / --- / 📖 I'm giving away The Stoic Reset journal for free — but only for June. 30 days to rebuild your mindset: / https://soicism.gumroad.com/l/cslosv,https://youtube.com/shorts/4DLKY3xg7DU,4DLKY3xg7DU,Christopher,cinematic_score_d,Nobody thanked you today—,cold_open+warm_gold,letter
2026-08-10,discipline,Marcus Aurelius,Look well into thyself; the fountain of good is within.,"The source is inside. /  / Day 67 of posting Stoic wisdom until discipline becomes cool again. Subscribe to follow the streak. /  / The motivation isn't coming from outside — it's already in you, waiting to be dug up. What are you still waiting to feel ready for? /  / #stoicism #discipline #marcusaurelius #meditations #selfmastery #mentalstrength #stoicmindset #dailydiscipline #innerstrength #selfimprovement /  / --- / 🪨 The Stoic Reset is free right now. A 30-day journal to put quotes like this into daily practice: / https://soicism.gumroad.com/l/cslosv",https://youtube.com/shorts/x7pWacebp1E,x7pWacebp1E,Steffan,cinematic_score_g,The source is inside.,cold_open+obsidian,quote
2026-08-10,mortality/memento mori,Zeno of Citium,The end of life comes upon all men alike.,"Same ending. All of us. /  / Day 67 of posting Stoic wisdom until discipline becomes cool again. Subscribe to follow the streak. /  / The most successful and the most forgotten share one identical ending. If it's all the same finish, why let the comparison run your night? What are you chasing that death makes meaningless? /  / #stoicism #mementomori #zeno #stoic #discipline #mortality #innerpeace #philosophy #selfmastery #perspective /  / --- / 🪨 The Stoic Reset is free right now. A 30-day journal to put quotes like this into daily practice: / https://soicism.gumroad.com/l/cslosv",https://youtube.com/shorts/vhJfUrDC8wk,vhJfUrDC8wk,Christopher,cinematic_score_c,Same ending. All of us.,swell+warm_gold,minimal
2026-08-10,ego,Seneca,A man who thinks himself great humbles himself in the eyes of the wise.,The advisor who owned half of Rome. /  / Day 67 of posting Stoic wisdom until discipline becomes cool again. Subscribe to follow the streak. /  / The need to seem important is the surest sign you don't feel it. Where do you still perform for people who aren't watching? /  / #stoicism #ego #seneca #discipline #selfmastery #humility #stoicphilosophy #mindset #innerpeace #quietstrength /  / --- / 🪨 The Stoic Reset is free right now. A 30-day journal to put quotes like this into daily practice: / https://soicism.gumroad.com/l/cslosv,https://youtube.com/shorts/IKub-zaJyVY,IKub-zaJyVY,Steffan,cinematic_score_f,The advisor who owned half of Rome,swell+obsidian,story
2026-08-11,control vs acceptance,Musonius Rufus,He who does not know how to submit to necessity does not know how to be free.,"Rule 19: Stop fighting what's already fixed. /  / Day 68 of posting Stoic wisdom until discipline becomes cool again. Subscribe to follow the streak. /  / Not everything is yours to move. Knowing the difference is where your strength actually lives. What did you brace against today that was never going to change? /  / #stoicism #discipline #musoniusrufus #selfmastery #mentalstrength #stoicmindset #acceptance #innerpeace #personalgrowth #stoicwisdom /  / --- / 📓 FREE this month only — The Stoic Reset, my 30-day Stoic journal. Grab it before the price goes up: / https://soicism.gumroad.com/l/cslosv",https://youtube.com/shorts/z_vD6ymLa9I,z_vD6ymLa9I,Christopher,cinematic_score,Rule 19: Stop fighting what's already fixed.,cold_open+warm_gold,rule
2026-08-11,anger,Epictetus,"In every quarrel, remember he who first holds his tongue is the better man.","Still clenching your jaw. /  / Day 68 of posting Stoic wisdom until discipline becomes cool again. Subscribe to follow the streak. /  / The person who stops first isn't the loser — they're the one who kept themselves. What argument are you still finishing in your head tonight? /  / #stoicism #epictetus #anger #selfcontrol #discipline #mindset #stoic #innerpeace #selfmastery #calm /  / --- / 📓 FREE this month only — The Stoic Reset, my 30-day Stoic journal. Grab it before the price goes up: / https://soicism.gumroad.com/l/cslosv",https://youtube.com/shorts/7uSSDaHmxII,7uSSDaHmxII,Steffan,cinematic_score_d,Still clenching your jaw?,cold_open+obsidian,letter
2026-08-11,desire,Marcus Aurelius,"Soon you'll have forgotten the world, and soon it will have forgotten you.","Weigh what you chase. /  / Day 68 of posting Stoic wisdom until discipline becomes cool again. Subscribe to follow the streak. /  / Most of what you're grinding for won't outlive the decade — including you. So chase only what you'd respect wanting. What are you chasing right now that you can't quite justify? /  / #stoicism #marcusaurelius #discipline #desire #selfmastery #meditations #stoicmindset #mindsetshift #innerpeace #wantless /  / --- / 📓 FREE this month only — The Stoic Reset, my 30-day Stoic journal. Grab it before the price goes up: / https://soicism.gumroad.com/l/cslosv",https://youtube.com/shorts/UAtmv79K-yg,UAtmv79K-yg,Christopher,cinematic_score_f,Weigh what you chase.,swell+warm_gold,quote
2026-08-12,resilience,Zeno of Citium,"The wise man is unhindered, and cannot be forced.",Nothing can force you. /  / Day 69 of posting Stoic wisdom until discipline becomes cool again. Subscribe to follow the streak. /  / Pressure only wins when you agree to bend. What forced your hand today that you could've just let pass? /  / #stoicism #zeno #resilience #discipline #mentalstrength #selfmastery #innerpeace #stoicmindset #disciplineovermotivation #calm /  / --- / 📖 I'm giving away The Stoic Reset journal for free — but only for June. 30 days to rebuild your mindset: / https://soicism.gumroad.com/l/cslosv,https://youtube.com/shorts/nUgDtEcNS04,nUgDtEcNS04,Steffan,cinematic_score_c,Nothing can force you.,swell+obsidian,minimal
2026-08-12,fear,Seneca,He who is everywhere is nowhere; a life of hurry is a life of fear.,His enemy already held the throne. /  / Day 69 of posting Stoic wisdom until discipline becomes cool again. Subscribe to follow the streak. /  / The constant motion isn't ambition. Sometimes it's just fear you haven't sat down with yet. What are you running from right now? /  / #stoicism #seneca #fear #discipline #stoicwisdom #innerpeace #mindset #selfmastery #philosophy #calm /  / --- / 📖 I'm giving away The Stoic Reset journal for free — but only for June. 30 days to rebuild your mindset: / https://soicism.gumroad.com/l/cslosv,https://youtube.com/shorts/tGmooVvt-bQ,tGmooVvt-bQ,Christopher,cinematic_score_d,His enemy already held the throne.,cold_open+warm_gold,story
2026-08-12,friendship,Musonius Rufus,"In a shared life, the good man will endure his friend's faults as his own.",Rule 24: Carry his faults quietly. /  / Day 69 of posting Stoic wisdom until discipline becomes cool again. Subscribe to follow the streak. /  / Real friendship isn't finding someone flawless — it's carrying their flaws the way you hope they carry yours. Who have you been keeping score against? /  / #stoicism #friendship #musoniusrufus #discipline #selfimprovement #stoicmindset #brotherhood #innerstrength #stoicwisdom #mensmentalhealth /  / --- / 📖 I'm giving away The Stoic Reset journal for free — but only for June. 30 days to rebuild your mindset: / https://soicism.gumroad.com/l/cslosv,https://youtube.com/shorts/SsipBXrnSjM,SsipBXrnSjM,Steffan,cinematic_score_f,Rule 24: Carry his faults quietly.,cold_open+obsidian,rule
2026-08-13,duty/justice,Epictetus,"Do not wish to be a general, or a senator, but to be free; and the only way to this is to disregard what is not in our power.",If today felt thankless—. /  / Day 70 of posting Stoic wisdom until discipline becomes cool again. Subscribe to follow the streak. /  / The reward for doing your duty is being the kind of man who does his duty. What's the thing you keep doing right even when no one's watching? /  / #stoicism #discipline #epictetus #selfmastery #innerstrength #stoic #mindset #duty #quietstrength #dailystoic /  / --- / 🪨 The Stoic Reset is free right now. A 30-day journal to put quotes like this into daily practice: / https://soicism.gumroad.com/l/cslosv,https://youtube.com/shorts/Xlbq2aBt5W8,Xlbq2aBt5W8,Christopher,cinematic_score_g,If today felt thankless—,swell+warm_gold,letter
2026-08-13,discipline,Marcus Aurelius,"Be your own master, and look at things as a man, as a human being.","Answer to yourself. /  / Day 70 of posting Stoic wisdom until discipline becomes cool again. Subscribe to follow the streak. /  / Discipline isn't performed for an audience — it's kept in private, when quitting would cost you nothing. What's one promise to yourself you refuse to break?  /  / #stoicism #discipline #selfmastery #marcusaurelius #meditations #mindset #stoicmindset #selfimprovement #mentaltoughness #innerstrength /  / --- / 🪨 The Stoic Reset is free right now. A 30-day journal to put quotes like this into daily practice: / https://soicism.gumroad.com/l/cslosv",https://youtube.com/shorts/cGGfKXhcbtk,cGGfKXhcbtk,Steffan,cinematic_score_c,Answer to yourself.,swell+obsidian,quote
2026-08-13,mortality / memento mori,Zeno of Citium,"Death is nothing terrible, else Socrates would have seen it so.",Nothing terrible here. /  / Day 70 of posting Stoic wisdom until discipline becomes cool again. Subscribe to follow the streak. /  / The fear isn't death — it's the story you've built around it. What are you actually afraid of when you lie awake at 2am? /  / #stoicism #mementomori #zeno #discipline #stoicphilosophy #innerpeace #mindset #selfmastery #philosophy #calm /  / --- / 🪨 The Stoic Reset is free right now. A 30-day journal to put quotes like this into daily practice: / https://soicism.gumroad.com/l/cslosv,https://youtube.com/shorts/uCYwL47CEtI,uCYwL47CEtI,Christopher,cinematic_score_f,Nothing terrible here.,cold_open+warm_gold,minimal
2026-08-14,mortality/memento mori,Seneca,"As often as you have lived, you have already lost that day.","He counted his days like coins. /  / Day 71 of posting Stoic wisdom until discipline becomes cool again. Subscribe to follow the streak. /  / The days aren't all ahead of you — most are already spent. What's one hour of today you'd want back? What would you have done with it? /  / #stoicism #seneca #mementomori #discipline #stoic #selfimprovement #mindset #philosophy #dailystoic #innerpeace /  / --- / 📓 FREE this month only — The Stoic Reset, my 30-day Stoic journal. Grab it before the price goes up: / https://soicism.gumroad.com/l/cslosv",https://youtube.com/shorts/D0GX5G2EK2o,D0GX5G2EK2o,Steffan,cinematic_score,He counted his days like coins.,cold_open+obsidian,story
2026-08-14,ego,Musonius Rufus,The man who values himself for wealth or birth values what is not his own.,"Rule 5: Own nothing you didn't build. /  / Day 71 of posting Stoic wisdom until discipline becomes cool again. Subscribe to follow the streak. /  / Your title, your money, your name — none of it was ever really yours. So build your worth on what is. What have you been leaning on that could vanish tomorrow? /  / #stoicism #ego #musoniusrufus #selfworth #discipline #stoicwisdom #innerstrength #mindset #selfmastery #philosophy /  / --- / 📓 FREE this month only — The Stoic Reset, my 30-day Stoic journal. Grab it before the price goes up: / https://soicism.gumroad.com/l/cslosv",https://youtube.com/shorts/yIgmnlMn8Yo,yIgmnlMn8Yo,Christopher,cinematic_score_d,Rule 5: Own nothing you didn't build.,swell+warm_gold,rule
2026-08-14,control vs acceptance,Epictetus,"Some things are up to us, and some are not.","If you can't fix it tonight—. /  / Day 71 of posting Stoic wisdom until discipline becomes cool again. Subscribe to follow the streak. /  / Half of what keeps us up is stuff we were never in charge of. What's one thing you can genuinely put down tonight? /  / #stoicism #epictetus #control #letgo #discipline #mindset #stoic #innerpeace #selfmastery #acceptance /  / --- / 📓 FREE this month only — The Stoic Reset, my 30-day Stoic journal. Grab it before the price goes up: / https://soicism.gumroad.com/l/cslosv",https://youtube.com/shorts/44ndbnteVQ4,44ndbnteVQ4,Steffan,cinematic_score_f,If you can't fix it tonight—,swell+obsidian,letter
2026-08-15,anger,Marcus Aurelius,The best revenge is not to be like your enemy.,"Don't become it. /  / Day 72 of posting Stoic wisdom until discipline becomes cool again. Subscribe to follow the streak. /  / Getting even usually means becoming what hurt you. Staying decent is the harder, quieter win. Who are you still rehearsing a comeback for? /  / #stoicism #anger #marcusaurelius #selfmastery #meditations #calm #discipline #innerpeace #mensmentalhealth #stoicmindset /  / --- / 📖 I'm giving away The Stoic Reset journal for free — but only for June. 30 days to rebuild your mindset: / https://soicism.gumroad.com/l/cslosv",https://youtube.com/shorts/zDvyxWor3Aw,zDvyxWor3Aw,Christopher,cinematic_score_c,Don't become it.,cold_open+warm_gold,quote
2026-08-15,resilience,Zeno of Citium,"The wise man is like a strong wrestler, not thrown by any blow.","Rule 31: Take the hit and stay standing. /  / Day 72 of posting Stoic wisdom until discipline becomes cool again. Subscribe to follow the streak. /  / Resilience isn't never falling — it's absorbing the blow and staying on your feet. What knocked you down this week, and how'd you stay standing? /  / #stoicism #resilience #discipline #zeno #mentalstrength #stoicmindset #selfimprovement #innerstrength #dailystoic #growthmindset /  / --- / 📖 I'm giving away The Stoic Reset journal for free — but only for June. 30 days to rebuild your mindset: / https://soicism.gumroad.com/l/cslosv",https://youtube.com/shorts/d8POTCrUSuk,d8POTCrUSuk,Steffan,cinematic_score_d,Rule 31: Take the hit and stay standing.,cold_open+obsidian,rule
2026-08-15,fear,Seneca,He robs present ills of their power who has foreseen their coming.,Meet it early. /  / Day 72 of posting Stoic wisdom until discipline becomes cool again. Subscribe to follow the streak. /  / The fear you name in daylight rarely survives it. What are you dreading that you haven't actually looked at yet? /  / #stoicism #seneca #fear #discipline #anxietyrelief #stoicmindset #innerpeace #mentalstrength #calm #selfmastery /  / --- / 📖 I'm giving away The Stoic Reset journal for free — but only for June. 30 days to rebuild your mindset: / https://soicism.gumroad.com/l/cslosv,https://youtube.com/shorts/QdN51yPIys8,QdN51yPIys8,Christopher,cinematic_score_f,Meet it early.,swell+warm_gold,minimal
2026-08-16,duty/justice,Musonius Rufus,To do a wrong to another is to do a wrong to yourself.,Justice starts closer than you think. /  / Day 73 of posting Stoic wisdom until discipline becomes cool again. Subscribe to follow the streak. /  / The wrong you do to others never really leaves your body — it lodges in you first. What small unfairness have you been quietly carrying home? /  / #stoicism #discipline #musoniusrufus #justice #integrity #selfmastery #stoicquotes #mindset #innerpeace #dailystoic /  / --- / 🪨 The Stoic Reset is free right now. A 30-day journal to put quotes like this into daily practice: / https://soicism.gumroad.com/l/cslosv,https://youtube.com/shorts/ZZZAoiailGA,ZZZAoiailGA,Steffan,cinematic_score_g,Justice starts closer than you think,swell+obsidian,quote
2026-08-16,discipline,Epictetus,"No great thing is created suddenly, any more than a bunch of grapes or a fig.",Rule 14: Let it ripen slowly. /  / Day 73 of posting Stoic wisdom until discipline becomes cool again. Subscribe to follow the streak. /  / You're not behind — you're mid-ripening. What's one small rep you can do tonight before bed? /  / #stoicism #discipline #epictetus #selfimprovement #patience #mindset #growthmindset #stoic #dailyhabits #innerstrength /  / --- / 🪨 The Stoic Reset is free right now. A 30-day journal to put quotes like this into daily practice: / https://soicism.gumroad.com/l/cslosv,https://youtube.com/shorts/9xJqvFBwaSQ,9xJqvFBwaSQ,Christopher,cinematic_score_c,Rule 14: Let it ripen slowly.,cold_open+warm_gold,rule
2026-08-16,mortality/memento mori,Marcus Aurelius,Think of yourself as dead. Now live the rest rightly.,Start from zero. /  / Day 73 of posting Stoic wisdom until discipline becomes cool again. Subscribe to follow the streak. /  / You've been saving your real life for a someday that was never promised. What would you do differently if today was already borrowed time? /  / #stoicism #mementomori #marcusaurelius #discipline #stoic #mindset #selfimprovement #meditations #innerpeace #dailystoic /  / --- / 🪨 The Stoic Reset is free right now. A 30-day journal to put quotes like this into daily practice: / https://soicism.gumroad.com/l/cslosv,https://youtube.com/shorts/UehZvwaZWSM,UehZvwaZWSM,Steffan,cinematic_score_f,Start from zero.,cold_open+obsidian,minimal
2026-08-17,ego,Zeno of Citium,"The wise man is free from conceit, and cares nothing for reputation.","Drop the act. /  / Day 74 of posting Stoic wisdom until discipline becomes cool again. Subscribe to follow the streak. /  / So much of the tiredness isn't the work — it's the performance around it. Where are you still trying to be seen instead of just being? What would you drop first? /  / #stoicism #zeno #ego #discipline #selfmastery #innerpeace #stoicwisdom #mindset #letgo #philosophy /  / --- / 📓 FREE this month only — The Stoic Reset, my 30-day Stoic journal. Grab it before the price goes up: / https://soicism.gumroad.com/l/cslosv",https://youtube.com/shorts/VRvQUEOBVSc,VRvQUEOBVSc,Christopher,cinematic_score,Drop the act.,swell+warm_gold,minimal
2026-08-17,control vs acceptance,Seneca,It is a great thing to play the part of one man.,"Stop dragging the world. /  / Day 74 of posting Stoic wisdom until discipline becomes cool again. Subscribe to follow the streak. /  / You can't control the day, only your part in it. What did you waste energy fighting today that was never yours to move? /  / #stoicism #seneca #discipline #control #acceptance #stoicmindset #selfmastery #innerpeace #mensmentalhealth #letitgo /  / --- / 📓 FREE this month only — The Stoic Reset, my 30-day Stoic journal. Grab it before the price goes up: / https://soicism.gumroad.com/l/cslosv",https://youtube.com/shorts/40uJE--rZhg,40uJE--rZhg,Steffan,cinematic_score_d,Stop dragging the world.,swell+obsidian,rule
2026-08-17,anger,Musonius Rufus,To conquer your own anger is greater than to conquer an enemy.,"The harder win. /  / Day 74 of posting Stoic wisdom until discipline becomes cool again. Subscribe to follow the streak. /  / The person who angered you isn't the real opponent — the reaction is. What sets you off quickest? /  / #stoicism #anger #selfcontrol #musoniusrufus #discipline #stoicmindset #innerpeace #mentalstrength #selfmastery #calm /  / --- / 📓 FREE this month only — The Stoic Reset, my 30-day Stoic journal. Grab it before the price goes up: / https://soicism.gumroad.com/l/cslosv",https://youtube.com/shorts/gQgITV9h1WI,gQgITV9h1WI,Christopher,cinematic_score_f,The harder win.,cold_open+warm_gold,minimal
2026-08-18,resilience,Epictetus,Difficulties are the things that show what men are.,This is the test. /  / Day 75 of posting Stoic wisdom until discipline becomes cool again. Subscribe to follow the streak. /  / The hard stretch isn't evidence you're failing — it's where you find out you're not. What difficulty is quietly shaping you right now? /  / #stoicism #epictetus #resilience #mentalstrength #discipline #stoicmindset #innerstrength #selfmastery #hardtimes #growth /  / --- / 📖 I'm giving away The Stoic Reset journal for free — but only for June. 30 days to rebuild your mindset: / https://soicism.gumroad.com/l/cslosv,https://youtube.com/shorts/QHjtbg9mEfs,QHjtbg9mEfs,Steffan,cinematic_score_c,This is the test.,cold_open+obsidian,quote
2026-08-18,fear,Marcus Aurelius,The mind free from passions is a fortress.,"Nothing gets in. /  / Day 75 of posting Stoic wisdom until discipline becomes cool again. Subscribe to follow the streak. /  / Fear knocks, but it can't come in unless you open the door. What are you rehearsing tonight that hasn't happened yet? /  / #stoicism #marcusaurelius #fear #meditations #innerpeace #discipline #mensmentalhealth #calm #selfmastery #mindset /  / --- / 📖 I'm giving away The Stoic Reset journal for free — but only for June. 30 days to rebuild your mindset: / https://soicism.gumroad.com/l/cslosv",https://youtube.com/shorts/bW1gubDlmAg,bW1gubDlmAg,Christopher,cinematic_score_d,Nothing gets in.,swell+warm_gold,minimal
2026-08-18,duty/justice,Zeno of Citium,"The virtues are all bound together, and to have one is to have them all.",Rule 21: Be just where no one checks. /  / Day 75 of posting Stoic wisdom until discipline becomes cool again. Subscribe to follow the streak. /  / Justice done in private isn't a loss — it's the root the rest of your character grows from. When did you last do right with no one watching? /  / #stoicism #discipline #justice #integrity #selfmastery #stoicmindset #zenoofcitium #characterbuilding #dailystoic #innerstrength /  / --- / 📖 I'm giving away The Stoic Reset journal for free — but only for June. 30 days to rebuild your mindset: / https://soicism.gumroad.com/l/cslosv,https://youtube.com/shorts/5F2beQEt2UE,5F2beQEt2UE,Steffan,cinematic_score_f,Rule 21: Be just where no one checks.,swell+obsidian,rule
2026-08-19,discipline,Seneca,"It is not the man who does little, but the man who does it well.",Slow is fine. /  / Day 76 of posting Stoic wisdom until discipline becomes cool again. Subscribe to follow the streak. /  / Volume isn't discipline. Doing one thing fully is. What did you actually finish today instead of half-starting five things? /  / #stoicism #discipline #seneca #focus #selfmastery #deepwork #mindset #stoicwisdom #dailystoic #growth /  / --- / 🪨 The Stoic Reset is free right now. A 30-day journal to put quotes like this into daily practice: / https://soicism.gumroad.com/l/cslosv,https://youtube.com/shorts/vI-qVVXn2SU,vI-qVVXn2SU,Christopher,cinematic_score_g,Slow is fine.,cold_open+warm_gold,minimal
2026-08-19,mortality/memento mori,Musonius Rufus,He who wishes to live long must be willing to grow old.,"Let it age you. /  / Day 76 of posting Stoic wisdom until discipline becomes cool again. Subscribe to follow the streak. /  / You keep asking for more time, then resenting the form it arrives in. What would change if you let yourself age on purpose? /  / #stoicism #mementomori #musoniusrufus #discipline #stoicwisdom #mindset #innerpeace #growth #philosophy #selfmastery /  / --- / 🪨 The Stoic Reset is free right now. A 30-day journal to put quotes like this into daily practice: / https://soicism.gumroad.com/l/cslosv",https://youtube.com/shorts/n17OlR2SgIg,n17OlR2SgIg,Steffan,cinematic_score_c,Let it age you.,cold_open+obsidian,quote
2026-08-19,ego,Epictetus,It is impossible to learn that which one thinks one already knows.,Empty the cup. /  / Day 76 of posting Stoic wisdom until discipline becomes cool again. Subscribe to follow the streak. /  / Ego is the wall between you and everything you could still become. What are you pretending to already understand? Answer honestly. /  / #stoicism #epictetus #ego #humility #selfimprovement #discipline #mindset #stoicwisdom #growth #innerwork /  / --- / 🪨 The Stoic Reset is free right now. A 30-day journal to put quotes like this into daily practice: / https://soicism.gumroad.com/l/cslosv,https://youtube.com/shorts/zwz0ycTJLAA,zwz0ycTJLAA,Christopher,cinematic_score_f,Empty the cup.,swell+warm_gold,minimal
2026-08-20,control vs acceptance,Marcus Aurelius,"Accept the things to which fate binds you, and love the people fate brings you.","Take what comes. Rule 4. /  / Day 77 of posting Stoic wisdom until discipline becomes cool again. Subscribe to follow the streak. /  / Some things are already settled. The only real choice is where you spend what's left of your strength. What are you still fighting that won't move? /  / #stoicism #discipline #marcusaurelius #acceptance #mentalstrength #letgo #selfmastery #stoicmindset #innerpeace #growthmindset /  / --- / 📓 FREE this month only — The Stoic Reset, my 30-day Stoic journal. Grab it before the price goes up: / https://soicism.gumroad.com/l/cslosv",https://youtube.com/shorts/hSUHVWbLrUQ,hSUHVWbLrUQ,Steffan,cinematic_score,Take what comes. Rule 4.,swell+obsidian,rule
2026-08-20,anger,Zeno of Citium,Anger is a passion that seeks revenge for a fancied wrong.,"One breath first. /  / Day 77 of posting Stoic wisdom until discipline becomes cool again. Subscribe to follow the streak. /  / Most anger is revenge for a wrong that's bigger in your head than in the world. What set you off today — was it really as big as it felt? /  / #stoicism #anger #selfcontrol #discipline #zeno #stoic #calm #mindset #innerpeace #selfmastery /  / --- / 📓 FREE this month only — The Stoic Reset, my 30-day Stoic journal. Grab it before the price goes up: / https://soicism.gumroad.com/l/cslosv",https://youtube.com/shorts/RvWp3HWliig,RvWp3HWliig,Christopher,cinematic_score_d,One breath first.,cold_open+warm_gold,minimal
2026-08-20,resilience,Seneca,The living fire feeds on obstacles; each one only makes it burn hotter.,"What burdens you feeds you. /  / Day 77 of posting Stoic wisdom until discipline becomes cool again. Subscribe to follow the streak. /  / The obstacle isn't stopping the fire — it's feeding it. What's the thing testing you right now? /  / #stoicism #resilience #seneca #mentalstrength #stoicwisdom #discipline #innerstrength #selfmastery #growthmindset #philosophy /  / --- / 📓 FREE this month only — The Stoic Reset, my 30-day Stoic journal. Grab it before the price goes up: / https://soicism.gumroad.com/l/cslosv",https://youtube.com/shorts/zEY2lx-HB5s,zEY2lx-HB5s,Steffan,cinematic_score_f,What burdens you feeds you,cold_open+obsidian,quote
2026-08-21,fear,Musonius Rufus,"He who fears is a slave, though he wear a crown.",Fear rules quietly. /  / Day 78 of posting Stoic wisdom until discipline becomes cool again. Subscribe to follow the streak. /  / Fear doesn't announce itself — it just quietly runs the show. What are you afraid of that hasn't happened yet? /  / #stoicism #fear #musoniusrufus #discipline #mindset #innerpeace #selfmastery #stoicwisdom #calm #mentalstrength /  / --- / 📖 I'm giving away The Stoic Reset journal for free — but only for June. 30 days to rebuild your mindset: / https://soicism.gumroad.com/l/cslosv,https://youtube.com/shorts/f5j0svA-SGw,f5j0svA-SGw,Christopher,cinematic_score_c,Fear rules quietly.,swell+warm_gold,minimal
2026-08-21,duty/justice,Epictetus,Do not explain your philosophy. Embody it.,Show it. /  / Day 78 of posting Stoic wisdom until discipline becomes cool again. Subscribe to follow the streak. /  / You never have to defend your character out loud — just act it out where no one's watching. What's one thing you owe someone that you keep putting off? /  / #stoicism #epictetus #discipline #duty #selfmastery #stoicmindset #dailystoic #character #innerstrength #mensmentalhealth /  / --- / 📖 I'm giving away The Stoic Reset journal for free — but only for June. 30 days to rebuild your mindset: / https://soicism.gumroad.com/l/cslosv,https://youtube.com/shorts/qQhblsJlFfQ,qQhblsJlFfQ,Steffan,cinematic_score_d,Show it.,swell+obsidian,minimal
2026-08-21,discipline,Marcus Aurelius,Let each thing you do be done as if it were the last of your labors.,"Just this task. /  / Day 78 of posting Stoic wisdom until discipline becomes cool again. Subscribe to follow the streak. /  / You're not lazy — you're scattered. Give the thing in front of you your whole self, then set it down. What are you leaving unfinished tonight? /  / #stoicism #discipline #marcusaurelius #meditations #focus #selfmastery #dailystoic #mindset #deepwork #stoicwisdom /  / --- / 📖 I'm giving away The Stoic Reset journal for free — but only for June. 30 days to rebuild your mindset: / https://soicism.gumroad.com/l/cslosv",https://youtube.com/shorts/wIRO1fQqtc8,wIRO1fQqtc8,Christopher,cinematic_score_f,Just this task.,cold_open+warm_gold,quote
2026-08-22,mortality/memento mori,Zeno of Citium,"The wise man is content to live his allotted span, and does not cling.",What are you saving for later. /  / Day 79 of posting Stoic wisdom until discipline becomes cool again. Subscribe to follow the streak. /  / You keep postponing the real living for a 'later' nobody promised you. What are you waiting to start? /  / #stoicism #mementomori #discipline #zeno #stoicwisdom #mindset #selfimprovement #liveintentionally #philosophy #dailystoic /  / --- / 🪨 The Stoic Reset — a 30-day journal to put quotes like this into daily practice. Free: / https://soicism.gumroad.com/l/cslosv,https://youtube.com/shorts/CyUzLkphjLc,CyUzLkphjLc,Steffan,cinematic_score_g,What are you saving for later?,ftest:the_question,question
2026-08-22,ego,Seneca,A man too pleased with himself is easily displeased by others.,"Loosen the grip. /  / Day 79 of posting Stoic wisdom until discipline becomes cool again. Subscribe to follow the streak. /  / The thinner your ego, the sharper the world feels. Where did pride cost you your peace today? /  / #stoicism #seneca #ego #humility #discipline #innerpeace #selfmastery #stoicmindset #mensmentalhealth #calm /  / --- / 🪨 The Stoic Reset — a 30-day journal to put quotes like this into daily practice. Free: / https://soicism.gumroad.com/l/cslosv",https://youtube.com/shorts/kr6p2mAgA9g,kr6p2mAgA9g,Christopher,cinematic_score_c,Loosen the grip.,swell+warm_gold,minimal
2026-08-22,control vs acceptance,Musonius Rufus,It is not possible to live well today unless you treat it as your whole life.,Spend today like it's all you get. /  / Day 79 of posting Stoic wisdom until discipline becomes cool again. Subscribe to follow the streak. /  / You keep saving your best for a someday that never arrives — but today is the whole life you actually have. What are you putting off until things settle down? /  / #stoicism #discipline #musoniusrufus #stoic #selfmastery #presentmoment #mensmindset #dailystoic #innerstrength #liveintentionally /  / --- / 🪨 The Stoic Reset — a 30-day journal to put quotes like this into daily practice. Free: / https://soicism.gumroad.com/l/cslosv,https://youtube.com/shorts/fTg4HxBsA5M,fTg4HxBsA5M,Steffan,cinematic_score_f,Spend today like it's all you get.,swell+obsidian,rule
2026-08-23,anger,Epictetus,"If you are ever tempted to give way to anger, be sure it is no easy matter to conquer, but a thing to be won gradually.","Who did you snap at. /  / Day 80 of posting Stoic wisdom until discipline becomes cool again. Subscribe to follow the streak. /  / Anger isn't beaten in a moment — it's unlearned slowly, one held breath at a time. Who did you take it out on that didn't deserve it? /  / #stoicism #epictetus #anger #selfcontrol #discipline #stoic #mindset #innerpeace #selfmastery #dailystoic /  / --- / 📓 The Stoic Reset — my 30-day Stoic journal, free to download: / https://soicism.gumroad.com/l/cslosv",https://youtube.com/shorts/przOgT-iIN4,przOgT-iIN4,Christopher,cinematic_score,Who did you snap at?,ftest:the_question,question
2026-08-23,resilience,Marcus Aurelius,The soul becomes dyed with the color of its thoughts.,"Color your mind. /  / Day 80 of posting Stoic wisdom until discipline becomes cool again. Subscribe to follow the streak. /  / What you rehearse in your head becomes who you are. What thought have you fed most today? /  / #stoicism #marcusaurelius #resilience #discipline #mindset #meditations #innerstrength #stoic #selfmastery #mentalstrength /  / --- / 📓 The Stoic Reset — my 30-day Stoic journal, free to download: / https://soicism.gumroad.com/l/cslosv",https://youtube.com/shorts/2X1IIRY__ug,2X1IIRY__ug,Steffan,cinematic_score_d,Color your mind.,cold_open+obsidian,minimal
2026-08-23,fear,Zeno of Citium,Cowardice is ignorance of what one ought not to fear.,"Half your fears are guesses. /  / Day 80 of posting Stoic wisdom until discipline becomes cool again. Subscribe to follow the streak. /  / Most of what keeps you up hasn't happened and might never. What fear are you carrying tonight that you can't actually name a reason for? /  / #stoicism #zeno #fear #discipline #mindset #stoic #anxietyrelief #selfimprovement #innerpeace #mensmentalhealth /  / --- / 📓 The Stoic Reset — my 30-day Stoic journal, free to download: / https://soicism.gumroad.com/l/cslosv",https://youtube.com/shorts/uJkRXHpJ4As,uJkRXHpJ4As,Christopher,cinematic_score_f,Half your fears are guesses,swell+warm_gold,quote
2026-08-24,duty/justice,Seneca,"Wherever there is a human being, there is a chance for a kindness.",Who needed you today. /  / Day 81 of posting Stoic wisdom until discipline becomes cool again. Subscribe to follow the streak. /  / Justice isn't grand gestures — it's the small kindness you had the chance to give and almost skipped. Who did you overlook today? /  / #stoicism #seneca #discipline #kindness #selfimprovement #stoicmindset #dailystoic #mensmentalhealth #character #philosophy /  / --- / 📖 One quote a day is a start. The Stoic Reset turns it into a 30-day practice — free: / https://soicism.gumroad.com/l/cslosv,https://youtube.com/shorts/EWLZWPQ7Gwg,EWLZWPQ7Gwg,Steffan,cinematic_score_c,Who needed you today?,ftest:the_question,question
2026-08-24,discipline,Musonius Rufus,Habit makes the hard thing easy.,Do it again. /  / Day 81 of posting Stoic wisdom until discipline becomes cool again. Subscribe to follow the streak. /  / The hard thing isn't hard because you're weak — it's hard because it's new. Do it enough times and it stops fighting back. What are you on the edge of quitting again? /  / #stoicism #discipline #musoniusrufus #selfmastery #dailyhabits #mentalstrength #consistency #stoicmindset #selfimprovement #innerstrength /  / --- / 📖 One quote a day is a start. The Stoic Reset turns it into a 30-day practice — free: / https://soicism.gumroad.com/l/cslosv,https://youtube.com/shorts/V3imKZ73nfM,V3imKZ73nfM,Christopher,cinematic_score_d,Do it again.,cold_open+warm_gold,minimal
2026-08-24,mortality/memento mori,Epictetus,"Let death and exile be daily before your eyes, and you will never harbor a mean thought.",Rule 4: Keep death in view. /  / Day 81 of posting Stoic wisdom until discipline becomes cool again. Subscribe to follow the streak. /  / Death kept in view doesn't ruin the day — it stops you throwing it away. What's the one thing you keep saving for a tomorrow that isn't promised? /  / #stoicism #mementomori #epictetus #discipline #stoicquotes #selfimprovement #mindset #stoicmindset #innerstrength #philosophy /  / --- / 📖 One quote a day is a start. The Stoic Reset turns it into a 30-day practice — free: / https://soicism.gumroad.com/l/cslosv,https://youtube.com/shorts/1kvCgUmgtM0,1kvCgUmgtM0,Steffan,cinematic_score_f,Rule 4: Keep death in view.,cold_open+obsidian,rule
2026-08-25,ego,Marcus Aurelius,How much more grievous is the fear of a thing than the loss of your own good opinion of yourself.,Still need to be right. /  / Day 82 of posting Stoic wisdom until discipline becomes cool again. Subscribe to follow the streak. /  / The need to be right is usually the ego wearing a costume. What did you argue about this week that didn't actually matter? /  / #stoicism #ego #marcusaurelius #discipline #selfmastery #stoic #mindset #innerpeace #letgo #meditations /  / --- / 🪨 The Stoic Reset — a 30-day journal to put quotes like this into daily practice. Free: / https://soicism.gumroad.com/l/cslosv,https://youtube.com/shorts/e7jx6OFXAD4,e7jx6OFXAD4,Christopher,cinematic_score_g,Still need to be right?,ftest:the_question,question,PIXABAY
2026-08-25,control vs acceptance,Zeno of Citium,Happiness is a good flow of life.,Stop forcing it. /  / Day 82 of posting Stoic wisdom until discipline becomes cool again. Subscribe to follow the streak. /  / You can't force a good life into place — you can only stop fighting the current. What are you still trying to control that isn't yours? /  / #stoicism #zeno #letgo #acceptance #discipline #stoicmindset #innerpeace #selfmastery #mensmentalhealth #calm /  / --- / 🪨 The Stoic Reset — a 30-day journal to put quotes like this into daily practice. Free: / https://soicism.gumroad.com/l/cslosv,https://youtube.com/shorts/kIjqfJvj3Ps,kIjqfJvj3Ps,Steffan,cinematic_score_c,Stop forcing it.,swell+obsidian,minimal,PIXABAY
2026-08-25,anger,Seneca,The greatest remedy for anger is delay.,Give it a minute. /  / Day 82 of posting Stoic wisdom until discipline becomes cool again. Subscribe to follow the streak. /  / Anger runs on speed. Take the minute back and it loses most of its power. What's the last thing you sent that a single minute would have saved you from? /  / #stoicism #anger #seneca #selfcontrol #discipline #stoic #mindset #emotionalcontrol #innerpeace #calm /  / --- / 🪨 The Stoic Reset — a 30-day journal to put quotes like this into daily practice. Free: / https://soicism.gumroad.com/l/cslosv,https://youtube.com/shorts/Q5NRu0nzkPg,Q5NRu0nzkPg,Christopher,cinematic_score_f,Give it a minute.,cold_open+warm_gold,quote,PIXABAY
2026-08-26,resilience,Musonius Rufus,You will endure hardship best if you have practiced it before it comes.,"What broke you today. /  / Day 83 of posting Stoic wisdom until discipline becomes cool again. Subscribe to follow the streak. /  / The hardship you rehearse loses its power over you. What's one small hard thing you could do on purpose tomorrow? /  / #stoicism #resilience #discipline #musoniusrufus #mentalstrength #selfmastery #stoicmindset #innerstrength #dailystoic #hardtimes /  / --- / 📓 The Stoic Reset — my 30-day Stoic journal, free to download: / https://soicism.gumroad.com/l/cslosv",https://youtube.com/shorts/H-xFLcNuIwU,H-xFLcNuIwU,Steffan,cinematic_score,What broke you today?,ftest:the_question,question,PIXABAY
2026-08-26,fear,Epictetus,"Men are disturbed not by things, but by the terror they attach to them.","The terror is added. /  / Day 83 of posting Stoic wisdom until discipline becomes cool again. Subscribe to follow the streak. /  / The fear isn't in the thing — it's the layer you paint over it. What are you dreading that hasn't actually happened yet? /  / #stoicism #epictetus #fear #anxiety #discipline #mindset #stoicwisdom #innerpeace #selfmastery #calm /  / --- / 📓 The Stoic Reset — my 30-day Stoic journal, free to download: / https://soicism.gumroad.com/l/cslosv",https://youtube.com/shorts/uQVkBsOMYQw,uQVkBsOMYQw,Christopher,cinematic_score_d,The terror is added.,swell+warm_gold,minimal,PIXABAY
2026-08-26,duty/justice,Marcus Aurelius,"Men exist for the sake of one another; teach them then, or bear with them.","Serve without applause. Rule 28. /  / Day 83 of posting Stoic wisdom until discipline becomes cool again. Subscribe to follow the streak. /  / Duty done for applause isn't duty. Do the right thing when no one is keeping score. When was the last time you helped someone with nothing to gain? /  / #stoicism #discipline #marcusaurelius #duty #selfmastery #stoic #innerstrength #mindset #dailystoic #character /  / --- / 📓 The Stoic Reset — my 30-day Stoic journal, free to download: / https://soicism.gumroad.com/l/cslosv",https://youtube.com/shorts/71r-XlkpT3E,71r-XlkpT3E,Steffan,cinematic_score_f,Serve without applause. Rule 28.,swell+obsidian,rule,PIXABAY
2026-08-27,fear,"Serenus, quoted by Seneca",I am neither sick nor well.,"Two thousand years ago a man wrote his friend a letter that just said: I'm not ill, and I'm not well. /  / Text one person: ""I'm not bad, I'm just off."" /  / I am neither sick nor well. / — Serenus, quoted by Seneca, De Tranquillitate Animi I, trans. Aubrey Stewart /  / #stoicism #marcusaurelius #seneca #epictetus /  / --- / 📖 One quote a day is a start. The Stoic Reset turns it into a 30-day practice — free: / https://soicism.gumroad.com/l/cslosv",https://youtube.com/shorts/v2LDh11ZkXw,v2LDh11ZkXw,Christopher,cinematic_score_c,"Two thousand years ago a man wrote his friend a letter that just said: I'm not ill, and I'm not well.",story:serenus_not_ill,truestory,PIXABAY
2026-08-28,resilience,Antoninus Pius,Let him be only a man for once; for neither philosophy nor empire takes away natural feeling.,"Marcus Aurelius broke down crying in public when his teacher died, and the palace staff moved in to stop him. /  / Stop swallowing the thing in your throat. /  / Let him be only a man for once; for neither philosophy nor empire takes away natural feeling. / — Antoninus Pius, Recorded in the Historia Augusta, Life of Antoninus Pius 10.5, trans. David Magie /  / #stoicism #marcusaurelius #seneca #epictetus /  / --- / 🪨 The Stoic Reset — a 30-day journal to put quotes like this into daily practice. Free: / https://soicism.gumroad.com/l/cslosv",https://youtube.com/shorts/O98DTZMTzpU,O98DTZMTzpU,Christopher,cinematic_score_g,"Marcus Aurelius broke down crying in public when his teacher died, and the palace staff moved in to stop him.",story:only_a_man,truestory,PIXABAY
2026-08-29,anger,Epictetus,"Everything has two handles, the one by which it may be borne, the other by which it may not.","Epictetus had one rule for the person you've stopped speaking to. It's about which end you pick it up by. /  / Send four words: ""Been meaning to reply."" /  / Everything has two handles, the one by which it may be borne, the other by which it may not. / — Epictetus, Enchiridion 43, trans. P. E. Matheson /  / #stoicism #marcusaurelius #seneca #epictetus /  / --- / 📓 The Stoic Reset — my 30-day Stoic journal, free to download: / https://soicism.gumroad.com/l/cslosv",https://youtube.com/shorts/ErUvcVFCpbo,ErUvcVFCpbo,Christopher,cinematic_score,Epictetus had one rule for the person you've stopped speaking to. It's about which end you pick it up by.,story:two_handles,truestory,PIXABAY
